pt_part,pt_um,pt_prod_line,pt_part_type
100-024,M,EVS,RM
100-032,M,EVS,RM
100-039,M,EVS,RM
100-047,M,EVS,RM
100-076/T1,M,EVS,RM
100-118,m,EVS,RM
102-011-11,EA,EVS,WIP
102-011-11TRN,EA,EVS,WIP
102-011-13,EA,EVS,WIP
102-011-13TRN,EA,EVS,WIP
102-011-15,EA,EVS,WIP
102-011-15TRN,EA,EVS,WIP
102-011-17,EA,EVS,WIP
102-011-17TRN,EA,EVS,WIP
102-011-19,EA,EVS,WIP
102-011-19TRN,EA,EVS,WIP
102-011-21,EA,EVS,WIP
102-011-21TRN,EA,EVS,WIP
102-011-23,EA,EVS,WIP
102-011-23TRN,EA,EVS,WIP
102-011-25,EA,EVS,WIP
102-011-25TRN,EA,EVS,WIP
102-011-26,EA,EVS,WIP
102-011-26TRN,EA,EVS,WIP
102-011-27,EA,EVS,WIP
102-011-27TRN,EA,EVS,WIP
102-011-28,EA,EVS,WIP
102-011-28TRN,EA,EVS,WIP
102-011-29,EA,EVS,WIP
102-011-29TRN,EA,EVS,WIP
102-011-30,EA,EVS,WIP
102-011-30TRN,EA,EVS,WIP
102-011-31,EA,EVS,WIP
102-011-31TRN,EA,EVS,WIP
102-011-32,EA,EVS,WIP
102-011-32TRN,EA,EVS,WIP
102-011-33,EA,EVS,WIP
102-011-33TRN,EA,EVS,WIP
102-011-34,EA,EVS,WIP
102-011-34TRN,EA,EVS,WIP
102-011-43,EA,EVS,WIP
102-011-43TRN,EA,EVS,WIP
102-011-44,EA,EVS,WIP
102-011-44TRN,EA,EVS,WIP
102-011-45,EA,EVS,WIP
102-011-45TRN,EA,EVS,WIP
102-011-46,EA,EVS,WIP
102-011-46TRN,EA,EVS,WIP
102-011-47,EA,EVS,WIP
102-011-47TRN,EA,EVS,WIP
102-011-48,EA,EVS,WIP
102-011-48TRN,EA,EVS,WIP
102-011-49,EA,EVS,WIP
102-011-49TRN,EA,EVS,WIP
102-011-50,EA,EVS,WIP
102-011-50TRN,EA,EVS,WIP
102-011-51,EA,EVS,WIP
102-011-51TRN,EA,EVS,WIP
102-011-52,EA,EVS,WIP
102-011-52TRN,EA,EVS,WIP
102-011-53,EA,EVS,WIP
102-011-53TRN,EA,EVS,WIP
102-011-54,EA,EVS,WIP
102-011-54TRN,EA,EVS,WIP
102-011-55,EA,EVS,WIP
102-011-55TRN,EA,EVS,WIP
102-011-56,EA,EVS,WIP
102-011-56TRN,EA,EVS,WIP
102-011-57,EA,EVS,WIP
102-011-57TRN,EA,EVS,WIP
102-011-58,EA,EVS,WIP
102-011-58TRN,EA,EVS,WIP
102-011-59,EA,EVS,WIP
102-011-59TRN,EA,EVS,WIP
102-011-60,EA,EVS,WIP
102-011-60TRN,EA,EVS,WIP
102-011-61,EA,EVS,WIP
102-011-61TRN,EA,EVS,WIP
102-011-62,EA,EVS,WIP
102-011-62TRN,EA,EVS,WIP
102-011-63,EA,EVS,WIP
102-011-63TRN,EA,EVS,WIP
102-011-64,EA,EVS,WIP
102-011-64TRN,EA,EVS,WIP
102-011-65,EA,EVS,WIP
102-011-65TRN,EA,EVS,WIP
102-011-66,EA,EVS,WIP
102-011-66TRN,EA,EVS,WIP
102-011-67,EA,EVS,WIP
102-011-67TRN,EA,EVS,WIP
102-011-68,EA,EVS,WIP
102-011-68TRN,EA,EVS,WIP
102-011-69,EA,EVS,WIP
102-011-69TRN,EA,EVS,WIP
102-011-70,EA,EVS,WIP
102-011-70TRN,EA,EVS,WIP
102-011-72,EA,EVS,WIP
102-011-72TRN,EA,EVS,WIP
102-011-73,EA,EVS,WIP
102-011-73TRN,EA,EVS,WIP
102-011-74,EA,EVS,WIP
102-011-74TRN,EA,EVS,WIP
102-011-75,EA,EVS,WIP
102-011-75TRN,EA,EVS,WIP
102-011-76,EA,EVS,WIP
102-011-76TRN,EA,EVS,WIP
102-011-77,EA,EVS,WIP
102-011-77TRN,EA,EVS,WIP
102-011-78,EA,EVS,WIP
102-011-78TRN,EA,EVS,WIP
102-012-02,EA,EVS,RM
102-012-03,EA,EVS,RM
102-012-04,EA,EVS,RM
102-012-05,EA,EVS,RM
102-012-06,EA,EVS,RM
102-012-07,EA,EVS,RM
102-012-08,EA,EVS,RM
102-012-09,EA,EVS,RM
102-012-10,EA,EVS,RM
102-012-11,EA,EVS,RM
102-012-12,EA,EVS,RM
102-013-02,EA,EVS,RM
102-013-03,EA,EVS,RM
102-013-04,EA,EVS,RM
102-013-05,EA,EVS,RM
102-013-06,EA,EVS,RM
102-013-07,EA,EVS,RM
102-013-08,EA,EVS,RM
102-013-09,EA,EVS,RM
102-013-10,EA,EVS,RM
102-013-11,EA,EVS,RM
102-013-12,EA,EVS,RM
102-018-04,EA,EVS,RM
102-100-08,M,EVS,RM
102-100-09,M,EVS,RM
102-100-10,M,EVS,RM
102-100-11,M,EVS,RM
102-100-12,M,EVS,RM
102-100-13,M,EVS,RM
102-100-14,M,EVS,RM
102-100-15,M,EVS,RM
102-100-16,M,EVS,RM
102-100-18,M,EVS,RM
102-100-20,M,EVS,RM
102-100-22,M,EVS,RM
102-100-24,M,EVS,RM
102-100-26,M,EVS,RM
102-100-28,M,EVS,RM
102-100-30,M,EVS,RM
102-100-32,M,EVS,RM
102-101-01,EA,EVS,RM
102-101-02,EA,EVS,RM
102-101-03,EA,EVS,RM
102-101-04,EA,EVS,RM
102-101-05,EA,EVS,RM
102-101-06,EA,EVS,RM
102-101-07,EA,EVS,RM
102-101-08,EA,EVS,RM
102-101-09,EA,EVS,RM
102-101-10,EA,EVS,RM
102-101-11,EA,EVS,RM
102-101-13,EA,EVS,RM
102-101-14,EA,EVS,RM
102-101-15,EA,EVS,RM
102-102-22,M,EVS,RM
102-102-24,M,EVS,RM
102-102-26,M,EVS,RM
102-102-28,M,EVS,RM
102-102-28SRF-A,M,EVS,RM
102-102-30,M,EVS,RM
102-102-30SRF-A,M,EVS,RM
102-102-32,M,EVS,RM
102-102-34,M,EVS,RM
102-102-36,M,EVS,RM
102-102-38,M,EVS,RM
102-102-38SRF,M,EVS,RM
102-102-38SRF-A,M,EVS,RM
208-001/1,M,EVS,RM
208-002/1,M,EVS,RM
208-003/1,M,EVS,RM
208-004/1,M,EVS,RM
208-006/1,M,EVS,RM
208-007/1,M,EVS,RM
208-008/1,M,EVS,RM
208-009/1,M,EVS,RM
208-013,EA,EVS,RM
208-014,EA,EVS,RM
208-019/1,M,EVS,RM
208-020/1,M,EVS,RM
208-028,EA,EVS,RM
208-050,EA,EVS,RM
208-244,EA,EVS,RM
208-282,EA,EVS,RM
28-22-0247-00,PC,EVS,RM
28-22-0247-01,PC,EVS,RM
28-22-0247-02,PC,EVS,RM
28-22-0247-03,PC,EVS,RM
28-22-0247-04,PC,EVS,RM
28-22-0248-00,PC,EVS,RM
28-22-0248-01,PC,EVS,RM
28-22-0248-02,PC,EVS,RM
28-22-0248-03,PC,EVS,RM
28-22-0249-00,PC,EVS,RM
28-22-0249-01,PC,EVS,RM
28-22-0249-02,PC,EVS,RM
28-22-0249-03,PC,EVS,RM
28-22-0250-00,PC,EVS,RM
28-22-0250-01,PC,EVS,RM
28-22-0250-02,PC,EVS,RM
28-22-0250-03,PC,EVS,RM
28-22-0250-04,PC,EVS,RM
28-22-0251-00,PC,EVS,RM
28-22-0251-01,PC,EVS,RM
28-22-0251-02,PC,EVS,RM
28-22-0251-03,PC,EVS,RM
28-22-0252-00,PC,EVS,RM
28-22-0252-01,PC,EVS,RM
28-22-0252-02,PC,EVS,RM
28-22-0252-03,PC,EVS,RM
28-22-0253-00,PC,EVS,RM
28-22-0253-01,PC,EVS,RM
28-22-0253-02,PC,EVS,RM
28-22-0253-03,PC,EVS,RM
28-22-0253-04,PC,EVS,RM
28-22-0254-00,PC,EVS,RM
28-22-0254-01,PC,EVS,RM
28-22-0254-02,PC,EVS,RM
28-22-0254-03,PC,EVS,RM
28-22-0255-00,PC,EVS,RM
28-22-0255-01,PC,EVS,RM
28-22-0255-02,PC,EVS,RM
28-22-0255-03,PC,EVS,RM
28-22-0256-00,PC,EVS,RM
28-22-0256-01,PC,EVS,RM
28-22-0256-02,PC,EVS,RM
28-22-0257-00,PC,EVS,RM
28-22-0257-01,PC,EVS,RM
28-22-0258-00,PC,EVS,RM
28-22-0258-01,PC,EVS,RM
28-22-0258-02,PC,EVS,RM
28-22-0258-03,PC,EVS,RM
28-22-0259-00,PC,EVS,RM
28-22-0259-01,PC,EVS,RM
28-22-0259-02,PC,EVS,RM
28-22-0259-03,PC,EVS,RM
28-22-0259-04,PC,EVS,RM
28-22-0259-05,PC,EVS,RM
28-22-0259-06,PC,EVS,RM
28-22-0259-07,PC,EVS,RM
28-22-0259-08,PC,EVS,RM
28-22-0259-09,PC,EVS,RM
28-22-0259-10,PC,EVS,RM
28-22-0259-11,PC,EVS,RM
28-22-0259-12,PC,EVS,RM
28-22-0263-00,PC,EVS,RM
28-22-0263-01,PC,EVS,RM
28-22-0263-02,PC,EVS,RM
28-22-0263-03,PC,EVS,RM
28-22-0315,PC,EVS,RM
28-22-0557,PC,EVS,RM
28-22-0575-01,PC,EVS,RM
28-22-0575-02,PC,EVS,RM
28-22-0575-03,PC,EVS,RM
28-22-0575-04,PC,EVS,RM
28-22-0575-05,PC,EVS,RM
28-22-0575-06,PC,EVS,RM
28-22-0575-07,PC,EVS,RM
28-22-0575-08,PC,EVS,RM
28-22-0575-09,PC,EVS,RM
28-22-0575-10,PC,EVS,RM
28-22-0575-11,PC,EVS,RM
28-22-0575-12,PC,EVS,RM
28-22-0575-13,PC,EVS,RM
28-22-0579-01,PC,EVS,RM
28-22-0579-02,PC,EVS,RM
28-22-0579-03,PC,EVS,RM
28-22-0579-04,PC,EVS,RM
28-22-0579-05,PC,EVS,RM
28-22-0579-06,PC,EVS,RM
28-22-0579-07,PC,EVS,RM
28-22-0579-08,PC,EVS,RM
28-22-0579-09,PC,EVS,RM
28-22-0579-10,PC,EVS,RM
28-22-0579-11,PC,EVS,RM
28-22-0579-12,PC,EVS,RM
28-22-0579-13,PC,EVS,RM
28-22-0714,PC,EVS,RM
28-22-0843-01,PC,EVS,RM
28-22-0843-02,PC,EVS,RM
28-22-0843-03,PC,EVS,RM
28-22-0843-04,PC,EVS,RM
28-22-0843-05,PC,EVS,RM
28-22-0844-01,PC,EVS,RM
28-22-0844-02,PC,EVS,RM
28-22-0844-03,PC,EVS,RM
28-22-0917,PC,EVS,RM
28-22-0922-02,PC,EVS,RM
28-22-0922-03,PC,EVS,RM
28-22-0922-04,PC,EVS,RM
28-22-0922-05,PC,EVS,RM
28-22-0922-06,PC,EVS,RM
28-22-0922-07,PC,EVS,RM
28-22-0922-08,PC,EVS,RM
28-22-0922-09,PC,EVS,RM
28-22-0922-10,PC,EVS,RM
28-22-0922-11,PC,EVS,RM
28-22-0922-12,PC,EVS,RM
28-22-0922-13,PC,EVS,RM
28-22-0922-14,PC,EVS,RM
28-22-0922-17,PC,EVS,RM
28-22-0922-18,PC,EVS,RM
28-22-0922-19,PC,EVS,RM
28-22-0922-20,PC,EVS,RM
28-22-0922-21,PC,EVS,RM
28-22-0922-22,PC,EVS,RM
28-22-0922-23,PC,EVS,RM
28-22-0922-24,PC,EVS,RM
28-22-0922-25,PC,EVS,RM
28-22-0922-26,PC,EVS,RM
28-22-0922-27,PC,EVS,RM
28-22-0922-28,PC,EVS,RM
28-22-0922-29,PC,EVS,RM
28-22-0922-32,PC,EVS,RM
28-22-0922-33,PC,EVS,RM
28-22-0922-34,PC,EVS,RM
28-22-0922-35,PC,EVS,RM
28-22-0922-36,PC,EVS,RM
28-22-0922-37,PC,EVS,RM
28-22-0922-38,PC,EVS,RM
28-22-0922-39,PC,EVS,RM
28-22-0922-40,PC,EVS,RM
28-22-0922-41,PC,EVS,RM
28-22-0922-42,PC,EVS,RM
28-22-0922-43,PC,EVS,RM
28-22-0922-44,PC,EVS,RM
28-22-0922-47,PC,EVS,RM
28-22-0922-48,PC,EVS,RM
28-22-0922-49,PC,EVS,RM
28-22-0922-50,PC,EVS,RM
28-22-0922-51,PC,EVS,RM
28-22-0922-52,PC,EVS,RM
28-22-0922-53,PC,EVS,RM
28-22-0922-54,PC,EVS,RM
28-22-0922-55,PC,EVS,RM
28-22-0922-56,PC,EVS,RM
28-22-0922-57,PC,EVS,RM
28-22-0922-58,PC,EVS,RM
28-22-0922-59,PC,EVS,RM
28-22-0980,PC,EVS,RM
28-22-0981,PC,EVS,RM
28-22-0982,PC,EVS,RM
28-22-0986,PC,EVS,RM
28-22-0987,PC,EVS,RM
28-22-0988,PC,EVS,RM
28-22-0989,PC,EVS,RM
28-22-0990-01,PC,EVS,RM
28-22-0990-02,PC,EVS,RM
28-22-0990-03,PC,EVS,RM
28-22-0990-04,PC,EVS,RM
28-22-0990-05,PC,EVS,RM
28-22-0991-01,PC,EVS,RM
28-22-0991-02,PC,EVS,RM
28-22-0991-03,PC,EVS,RM
28-22-0992-01,PC,EVS,RM
28-22-0992-02,PC,EVS,RM
28-22-0992-03,PC,EVS,RM
28-22-0992-04,PC,EVS,RM
28-22-0992-05,PC,EVS,RM
28-22-0993-01,PC,EVS,RM
28-22-0993-02,PC,EVS,RM
28-22-0993-03,PC,EVS,RM
28-22-0994-01,PC,EVS,RM
28-22-0994-02,PC,EVS,RM
28-22-0994-03,PC,EVS,RM
28-22-0994-04,PC,EVS,RM
28-22-0995-02,PC,EVS,RM
28-22-0995-03,PC,EVS,RM
28-22-1056,PC,EVS,RM
28-22-1117,PC,EVS,RM
28-22-1118-01,PC,EVS,RM
28-22-1118-02,PC,EVS,RM
28-22-1118-03,PC,EVS,RM
28-22-1118-04,PC,EVS,RM
28-22-1118-05,PC,EVS,RM
28-22-1118-07,PC,EVS,RM
28-22-1118-08,PC,EVS,RM
28-22-1118-09,PC,EVS,RM
28-22-1118-10,PC,EVS,RM
28-22-1118-11,PC,EVS,RM
28-22-1118-12,PC,EVS,RM
28-22-1118-13,PC,EVS,RM
28-22-1118-14,PC,EVS,RM
28-22-1118-15,PC,EVS,RM
28-22-1118-16,PC,EVS,RM
28-22-1118-17,PC,EVS,RM
28-22-1118-18,PC,EVS,RM
28-22-1118-19,PC,EVS,RM
28-22-1118-20,PC,EVS,RM
28-22-1118-21,PC,EVS,RM
28-22-1118-22,PC,EVS,RM
28-22-1118-23,PC,EVS,RM
28-22-1118-24,PC,EVS,RM
28-22-1118-25,PC,EVS,RM
28-22-1118-26,PC,EVS,RM
28-22-1118-27,PC,EVS,RM
28-22-1118-28,PC,EVS,RM
28-22-1118-29,PC,EVS,RM
28-22-1118-30,PC,EVS,RM
28-22-1118-31,PC,EVS,RM
28-22-1118-32,PC,EVS,RM
28-22-1118-33,PC,EVS,RM
28-22-1118-34,PC,EVS,RM
28-22-1118-35,PC,EVS,RM
28-22-1118-36,PC,EVS,RM
28-22-1118-37,PC,EVS,RM
28-22-1118-38,PC,EVS,RM
28-22-1118-39,PC,EVS,RM
28-22-1118-40,PC,EVS,RM
28-22-1118-41,PC,EVS,RM
28-22-1118-42,PC,EVS,RM
28-22-1118-43,PC,EVS,RM
28-22-1143-01,PC,EVS,RM
28-22-1143-02,PC,EVS,RM
28-22-1143-03,PC,EVS,RM
28-22-1143-04,PC,EVS,RM
28-22-1143-05,PC,EVS,RM
28-22-1143-06,PC,EVS,RM
28-22-1143-07,PC,EVS,RM
28-22-1143-08,PC,EVS,RM
28-22-1144-01,PC,EVS,RM
28-22-1144-02,PC,EVS,RM
28-22-1144-03,PC,EVS,RM
28-22-1144-04,PC,EVS,RM
28-22-1144-05,PC,EVS,RM
28-22-1144-06,PC,EVS,RM
28-22-1144-07,PC,EVS,RM
28-22-1145-01,PC,EVS,RM
28-22-1145-02,PC,EVS,RM
28-22-1145-03,PC,EVS,RM
28-22-1145-04,PC,EVS,RM
28-22-1145-05,PC,EVS,RM
28-22-1145-06,PC,EVS,RM
28-22-1145-07,PC,EVS,RM
28-22-1145-08,PC,EVS,RM
28-22-1685-01,PC,EVS,RM
28-22-1685-02,PC,EVS,RM
28-22-1685-03,PC,EVS,RM
28-22-1685-04,PC,EVS,RM
28-22-1685-05,PC,EVS,RM
28-22-1686-01,PC,EVS,RM
28-22-1686-02,PC,EVS,RM
28-22-1686-03,PC,EVS,RM
28-22-1686-04,PC,EVS,RM
28-22-1687-01,PC,EVS,RM
28-22-1687-02,PC,EVS,RM
28-22-1687-03,PC,EVS,RM
28-22-1687-04,PC,EVS,RM
28-22-1688-01,PC,EVS,RM
28-22-1688-02,PC,EVS,RM
28-22-1688-03,PC,EVS,RM
28-22-1688-04,PC,EVS,RM
28-22-1688-05,PC,EVS,RM
28-22-1689-01,PC,EVS,RM
28-22-1689-02,PC,EVS,RM
28-22-1689-03,PC,EVS,RM
28-22-1689-04,PC,EVS,RM
28-22-1690-01,PC,EVS,RM
28-22-1690-02,PC,EVS,RM
28-22-1690-03,PC,EVS,RM
28-22-1690-04,PC,EVS,RM
28-22-1691-01,PC,EVS,RM
28-22-1691-02,PC,EVS,RM
28-22-1691-03,PC,EVS,RM
28-22-1691-04,PC,EVS,RM
28-22-1691-05,PC,EVS,RM
28-22-1692-01,PC,EVS,RM
28-22-1692-02,PC,EVS,RM
28-22-1692-03,PC,EVS,RM
28-22-1692-04,PC,EVS,RM
28-22-1693-01,PC,EVS,RM
28-22-1693-02,PC,EVS,RM
28-22-1693-03,PC,EVS,RM
28-22-1693-04,PC,EVS,RM
28-22-1694-01,PC,EVS,RM
28-22-1694-02,PC,EVS,RM
28-22-1694-03,PC,EVS,RM
28-22-1695-01,PC,EVS,RM
28-22-1695-02,PC,EVS,RM
28-22-1696-01,PC,EVS,RM
28-22-1696-02,PC,EVS,RM
28-22-1696-03,PC,EVS,RM
28-22-1696-04,PC,EVS,RM
28-22-1697-01,PC,EVS,RM
28-22-1697-02,PC,EVS,RM
28-22-1697-03,PC,EVS,RM
28-22-1697-04,PC,EVS,RM
28-22-1698-01,PC,EVS,RM
28-22-1698-02,PC,EVS,RM
28-22-1698-03,PC,EVS,RM
28-22-1698-04,PC,EVS,RM
28-22-1698-05,PC,EVS,RM
28-22-1698-06,PC,EVS,RM
28-22-1698-07,PC,EVS,RM
28-22-1698-08,PC,EVS,RM
28-22-1698-09,PC,EVS,RM
28-22-1698-10,PC,EVS,RM
28-22-1698-11,PC,EVS,RM
28-22-1698-12,PC,EVS,RM
28-22-1698-13,PC,EVS,RM
28-22-1699-01,PC,EVS,RM
28-22-1699-02,PC,EVS,RM
28-22-1699-03,PC,EVS,RM
28-22-1699-04,PC,EVS,RM
28-22-1699-05,PC,EVS,RM
28-22-1699-06,PC,EVS,RM
28-22-1699-07,PC,EVS,RM
28-22-1699-08,PC,EVS,RM
28-22-1699-09,PC,EVS,RM
28-22-1699-10,PC,EVS,RM
28-22-1699-11,PC,EVS,RM
28-22-1699-12,PC,EVS,RM
28-22-1699-13,PC,EVS,RM
28-22-1700-01,PC,EVS,RM
28-22-1700-02,PC,EVS,RM
28-22-1700-03,PC,EVS,RM
28-22-1700-04,PC,EVS,RM
28-22-1700-05,PC,EVS,RM
28-22-1700-06,PC,EVS,RM
28-22-1700-07,PC,EVS,RM
28-22-1700-08,PC,EVS,RM
28-22-1700-09,PC,EVS,RM
28-22-1700-10,PC,EVS,RM
28-22-1700-11,PC,EVS,RM
28-22-1700-12,PC,EVS,RM
28-22-1700-13,PC,EVS,RM
28-22-1719-01,PC,EVS,RM
28-22-1719-02,PC,EVS,RM
28-22-1719-03,PC,EVS,RM
28-22-1719-04,PC,EVS,RM
28-22-1719-05,PC,EVS,RM
28-22-1719-07,PC,EVS,RM
28-22-1719-08,PC,EVS,RM
28-22-1719-09,PC,EVS,RM
28-22-1719-10,PC,EVS,RM
28-22-1719-11,PC,EVS,RM
28-22-1719-12,PC,EVS,RM
28-22-1719-13,PC,EVS,RM
28-22-1719-14,PC,EVS,RM
28-22-1719-15,PC,EVS,RM
28-22-1719-16,PC,EVS,RM
28-22-1719-17,PC,EVS,RM
28-22-1719-18,PC,EVS,RM
28-22-1719-19,PC,EVS,RM
28-22-1719-20,PC,EVS,RM
28-22-1719-21,PC,EVS,RM
28-22-1719-22,PC,EVS,RM
28-22-1719-23,PC,EVS,RM
28-22-1719-24,PC,EVS,RM
28-22-1719-25,PC,EVS,RM
28-22-1719-26,PC,EVS,RM
28-22-1719-27,PC,EVS,RM
28-22-1719-28,PC,EVS,RM
28-22-1719-29,PC,EVS,RM
28-22-1719-30,PC,EVS,RM
28-22-1719-31,PC,EVS,RM
28-22-1719-32,PC,EVS,RM
28-22-1719-33,PC,EVS,RM
28-22-1719-34,PC,EVS,RM
28-22-1719-35,PC,EVS,RM
28-22-1719-36,PC,EVS,RM
28-22-1719-37,PC,EVS,RM
28-22-1719-38,PC,EVS,RM
28-22-1719-39,PC,EVS,RM
28-22-1719-40,PC,EVS,RM
28-22-1719-41,PC,EVS,RM
28-22-1719-42,PC,EVS,RM
28-22-1719-43,PC,EVS,RM
28-33-0650-01,EA,EVS,HFG
28-33-0650-02,EA,EVS,HFG
28-33-0650-03,EA,EVS,HFG
28-33-0651-01,EA,EVS,HFG
28-33-0651-02,EA,EVS,HFG
28-33-0651-03,EA,EVS,HFG
28-33-0651-04,EA,EVS,HFG
28-33-0651-05,EA,EVS,HFG
28-33-0651-06,EA,EVS,HFG
28-33-0651-07,EA,EVS,HFG
28-33-0651-08,EA,EVS,HFG
28-33-0651-09,EA,EVS,HFG
28-33-0651-10,EA,EVS,HFG
28-33-0651-11,EA,EVS,HFG
28-33-0651-12,EA,EVS,HFG
28-33-0651-13,EA,EVS,HFG
28-33-0651-14,EA,EVS,HFG
28-33-0651-15,EA,EVS,HFG
28-33-0651-16,EA,EVS,HFG
28-33-0651-17,EA,EVS,HFG
28-33-0651-18,EA,EVS,HFG
28-33-0651-19,EA,EVS,HFG
28-33-0651-20,EA,EVS,HFG
28-33-0651-21,EA,EVS,HFG
28-33-0651-22,EA,EVS,HFG
28-33-0651-23,EA,EVS,HFG
28-33-0651-24,EA,EVS,HFG
28-33-0651-25,EA,EVS,HFG
28-33-0651-26,EA,EVS,HFG
28-33-0651-27,EA,EVS,HFG
28-33-0651-28,EA,EVS,HFG
28-33-0651-29,EA,EVS,HFG
28-33-0651-30,EA,EVS,HFG
28-33-0651-31,EA,EVS,HFG
28-33-0651-32,EA,EVS,HFG
28-33-0651-33,EA,EVS,HFG
28-33-0651-34,EA,EVS,HFG
28-33-0651-35,EA,EVS,HFG
28-33-0652-01,EA,EVS,HFG
28-33-0652-02,EA,EVS,HFG
28-33-0652-03,EA,EVS,HFG
28-33-0652-04,EA,EVS,HFG
28-33-0652-05,EA,EVS,HFG
28-33-0652-06,EA,EVS,HFG
28-33-0652-07,EA,EVS,HFG
28-33-0652-08,EA,EVS,HFG
28-33-0652-09,EA,EVS,HFG
28-33-0652-10,EA,EVS,HFG
28-33-0652-11,EA,EVS,HFG
28-33-0652-12,EA,EVS,HFG
28-33-0652-13,EA,EVS,HFG
28-33-0652-14,EA,EVS,HFG
28-33-0652-15,EA,EVS,HFG
28-33-0652-16,EA,EVS,HFG
28-33-0652-17,EA,EVS,HFG
28-33-0652-18,EA,EVS,HFG
28-33-0652-19,EA,EVS,HFG
28-33-0652-20,EA,EVS,HFG
28-33-0652-21,EA,EVS,HFG
28-33-0652-22,EA,EVS,HFG
28-33-0652-23,EA,EVS,HFG
28-33-0652-24,EA,EVS,HFG
28-33-0653-01,EA,EVS,HFG
28-33-0653-02,EA,EVS,HFG
28-33-0653-03,EA,EVS,HFG
28-33-0653-04,EA,EVS,HFG
28-33-0653-05,EA,EVS,HFG
28-33-0653-06,EA,EVS,HFG
28-33-0653-07,EA,EVS,HFG
28-33-0653-08,EA,EVS,HFG
28-33-0653-09,EA,EVS,HFG
28-33-0653-10,EA,EVS,HFG
28-33-0653-11,EA,EVS,HFG
28-33-0653-12,EA,EVS,HFG
28-33-0653-13,EA,EVS,HFG
28-33-0653-14,EA,EVS,HFG
28-33-0653-15,EA,EVS,HFG
28-33-0653-16,EA,EVS,HFG
28-33-0653-17,EA,EVS,HFG
28-33-0653-18,EA,EVS,HFG
28-33-0653-19,EA,EVS,HFG
28-33-0653-20,EA,EVS,HFG
28-33-0653-21,EA,EVS,HFG
28-33-0653-22,EA,EVS,HFG
28-33-0653-23,EA,EVS,HFG
28-33-0653-24,EA,EVS,HFG
28-33-0822-01,EA,EVS,HFG
28-33-0822-02,EA,EVS,HFG
28-33-0822-03,EA,EVS,HFG
28-33-0822-04,EA,EVS,HFG
28-33-0822-05,EA,EVS,HFG
28-33-0822-06,EA,EVS,HFG
28-33-0822-07,EA,EVS,HFG
28-33-0822-08,EA,EVS,HFG
28-33-0822-09,EA,EVS,HFG
28-33-0822-10,EA,EVS,HFG
28-33-0822-11,EA,EVS,HFG
28-33-0822-12,EA,EVS,HFG
28-33-0822-13,EA,EVS,HFG
28-33-0822-14,EA,EVS,HFG
28-33-0822-15,EA,EVS,HFG
28-33-0822-16,EA,EVS,HFG
28-33-0822-17,EA,EVS,HFG
28-33-0822-18,EA,EVS,HFG
28-33-0822-19,EA,EVS,HFG
28-33-0822-20,EA,EVS,HFG
28-33-0822-21,EA,EVS,HFG
28-33-0822-22,EA,EVS,HFG
28-33-0822-23,EA,EVS,HFG
28-33-0822-24,EA,EVS,HFG
28-33-0822-25,EA,EVS,HFG
28-33-0822-26,EA,EVS,HFG
28-33-0822-27,EA,EVS,HFG
28-33-0822-28,EA,EVS,HFG
28-33-0822-29,EA,EVS,HFG
28-33-0822-30,EA,EVS,HFG
28-33-0822-31,EA,EVS,HFG
28-33-0822-32,EA,EVS,HFG
28-33-0822-33,EA,EVS,HFG
28-33-0822-34,EA,EVS,HFG
28-33-0822-35,EA,EVS,HFG
28-33-0822-36,EA,EVS,HFG
28-33-0822-37,EA,EVS,HFG
28-33-0822-38,EA,EVS,HFG
28-33-0822-39,EA,EVS,HFG
28-33-0822-40,EA,EVS,HFG
28-33-0822-41,EA,EVS,HFG
28-33-0822-42,EA,EVS,HFG
28-33-0822-43,EA,EVS,HFG
28-33-0822-44,EA,EVS,HFG
28-33-0822-45,EA,EVS,HFG
28-33-0822-46,EA,EVS,HFG
28-33-0822-47,EA,EVS,HFG
28-33-0822-48,EA,EVS,HFG
28-33-0822-49,EA,EVS,HFG
28-33-0822-50,EA,EVS,HFG
28-33-0822-51,EA,EVS,HFG
28-33-0822-52,EA,EVS,HFG
28-33-0822-53,EA,EVS,HFG
28-33-0822-54,EA,EVS,HFG
28-33-0822-55,EA,EVS,HFG
28-33-0822-56,EA,EVS,HFG
28-33-0822-57,EA,EVS,HFG
28-33-0822-58,EA,EVS,HFG
28-33-0822-59,EA,EVS,HFG
28-33-0822-60,EA,EVS,HFG
28-33-0822-61,EA,EVS,HFG
28-33-0822-62,EA,EVS,HFG
28-33-0822-63,EA,EVS,HFG
28-33-0822-64,EA,EVS,HFG
28-33-0822-65,EA,EVS,HFG
28-33-0822-66,EA,EVS,HFG
28-33-0822-67,EA,EVS,HFG
28-33-0822-68,EA,EVS,HFG
28-33-0822-69,EA,EVS,HFG
28-33-0822-70,EA,EVS,HFG
28-33-0822-71,EA,EVS,HFG
28-33-0822-72,EA,EVS,HFG
28-33-0822-73,EA,EVS,HFG
28-33-0822-74,EA,EVS,HFG
28-33-0822-75,EA,EVS,HFG
28-33-0822-76,EA,EVS,HFG
28-33-0822-77,EA,EVS,HFG
28-33-0822-78,EA,EVS,HFG
28-33-0822-79,EA,EVS,HFG
28-33-0822-80,EA,EVS,HFG
28-33-0822-81,EA,EVS,HFG
28-33-0822-82,EA,EVS,HFG
28-33-0823-01,EA,EVS,HFG
28-33-0823-02,EA,EVS,HFG
28-33-0823-03,EA,EVS,HFG
28-33-0823-04,EA,EVS,HFG
28-33-0823-05,EA,EVS,HFG
28-33-0823-06,EA,EVS,HFG
28-33-0823-07,EA,EVS,HFG
28-33-0823-08,EA,EVS,HFG
28-33-0823-09,EA,EVS,HFG
28-33-0823-10,EA,EVS,HFG
28-33-0823-11,EA,EVS,HFG
28-33-0823-12,EA,EVS,HFG
28-33-0823-13,EA,EVS,HFG
28-33-0823-14,EA,EVS,HFG
28-33-0823-15,EA,EVS,HFG
28-33-0823-16,EA,EVS,HFG
28-33-0823-17,EA,EVS,HFG
28-33-0823-18,EA,EVS,HFG
28-33-0823-19,EA,EVS,HFG
28-33-0823-20,EA,EVS,HFG
28-33-0823-21,EA,EVS,HFG
28-33-0823-22,EA,EVS,HFG
28-33-0823-23,EA,EVS,HFG
28-33-0823-24,EA,EVS,HFG
28-33-0823-25,EA,EVS,HFG
28-33-0823-26,EA,EVS,HFG
28-33-0823-27,EA,EVS,HFG
28-33-0823-28,EA,EVS,HFG
28-33-0823-29,EA,EVS,HFG
28-33-0823-30,EA,EVS,HFG
28-33-0823-31,EA,EVS,HFG
28-33-0823-32,EA,EVS,HFG
28-33-0823-33,EA,EVS,HFG
28-33-0823-34,EA,EVS,HFG
28-33-0823-35,EA,EVS,HFG
28-33-0823-36,EA,EVS,HFG
28-33-0823-37,EA,EVS,HFG
28-33-0823-38,EA,EVS,HFG
28-33-0823-39,EA,EVS,HFG
28-33-0823-40,EA,EVS,HFG
28-33-0823-41,EA,EVS,HFG
28-33-0823-42,EA,EVS,HFG
28-33-0823-43,EA,EVS,HFG
28-33-0823-44,EA,EVS,HFG
28-33-0823-45,EA,EVS,HFG
28-33-0823-46,EA,EVS,HFG
28-33-0823-47,EA,EVS,HFG
28-33-0823-48,EA,EVS,HFG
28-33-0823-49,EA,EVS,HFG
28-33-0823-50,EA,EVS,HFG
28-33-0823-51,EA,EVS,HFG
28-33-0823-52,EA,EVS,HFG
28-33-0823-53,EA,EVS,HFG
28-33-0823-54,EA,EVS,HFG
28-33-0823-55,EA,EVS,HFG
28-33-0823-56,EA,EVS,HFG
28-33-0823-57,EA,EVS,HFG
28-33-0823-58,EA,EVS,HFG
28-33-0823-59,EA,EVS,HFG
28-33-0823-60,EA,EVS,HFG
28-33-0823-61,EA,EVS,HFG
28-33-0823-62,EA,EVS,HFG
28-33-0823-63,EA,EVS,HFG
28-33-0823-64,EA,EVS,HFG
28-33-0823-65,EA,EVS,HFG
28-33-0823-66,EA,EVS,HFG
28-33-0823-67,EA,EVS,HFG
28-33-0823-68,EA,EVS,HFG
28-33-0823-69,EA,EVS,HFG
28-33-0823-70,EA,EVS,HFG
28-33-0823-71,EA,EVS,HFG
28-33-0823-72,EA,EVS,HFG
28-33-0823-73,EA,EVS,HFG
28-33-0823-74,EA,EVS,HFG
28-33-0823-75,EA,EVS,HFG
28-33-0823-76,EA,EVS,HFG
28-33-0823-77,EA,EVS,HFG
28-33-0823-78,EA,EVS,HFG
28-33-0823-79,EA,EVS,HFG
28-33-0823-80,EA,EVS,HFG
28-33-0823-81,EA,EVS,HFG
28-33-0823-82,EA,EVS,HFG
28-33-0832-01,EA,EVS,HFG
28-33-0832-02,EA,EVS,HFG
28-33-0832-03,EA,EVS,HFG
28-33-0832-04,EA,EVS,HFG
28-33-0832-05,EA,EVS,HFG
28-33-0832-06,EA,EVS,HFG
28-33-0832-07,EA,EVS,HFG
28-33-0832-08,EA,EVS,HFG
28-33-0832-09,EA,EVS,HFG
28-33-0832-10,EA,EVS,HFG
28-33-0832-11,EA,EVS,HFG
28-33-0832-12,EA,EVS,HFG
28-33-0832-13,EA,EVS,HFG
28-33-0832-14,EA,EVS,HFG
28-33-0832-15,EA,EVS,HFG
28-33-0832-16,EA,EVS,HFG
28-33-0832-17,EA,EVS,HFG
28-33-0832-18,EA,EVS,HFG
28-33-0832-19,EA,EVS,HFG
28-33-0832-20,EA,EVS,HFG
28-33-0832-21,EA,EVS,HFG
28-33-0832-22,EA,EVS,HFG
28-33-0832-23,EA,EVS,HFG
28-33-0832-24,EA,EVS,HFG
28-33-0832-25,EA,EVS,HFG
28-33-0832-26,EA,EVS,HFG
28-33-0832-27,EA,EVS,HFG
28-33-0832-28,EA,EVS,HFG
28-33-0832-29,EA,EVS,HFG
28-33-0832-30,EA,EVS,HFG
28-33-0832-31,EA,EVS,HFG
28-33-0832-32,EA,EVS,HFG
28-33-0832-33,EA,EVS,HFG
28-33-0832-34,EA,EVS,HFG
28-33-0832-35,EA,EVS,HFG
28-33-0832-36,EA,EVS,HFG
28-33-0832-37,EA,EVS,HFG
28-33-0832-38,EA,EVS,HFG
28-33-0832-39,EA,EVS,HFG
28-33-0832-40,EA,EVS,HFG
28-33-0832-41,EA,EVS,HFG
28-33-0832-42,EA,EVS,HFG
28-33-0832-43,EA,EVS,HFG
28-33-0832-44,EA,EVS,HFG
28-33-0832-45,EA,EVS,HFG
28-33-0832-46,EA,EVS,HFG
28-33-0832-47,EA,EVS,HFG
28-33-0832-48,EA,EVS,HFG
28-33-0832-49,EA,EVS,HFG
28-33-0832-50,EA,EVS,HFG
28-33-0832-51,EA,EVS,HFG
28-33-0832-52,EA,EVS,HFG
28-33-0832-53,EA,EVS,HFG
28-33-0832-54,EA,EVS,HFG
28-33-0832-55,EA,EVS,HFG
28-33-0832-56,EA,EVS,HFG
28-33-0832-57,EA,EVS,HFG
28-33-0832-58,EA,EVS,HFG
28-33-0832-59,EA,EVS,HFG
28-33-0832-60,EA,EVS,HFG
28-33-0832-61,EA,EVS,HFG
28-33-0832-62,EA,EVS,HFG
28-33-0832-63,EA,EVS,HFG
28-33-0832-64,EA,EVS,HFG
28-33-0832-65,EA,EVS,HFG
28-33-0832-66,EA,EVS,HFG
28-33-0832-67,EA,EVS,HFG
28-33-0832-68,EA,EVS,HFG
28-33-0832-69,EA,EVS,HFG
28-33-0832-70,EA,EVS,HFG
28-33-0832-71,EA,EVS,HFG
28-33-0832-72,EA,EVS,HFG
28-33-0832-73,EA,EVS,HFG
28-33-0832-74,EA,EVS,HFG
28-33-0832-75,EA,EVS,HFG
28-33-0832-76,EA,EVS,HFG
28-33-0832-77,EA,EVS,HFG
28-33-0832-78,EA,EVS,HFG
28-33-0832-79,EA,EVS,HFG
28-33-0832-80,EA,EVS,HFG
28-33-0832-81,EA,EVS,HFG
28-33-0832-82,EA,EVS,HFG
28-33-0833-01,EA,EVS,HFG
28-33-0833-02,EA,EVS,HFG
28-33-0833-03,EA,EVS,HFG
28-33-0833-04,EA,EVS,HFG
28-33-0833-05,EA,EVS,HFG
28-33-0833-06,EA,EVS,HFG
28-33-0833-07,EA,EVS,HFG
28-33-0833-08,EA,EVS,HFG
28-33-0833-09,EA,EVS,HFG
28-33-0833-10,EA,EVS,HFG
28-33-0833-11,EA,EVS,HFG
28-33-0833-12,EA,EVS,HFG
28-33-0833-13,EA,EVS,HFG
28-33-0833-14,EA,EVS,HFG
28-33-0833-15,EA,EVS,HFG
28-33-0833-16,EA,EVS,HFG
28-33-0833-17,EA,EVS,HFG
28-33-0833-18,EA,EVS,HFG
28-33-0833-19,EA,EVS,HFG
28-33-0833-20,EA,EVS,HFG
28-33-0833-21,EA,EVS,HFG
28-33-0833-22,EA,EVS,HFG
28-33-0833-23,EA,EVS,HFG
28-33-0833-24,EA,EVS,HFG
28-33-0833-25,EA,EVS,HFG
28-33-0833-26,EA,EVS,HFG
28-33-0833-27,EA,EVS,HFG
28-33-0833-28,EA,EVS,HFG
28-33-0833-29,EA,EVS,HFG
28-33-0833-30,EA,EVS,HFG
28-33-0833-31,EA,EVS,HFG
28-33-0833-32,EA,EVS,HFG
28-33-0833-33,EA,EVS,HFG
28-33-0833-34,EA,EVS,HFG
28-33-0833-35,EA,EVS,HFG
28-33-0833-36,EA,EVS,HFG
28-33-0833-37,EA,EVS,HFG
28-33-0833-38,EA,EVS,HFG
28-33-0833-39,EA,EVS,HFG
28-33-0833-40,EA,EVS,HFG
28-33-0833-41,EA,EVS,HFG
28-33-0833-42,EA,EVS,HFG
28-33-0833-43,EA,EVS,HFG
28-33-0833-44,EA,EVS,HFG
28-33-0833-45,EA,EVS,HFG
28-33-0833-46,EA,EVS,HFG
28-33-0833-47,EA,EVS,HFG
28-33-0833-48,EA,EVS,HFG
28-33-0833-49,EA,EVS,HFG
28-33-0833-50,EA,EVS,HFG
28-33-0833-51,EA,EVS,HFG
28-33-0833-52,EA,EVS,HFG
28-33-0833-53,EA,EVS,HFG
28-33-0833-54,EA,EVS,HFG
28-33-0833-55,EA,EVS,HFG
28-33-0833-56,EA,EVS,HFG
28-33-0833-57,EA,EVS,HFG
28-33-0833-58,EA,EVS,HFG
28-33-0833-59,EA,EVS,HFG
28-33-0833-60,EA,EVS,HFG
28-33-0833-61,EA,EVS,HFG
28-33-0833-62,EA,EVS,HFG
28-33-0833-63,EA,EVS,HFG
28-33-0833-64,EA,EVS,HFG
28-33-0833-65,EA,EVS,HFG
28-33-0833-66,EA,EVS,HFG
28-33-0833-67,EA,EVS,HFG
28-33-0833-68,EA,EVS,HFG
28-33-0833-69,EA,EVS,HFG
28-33-0833-70,EA,EVS,HFG
28-33-0833-71,EA,EVS,HFG
28-33-0833-72,EA,EVS,HFG
28-33-0833-73,EA,EVS,HFG
28-33-0833-74,EA,EVS,HFG
28-33-0833-75,EA,EVS,HFG
28-33-0833-76,EA,EVS,HFG
28-33-0833-77,EA,EVS,HFG
28-33-0833-78,EA,EVS,HFG
28-33-0833-79,EA,EVS,HFG
28-33-0833-80,EA,EVS,HFG
28-33-0833-81,EA,EVS,HFG
28-33-0833-82,EA,EVS,HFG
AEC19DEVICE,EA,EVS,HFG
AEC21DEVICE,EA,EVS,HFG
AEC23DEVICE,EA,EVS,HFG
AEC23TRNDEVICE,EA,EVS,HFG
AEC25DEVICE,EA,EVS,HFG
AEC25TRNDEVICE,EA,EVS,HFG
AEC28DEVICE,EA,EVS,HFG
AEC28TRNDEVICE,EA,EVS,HFG
AEC30DEVICE,EA,EVS,HFG
AEC32DEVICE,EA,EVS,HFG
AEC34DEVICE,EA,EVS,HFG
AEC34TRNDEVICE,EA,EVS,HFG
AS70H5JA001,PC,RFC,WIP
AS70H5JA001L,PC,RFC,WIP
AS70H6JA000,PC,RFC,WIP
AS70H6JA000L,PC,RFC,WIP
AS70H6JA001,PC,RFC,WIP
AS70H6JA001L,PC,RFC,WIP
AS70H6P5106,PC,RFC,WIP
AS70H6P5106L,PC,RFC,WIP
AS70H6PB116,PC,RFC,WIP
AS70H6PB116L,PC,RFC,WIP
B19DEVICE,EA,EVS,HFG
B21DEVICE,EA,EVS,HFG
B21TRNDEVICE,EA,EVS,HFG
B23DEVICE,EA,EVS,HFG
B23TRNDEVICE,EA,EVS,HFG
B25DEVICE,EA,EVS,HFG
B25TRNDEVICE,EA,EVS,HFG
B28DEVICE,EA,EVS,HFG
B28TRNDEVICE,EA,EVS,HFG
B30DEVICE,EA,EVS,HFG
B30TRNDEVICE,EA,EVS,HFG
B32DEVICE,EA,EVS,HFG
B32TRNDEVICE,EA,EVS,HFG
B34DEVICE,EA,EVS,HFG
B34TRNDEVICE,EA,EVS,HFG
CRS25C40A07W,PC,IK,WIP
CRS25C40A10W,PC,IK,WIP
CRS25C40D07W,PC,IK,WIP
CRS25C40D10W,PC,IK,WIP
CRS25C40G07W,PC,IK,WIP
CRS25C40G10W,PC,IK,WIP
CRS25C40G16W,PC,IK,WIP
CRS25C40K07W,PC,IK,WIP
CRS25C40K10W,PC,IK,WIP
CRS25C40K25W,PC,IK,WIP
CRS25C60A07W,PC,IK,WIP
CRS25C60A10W,PC,IK,WIP
CRS25C60D07W,PC,IK,WIP
CRS25C60D10W,PC,IK,WIP
CRS25C60D16W,PC,IK,WIP
CRS25C60D25W,PC,IK,WIP
CRS25C60G07W,PC,IK,WIP
CRS25C60G10W,PC,IK,WIP
CRS25C60G16W,PC,IK,WIP
CRS25C60G25W,PC,IK,WIP
CRS25C60K07W,PC,IK,WIP
CRS25C60K10W,PC,IK,WIP
CRS25C60K25W,PC,IK,WIP
CRS25C60N10W,PC,IK,WIP
CRS25C60N25W,PC,IK,WIP
CRS25C80K10S,PC,IK,WIP
CRS25C80K10W,PC,IK,WIP
CRS25C80K25S,PC,IK,WIP
CRS25C80K25W,PC,IK,WIP
CRS25C80N10S,PC,IK,WIP
CRS25C80N10W,PC,IK,WIP
CRS25C80N25S,PC,IK,WIP
CRS25C80N25W,PC,IK,WIP
CRS25E50A07W,PC,IK,WIP
CRS25E50A10W,PC,IK,WIP
CRS25E50D07W,PC,IK,WIP
CRS25E50D10W,PC,IK,WIP
CRS25E50D16W,PC,IK,WIP
CRS25E50D25W,PC,IK,WIP
CRS25E50G07W,PC,IK,WIP
CRS25E50G10W,PC,IK,WIP
CRS25E50G16W,PC,IK,WIP
CRS25E50G25W,PC,IK,WIP
CRS25E50K07W,PC,IK,WIP
CRS25E50K10W,PC,IK,WIP
CRS25E50K25W,PC,IK,WIP
CRS25E50N10W,PC,IK,WIP
CRS25E50N25W,PC,IK,WIP
CRS25E70D10S,PC,IK,WIP
CRS25E70D10W,PC,IK,WIP
CRS25E70D16S,PC,IK,WIP
CRS25E70D16W,PC,IK,WIP
CRS25E70G10S,PC,IK,WIP
CRS25E70G10W,PC,IK,WIP
CRS25E70G16S,PC,IK,WIP
CRS25E70G16W,PC,IK,WIP
CRS25E70K10S,PC,IK,WIP
CRS25E70K10W,PC,IK,WIP
CRS25E70K25S,PC,IK,WIP
CRS25E70K25W,PC,IK,WIP
CRS25E70N10S,PC,IK,WIP
CRS25E70N10W,PC,IK,WIP
CRS25E70N25S,PC,IK,WIP
CRS25E70N25W,PC,IK,WIP
CRS26Q4007,PC,IK,WIP
CRS26Q4010,PC,IK,WIP
CRS26Q4016,PC,IK,WIP
CRS26Q4025,PC,IK,WIP
CRS26Q5007,PC,IK,WIP
CRS26Q5010,PC,IK,WIP
CRS26Q5010M,PC,IK,WIP
CRS26Q5010S,PC,IK,WIP
CRS26Q5016,PC,IK,WIP
CRS26Q5016M,PC,IK,WIP
CRS26Q5016S,PC,IK,WIP
CRS26Q5025,PC,IK,WIP
CRS26Q5025M,PC,IK,WIP
CRS26Q6007,PC,IK,WIP
CRS26Q6010,PC,IK,WIP
CRS26Q6010M,PC,IK,WIP
CRS26Q6010S,PC,IK,WIP
CRS26Q6016,PC,IK,WIP
CRS26Q6016M,PC,IK,WIP
CRS26Q6016S,PC,IK,WIP
CRS26Q6025,PC,IK,WIP
CRS26Q6025M,PC,IK,WIP
CRS26Q7010,PC,IK,WIP
CRS26Q7010S,PC,IK,WIP
CRS26Q7016S,PC,IK,WIP
CRS26Q7025,PC,IK,WIP
CRS26Q8010,PC,IK,WIP
CRS26Q8025,PC,IK,WIP
D*5AP4561TG,PC,RFC,WIP
D*5AP4561TU,PC,RFC,WIP
D*5AP5561TG,PC,RFC,WIP
D*5AP5561TU,PC,RFC,WIP
D*5APR241TG,PC,RFC,WIP
D*5APR241TU,PC,RFC,WIP
D*5BA1500TG,PC,RFC,WIP
D*5BA1500TU,PC,RFC,WIP
D*5BA2500TG,PC,RFC,WIP
D*5BA2500TU,PC,RFC,WIP
D*5BA3500TG,PC,RFC,WIP
D*5BA3500TU,PC,RFC,WIP
D*5BB1500TG,PC,RFC,WIP
D*5BB1500TU,PC,RFC,WIP
D*5BB2500TG,PC,RFC,WIP
D*5BB2500TU,PC,RFC,WIP
D*5BE1500TG,PC,RFC,WIP
D*5BE1500TU,PC,RFC,WIP
D*5BE2500TG,PC,RFC,WIP
D*5BE2500TU,PC,RFC,WIP
D*5BG1500TG,PC,RFC,WIP
D*5BG1500TU,PC,RFC,WIP
D*5BH1500TG,PC,RFC,WIP
D*5BH1500TU,PC,RFC,WIP
D*5SP0061TG,PC,RFC,WIP
D*5SP0061TU,PC,RFC,WIP
D*5SP0068TG,PC,RFC,WIP
D*5SP0068TU,PC,RFC,WIP
D*5SP006GTG,PC,RFC,WIP
D*5SP006GTU,PC,RFC,WIP
D*6AP4561TG,PC,RFC,WIP
D+5AP4561TU,PC,RFC,WIP
D+5AP5561TU,PC,RFC,WIP
D+5APR241TU,PC,RFC,WIP
D+5SP0061TU,PC,RFC,WIP
D+5SP0068TU,PC,RFC,WIP
D+6AP4561TU,PC,RFC,WIP
D01233Z,KG,CM,RM
D02PROPAL,KG,CM,RM
D02PROPAL2,L,EVS,RM
D03M7100,KG,IK,RM
D0AASETTER,ML,CM,RM
D0ARALPHA,G,CM,RM
D0ARALPHAPH,ML,CM,RM
D0ARALPHAPH2,ML,CM,RM
D0AS300,KG,IK,RM
D0DF0500,KG,RFC,RM
D0DF0550,KG,RFC,RM
D0DF7550,BL,RFC,RM
D0DIACE,KG,IK,RM
D0HEXAN,KG,RFC,RM
D0LAC001C,G,CM,RM
D0LAC003C,KG,RFC,RM
D0LAD006C,ML,SPSF,RM
D0LET003C,L,IK,RM
D0LET003C1,L,IK,RM
D0LFR003C,KG,CM,RM
D0LFR004C,KG,CM,RM
D0LSI007J,KG,CM,RM
D0LTH001H,KG,SPSF,RM
D0LTH002H,KG,RFC,RM
D0LTH002H1,L,RFC,RM
D0MDX4,G,IK,RM
D0MDX42,KG,IK,RM
D0MEK001J,ML,SPSF,RM
D0METCLO,KG,CM,RM
D0SINCT911,G,CM,RM
D0TRITON,ML,IK,RM
EA64X001C1,PC,SPSF,RM
EA64X100C1,PC,SPSF,RM
EA64X101C1,PC,SPSF,RM
EOGX0001V,KG,CM,RM
EV036-Z001t24-01,EA,EVS,WIP
EV036-Z001T24-01TR,EA,EVS,WIP
EV036-Z001t24-02,EA,EVS,WIP
EV036-Z001T24-02TR,EA,EVS,WIP
EV036-Z001t24-03,EA,EVS,WIP
EV036-Z001T24-03TR,EA,EVS,WIP
EV036-Z001t26-01,EA,EVS,WIP
EV036-Z001t26-01TR,EA,EVS,WIP
EV036-Z001t26-02,EA,EVS,WIP
EV036-Z001t26-02TR,EA,EVS,WIP
EV036-Z001t26-03,EA,EVS,WIP
EV036-Z001t26-03TR,EA,EVS,WIP
EV036-Z001t28-01,EA,EVS,WIP
EV036-Z001T28-01TR,EA,EVS,WIP
EV036-Z001t28-02,EA,EVS,WIP
EV036-Z001T28-02TR,EA,EVS,WIP
EV036-Z001t28-03,EA,EVS,WIP
EV036-Z001T28-03TR,EA,EVS,WIP
EV036-Z001t30-01,EA,EVS,WIP
EV036-Z001T30-01TR,EA,EVS,WIP
EV036-Z001t30-02,EA,EVS,WIP
EV036-Z001T30-02TR,EA,EVS,WIP
EV036-Z001t30-03,EA,EVS,WIP
EV036-Z001T30-03TR,EA,EVS,WIP
EV036-Z001t32-01,EA,EVS,WIP
EV036-Z001T32-01TR,EA,EVS,WIP
EV036-Z001t32-02,EA,EVS,WIP
EV036-Z001T32-02TR,EA,EVS,WIP
EV036-Z001t32-03,EA,EVS,WIP
EV036-Z001T32-03TR,EA,EVS,WIP
EV036-Z001t34-01,EA,EVS,WIP
EV036-Z001T34-01TR,EA,EVS,WIP
EV036-Z001t34-02,EA,EVS,WIP
EV036-Z001T34-02TR,EA,EVS,WIP
EV036-Z001t34-03,EA,EVS,WIP
EV036-Z001T34-03TR,EA,EVS,WIP
EV036-Z001t36-01,EA,EVS,WIP
EV036-Z001T36-01TR,EA,EVS,WIP
EV036-Z001t36-02,EA,EVS,WIP
EV036-Z001T36-02TR,EA,EVS,WIP
EV036-Z001t36-03,EA,EVS,WIP
EV036-Z001T36-03TR,EA,EVS,WIP
EV036-Z001t38-01,EA,EVS,WIP
EV036-Z001T38-01TR,EA,EVS,WIP
EV036-Z001t38-02,EA,EVS,WIP
EV036-Z001T38-02TR,EA,EVS,WIP
EV036-Z001t38-03,EA,EVS,WIP
EV036-Z001T38-03TR,EA,EVS,WIP
EV036-Z001t40-01,EA,EVS,WIP
EV036-Z001T40-01TR,EA,EVS,WIP
EV036-Z001t40-02,EA,EVS,WIP
EV036-Z001T40-02TR,EA,EVS,WIP
EV036-Z001t40-03,EA,EVS,WIP
EV036-Z001T40-03TR,EA,EVS,WIP
EV068-D011T01,EA,EVS,HFG
EV068-D011T02,EA,EVS,HFG
EV068-D011T02SRFY,EA,EVS,HFG
EV068-D012T01,EA,EVS,HFG
EV068-D012T02,EA,EVS,HFG
EV068-D013T01,EA,EVS,HFG
EV068-D013T02,EA,EVS,HFG
EV068-D014T01,EA,EVS,HFG
EV068-D014T02,EA,EVS,HFG
EV068-D014t02SRF-A,EA,EVS,HFG
EV068-D015T01,EA,EVS,HFG
EV068-D015t01SRF-A,EA,EVS,HFG
EV068-D015T02,EA,EVS,HFG
EV068-D015t02SRF-A,EA,EVS,HFG
EV068-D016T01,EA,EVS,HFG
EV068-D016T02,EA,EVS,HFG
EV068-D017T01,EA,EVS,HFG
EV068-D017T02,EA,EVS,HFG
EV068-D018T01,EA,EVS,HFG
EV068-D018T02,EA,EVS,HFG
EV068-D019T01,EA,EVS,HFG
EV068-D019t01SRF-A,EA,EVS,HFG
EV068-D019T02,EA,EVS,HFG
EV068-D019t02SRF-A,EA,EVS,HFG
EV068-D019T02SRFY,EA,EVS,HFG
EVS,EA,,
FL1012X080DEVICE,EA,EVS,HFG
FL1012X110DEVICE,EA,EVS,HFG
FL1012X130DEVICE,EA,EVS,HFG
FL1213X080DEVICE,EA,EVS,HFG
FL1213X080DEVTRN,EA,EVS,HFG
FL1213X110DEVICE,EA,EVS,HFG
FL1213X110DEVTRN,EA,EVS,HFG
FL1213X130DEVICE,EA,EVS,HFG
FL1213X130DEVTRN,EA,EVS,HFG
FL1213X150DEVICE,EA,EVS,HFG
FL1213X150DEVTRN,EA,EVS,HFG
FL1213X170DEVICE,EA,EVS,HFG
FL1213X170DEVTRN,EA,EVS,HFG
FL1215X080DEVICE,EA,EVS,HFG
FL1215X080DEVTRN,EA,EVS,HFG
FL1215X110DEVICE,EA,EVS,HFG
FL1215X110DEVTRN,EA,EVS,HFG
FL1215X130DEVICE,EA,EVS,HFG
FL1215X130DEVTRN,EA,EVS,HFG
FL1215X150DEVICE,EA,EVS,HFG
FL1215X150DEVTRN,EA,EVS,HFG
FL1215X170DEVICE,EA,EVS,HFG
FL1215X170DEVTRN,EA,EVS,HFG
FL1217X080DEVICE,EA,EVS,HFG
FL1217X080DEVTRN,EA,EVS,HFG
FL1217X110DEVICE,EA,EVS,HFG
FL1217X120DEVICE,EA,EVS,HFG
FL1217X130DEVICE,EA,EVS,HFG
FL1217X150DEVICE,EA,EVS,HFG
FL1217X150DEVTRN,EA,EVS,HFG
FL1217X170DEVICE,EA,EVS,HFG
FL1217X170DEVTRN,EA,EVS,HFG
FL1219X085DEVICE,EA,EVS,HFG
FL1219X110DEVICE,EA,EVS,HFG
FL1219X120DEVICE,EA,EVS,HFG
FL1219X130DEVICE,EA,EVS,HFG
FL1219X150DEVICE,EA,EVS,HFG
FL1219X150DEVTRN,EA,EVS,HFG
FL1219X170DEVICE,EA,EVS,HFG
FL1219X170DEVTRN,EA,EVS,HFG
FL1221X085DEVICE,EA,EVS,HFG
FL1221X110DEVICE,EA,EVS,HFG
FL1221X120DEVICE,EA,EVS,HFG
FL1221X130DEVICE,EA,EVS,HFG
FL1221X150DEVICE,EA,EVS,HFG
FL1221X150DEVTRN,EA,EVS,HFG
FL1221X170DEVICE,EA,EVS,HFG
FL1221X170DEVTRN,EA,EVS,HFG
FL1223X090DEVICE,EA,EVS,HFG
FL1223X090DEVTRN,EA,EVS,HFG
FL1223X110DEVICE,EA,EVS,HFG
FL1223X120DEVICE,EA,EVS,HFG
FL1223X130DEVICE,EA,EVS,HFG
FL1223X150DEVICE,EA,EVS,HFG
FL1223X150DEVTRN,EA,EVS,HFG
FL1223X170DEVICE,EA,EVS,HFG
FL1223X170DEVTRN,EA,EVS,HFG
FL1317X080DEVICE,EA,EVS,HFG
FL1719X082DEVICE,EA,EVS,HFG
FL1719X110DEVICE,EA,EVS,HFG
FL1719X120DEVICE,EA,EVS,HFG
FL1719X130DEVICE,EA,EVS,HFG
FL1721X085DEVICE,EA,EVS,HFG
FL1721X110DEVICE,EA,EVS,HFG
FL1721X120DEVICE,EA,EVS,HFG
FL1721X130DEVICE,EA,EVS,HFG
FL1723X075DEVICE,EA,EVS,HFG
FL1723X088DEVICE,EA,EVS,HFG
FL1723X110DEVICE,EA,EVS,HFG
FL1723X120DEVICE,EA,EVS,HFG
FL1723X130DEVICE,EA,EVS,HFG
FL1723X130DEVTRN,EA,EVS,HFG
G5P34TG00,PC,RFC,WIP
G5P34TU00,PC,RFC,WIP
G5P35TG00,PC,RFC,WIP
G5P35TU00,PC,RFC,WIP
G5P37TG00,PC,RFC,WIP
G5P37TU00,PC,RFC,WIP
G5P53TG41,PC,RFC,WIP
G5P53TG61,PC,RFC,WIP
G5P53TG68,PC,RFC,WIP
G5P53TG6G,PC,RFC,WIP
G5P53TU41,PC,RFC,WIP
G5P53TU61,PC,RFC,WIP
G5P53TU68,PC,RFC,WIP
G5P53TU6G,PC,RFC,WIP
G6P53TG61,PC,RFC,WIP
G6P53TU61,PC,RFC,WIP
GL75G4L,PC,RFC,WIP
GL75G4M,PC,RFC,WIP
GL75G4S,PC,RFC,WIP
GL75G5L,PC,RFC,WIP
GL75G5M,PC,RFC,WIP
GL75G5S,PC,RFC,WIP
GL80G4L,PC,RFC,WIP
GL80G4M,PC,RFC,WIP
GL80G4S,PC,RFC,WIP
GL80G5L,PC,RFC,WIP
GL80G5M,PC,RFC,WIP
GL80G5S,PC,RFC,WIP
GLCG4L,PC,RFC,WIP
GLCG4M,PC,RFC,WIP
GLCG4S,PC,RFC,WIP
GLCG5L,PC,RFC,WIP
GLCG5M,PC,RFC,WIP
GLCG5S,PC,RFC,WIP
GLD*WE24110,PC,RFC,WIP
GLD*WH14112,PC,RFC,WIP
GLD*ZB14108,PC,RFC,WIP
GLFG4L,PC,RFC,WIP
GLFG4M,PC,RFC,WIP
GLFG4S,PC,RFC,WIP
GLFG5L,PC,RFC,WIP
GLFG5M,PC,RFC,WIP
GLFG5S,PC,RFC,WIP
GLG4L33012,PC,RFC,WIP
GLG4M33010,PC,RFC,WIP
GLG4S33208,PC,RFC,WIP
GLLWE24110,PC,RFC,WIP
GLLWH14112,PC,RFC,WIP
GLLZB14108,PC,RFC,WIP
GLMWE24110,PC,RFC,WIP
GLMWH14112,PC,RFC,WIP
GLMZB14108,PC,RFC,WIP
GTO5P35TU00,PC,RFC,WIP
GTO5P35TU02,PC,RFC,WIP
GTO5P53TU41,PC,RFC,WIP
GTO5P53TU61,PC,RFC,WIP
GTO5P53TU66,PC,RFC,WIP
GTO5P53TU68,PC,RFC,WIP
GTO6P53TU41,PC,RFC,WIP
GTO6P53TU61,PC,RFC,WIP
HC03V012A,PC,SPSF,RM
IK,L,,
L09X060DEVICE,EA,EVS,HFG
L09X100DEVICE,EA,EVS,HFG
L09X120DEVICE,EA,EVS,HFG
L09X140DEVICE,EA,EVS,HFG
L10X060DEVICE,EA,EVS,HFG
L10X060TRNDEVICE,EA,EVS,HFG
L10X080DEVICE,EA,EVS,HFG
L10X100DEVICE,EA,EVS,HFG
L10X120DEVICE,EA,EVS,HFG
L10X140DEVICE,EA,EVS,HFG
L11X060DEVICE,EA,EVS,HFG
L11X060TRNDEVICE,EA,EVS,HFG
L11X080DEVICE,EA,EVS,HFG
L11X100DEVICE,EA,EVS,HFG
L11X120DEVICE,EA,EVS,HFG
L11X140DEVICE,EA,EVS,HFG
L12X060DEVICE,EA,EVS,HFG
L12X080DEVICE,EA,EVS,HFG
L12X100DEVICE,EA,EVS,HFG
L12X100TRNDEVICE,EA,EVS,HFG
L12X120DEVICE,EA,EVS,HFG
L12X120TRNDEVICE,EA,EVS,HFG
L12X140DEVICE,EA,EVS,HFG
L12X160DEVICE,EA,EVS,HFG
L12X160TRNDEVICE,EA,EVS,HFG
L12X180DEVICE,EA,EVS,HFG
L12X180TRNDEVICE,EA,EVS,HFG
L13X060DEVICE,EA,EVS,HFG
L13X080DEVICE,EA,EVS,HFG
L13X080TRNDEVICE,EA,EVS,HFG
L13X100DEVICE,EA,EVS,HFG
L13X120DEVICE,EA,EVS,HFG
L13X120TRNDEVICE,EA,EVS,HFG
L13X140DEVICE,EA,EVS,HFG
L15X060DEVICE,EA,EVS,HFG
L15X080DEVICE,EA,EVS,HFG
L15X100DEVICE,EA,EVS,HFG
L15X120DEVICE,EA,EVS,HFG
L15X120TRNDEVICE,EA,EVS,HFG
L15X140DEVICE,EA,EVS,HFG
L16X060DEVICE,EA,EVS,HFG
L16X060TRNDEVICE,EA,EVS,HFG
L16X080DEVICE,EA,EVS,HFG
L16X100DEVICE,EA,EVS,HFG
L16X120DEVICE,EA,EVS,HFG
L16X140DEVICE,EA,EVS,HFG
L16X140TRNDEVICE,EA,EVS,HFG
L17X060DEVICE,EA,EVS,HFG
L17X080DEVICE,EA,EVS,HFG
L17X100DEVICE,EA,EVS,HFG
L17X120DEVICE,EA,EVS,HFG
L17X140DEVICE,EA,EVS,HFG
L18X045DEVICE,EA,EVS,HFG
L18X060DEVICE,EA,EVS,HFG
L18X080DEVICE,EA,EVS,HFG
L18X100DEVICE,EA,EVS,HFG
L18X120DEVICE,EA,EVS,HFG
L18X140DEVICE,EA,EVS,HFG
L18X140TRNDEVICE,EA,EVS,HFG
L23X080DEVICE,EA,EVS,HFG
L5AP4561TG,PC,RFC,WIP
L5AP4561TG1,PC,RFC,WIP
L5AP4561TG2,PC,RFC,WIP
L5AP4561TU,PC,RFC,WIP
L5AP4561TU2,PC,RFC,WIP
L5AP5561TG,PC,RFC,WIP
L5AP5561TG2,PC,RFC,WIP
L5AP5561TU,PC,RFC,WIP
L5AP5561TU2,PC,RFC,WIP
L5APR241TG,PC,RFC,WIP
L5APR241TG2,PC,RFC,WIP
L5APR241TU,PC,RFC,WIP
L5APR241TU2,PC,RFC,WIP
L5BA1500TG,PC,RFC,WIP
L5BA1500TG2,PC,RFC,WIP
L5BA1500TU,PC,RFC,WIP
L5BA1500TU2,PC,RFC,WIP
L5BA2500TG2,PC,RFC,WIP
L5BA2500TU2,PC,RFC,WIP
L5BA3500TG,PC,RFC,WIP
L5BA3500TG2,PC,RFC,WIP
L5BA3500TU,PC,RFC,WIP
L5BA3500TU2,PC,RFC,WIP
L5BB1500TG,PC,RFC,WIP
L5BB1500TG2,PC,RFC,WIP
L5BB1500TU,PC,RFC,WIP
L5BB1500TU2,PC,RFC,WIP
L5BB2500TG,PC,RFC,WIP
L5BB2500TG2,PC,RFC,WIP
L5BB2500TU,PC,RFC,WIP
L5BB2500TU2,PC,RFC,WIP
L5BE1500TG,PC,RFC,WIP
L5BE1500TG2,PC,RFC,WIP
L5BE1500TU,PC,RFC,WIP
L5BE1500TU2,PC,RFC,WIP
L5BE2500TG,PC,RFC,WIP
L5BE2500TG2,PC,RFC,WIP
L5BE2500TU,PC,RFC,WIP
L5BE2500TU2,PC,RFC,WIP
L5BG1500TG2,PC,RFC,WIP
L5BG1500TU2,PC,RFC,WIP
L5BH1500TG,PC,RFC,WIP
L5BH1500TG2,PC,RFC,WIP
L5BH1500TU,PC,RFC,WIP
L5BH1500TU2,PC,RFC,WIP
L5SP0061TG,PC,RFC,WIP
L5SP0061TG2,PC,RFC,WIP
L5SP0061TU,PC,RFC,WIP
L5SP0061TU2,PC,RFC,WIP
L5SP0068TG,PC,RFC,WIP
L5SP0068TG2,PC,RFC,WIP
L5SP0068TU,PC,RFC,WIP
L5SP0068TU2,PC,RFC,WIP
L5SP006GTG,PC,RFC,WIP
L5SP006GTG2,PC,RFC,WIP
L5SP006GTU,PC,RFC,WIP
L5SP006GTU2,PC,RFC,WIP
L6AP4561TG,PC,RFC,WIP
L6AP4561TG1,PC,RFC,WIP
L6AP4561TU2,PC,RFC,WIP
M5AP4561TG,PC,RFC,WIP
M5AP4561TU,PC,RFC,WIP
M5AP5561TG,PC,RFC,WIP
M5AP5561TU,PC,RFC,WIP
M5APR241TG,PC,RFC,WIP
M5APR241TU,PC,RFC,WIP
M5BA1500TG,PC,RFC,WIP
M5BA1500TU,PC,RFC,WIP
M5BA2500TG,PC,RFC,WIP
M5BA2500TU,PC,RFC,WIP
M5BA3500TG,PC,RFC,WIP
M5BA3500TU,PC,RFC,WIP
M5BB1500TG,PC,RFC,WIP
M5BB1500TU,PC,RFC,WIP
M5BB2500TG,PC,RFC,WIP
M5BB2500TU,PC,RFC,WIP
M5BE1500TG,PC,RFC,WIP
M5BE1500TU,PC,RFC,WIP
M5BE2500TG,PC,RFC,WIP
M5BE2500TU,PC,RFC,WIP
M5BG1500TG,PC,RFC,WIP
M5BG1500TU,PC,RFC,WIP
M5BH1500TG,PC,RFC,WIP
M5BH1500TU,PC,RFC,WIP
M5SP0061TG,PC,RFC,WIP
M5SP0061TU,PC,RFC,WIP
M5SP0068TG,PC,RFC,WIP
M5SP0068TU,PC,RFC,WIP
M5SP006GTG,PC,RFC,WIP
M5SP006GTU,PC,RFC,WIP
M6AP4561TG,PC,RFC,WIP
M6AP4561TU,PC,RFC,WIP
MMAF5G10HQW,PC,IK,WIP
MMAF5G10HQWY,PC,IK,WIP
MMAF5J10SQW,PC,IK,WIP
MMAF5J10SQWY,PC,IK,WIP
MMAF5J16SQW,PC,IK,WIP
MMAF5J16SQWY,PC,IK,WIP
MMAF5J25SQW,PC,IK,WIP
MMAF5J25SQWY,PC,IK,WIP
MMAF6G10HQW,PC,IK,WIP
MMAF6G10HQWY,PC,IK,WIP
MMAF6J10SQW,PC,IK,WIP
MMAF6J10SQWY,PC,IK,WIP
MMAF6J16SQW,PC,IK,WIP
MMAF6J16SQWY,PC,IK,WIP
MMAF6J25SQW,PC,IK,WIP
MMAF6J25SQWY,PC,IK,WIP
MMBF5F10MQ,PC,IK,WIP
MMBF5F10PQ,PC,IK,WIP
MMBF5F25PQ,PC,IK,WIP
MMBF5J25PQ,PC,IK,WIP
MMBF5M25AQ,PC,IK,WIP
MMBF5M25AQY,PC,IK,WIP
MMBF6F10MQ,PC,IK,WIP
MMBF6F10PQ,PC,IK,WIP
MMBF6F16MQ,PC,IK,WIP
MMBF6F25PQ,PC,IK,WIP
MMBF6J10PQ,PC,IK,WIP
MMBF6J25PQ,PC,IK,WIP
MMBF6M25AQ,PC,IK,WIP
MMBF6M25AQY,PC,IK,WIP
MMES5F10SQR,PC,IK,WIP
MMES5F10SQRY,PC,IK,WIP
MMES5F16SQR,PC,IK,WIP
MMES5F16SQRY,PC,IK,WIP
MMES5J10PQ,PC,IK,WIP
MMES5J10SQ,PC,IK,WIP
MMES5J10SQY,PC,IK,WIP
MMES5J16HQS,PC,IK,WIP
MMES5J16HQSY,PC,IK,WIP
MMES5J16PQ,PC,IK,WIP
MMES5J16SQ,PC,IK,WIP
MMES5J16SQY,PC,IK,WIP
MMES6F10HQ,PC,IK,WIP
MMES6F10HQR,PC,IK,WIP
MMES6F10HQRY,PC,IK,WIP
MMES6F10HQY,PC,IK,WIP
MMES6F10SQ,PC,IK,WIP
MMES6F10SQR,PC,IK,WIP
MMES6F10SQRY,PC,IK,WIP
MMES6F10SQY,PC,IK,WIP
MMES6F16HQ,PC,IK,WIP
MMES6F16HQR,PC,IK,WIP
MMES6F16HQRY,PC,IK,WIP
MMES6F16HQY,PC,IK,WIP
MMES6F16SQ,PC,IK,WIP
MMES6F16SQR,PC,IK,WIP
MMES6F16SQRY,PC,IK,WIP
MMES6F16SQY,PC,IK,WIP
MMES6J10HQS,PC,IK,WIP
MMES6J10HQSY,PC,IK,WIP
MMES6J10PQ,PC,IK,WIP
MMES6J10SQ,PC,IK,WIP
MMES6J10SQY,PC,IK,WIP
MMES6J16HQS,PC,IK,WIP
MMES6J16HQSY,PC,IK,WIP
MMES6J16PQ,PC,IK,WIP
MMES6J16SQ,PC,IK,WIP
MMES6J16SQY,PC,IK,WIP
MMES7F10SQR,PC,IK,WIP
MMES7F10SQRY,PC,IK,WIP
MMES7F16SQR,PC,IK,WIP
MMES7F16SQRY,PC,IK,WIP
MMES7J10HQS,PC,IK,WIP
MMES7J10HQSY,PC,IK,WIP
MMES7J10PQ,PC,IK,WIP
MMES7J10SQ,PC,IK,WIP
MMES7J10SQY,PC,IK,WIP
MMES7J16HQS,PC,IK,WIP
MMES7J16HQSY,PC,IK,WIP
MMES7J16PQ,PC,IK,WIP
MMES7J16SQ,PC,IK,WIP
MMES7J16SQY,PC,IK,WIP
MMRF5F10PQ,PC,IK,WIP
MMRF5F16PQ,PC,IK,WIP
MMRF5F25PQ,PC,IK,WIP
MMRF5J10PQ,PC,IK,WIP
MMRF5J16PQ,PC,IK,WIP
MMRF5J25PQ,PC,IK,WIP
MMRF6F10PQ,PC,IK,WIP
MMRF6F16PQ,PC,IK,WIP
MMRF6F25PQ,PC,IK,WIP
MMRF6J10PQ,PC,IK,WIP
MMRF6J16PQ,PC,IK,WIP
MMRF6J25PQ,PC,IK,WIP
MMRS5C10PQ,PC,IK,WIP
MMRS5F10PQ,PC,IK,WIP
MMRS5F16PQ,PC,IK,WIP
MMRS5J10PQ,PC,IK,WIP
MMRS5J16PQ,PC,IK,WIP
MMRS6C10PQ,PC,IK,WIP
MMRS6F10PQ,PC,IK,WIP
MMRS6F16PQ,PC,IK,WIP
MMRS6J10PQ,PC,IK,WIP
MMRS6J16PQ,PC,IK,WIP
MMRS7F10PQ,PC,IK,WIP
MMRS7F16PQ,PC,IK,WIP
MMRS7J10PQ,PC,IK,WIP
MMRS7J16PQ,PC,IK,WIP
MSA40G07SQ,PC,IK,WIP
MSA40G07SQY,PC,IK,WIP
MSA40G10SQ,PC,IK,WIP
MSA40G10SQY,PC,IK,WIP
MSA40G16AQZ,PC,IK,WIP
MSA40G16AQZY,PC,IK,WIP
MSA40G16SQZ,PC,IK,WIP
MSA40G16SQZY,PC,IK,WIP
MSA40K10AQ,PC,IK,WIP
MSA40K10AQY,PC,IK,WIP
MSA40K10SQ,PC,IK,WIP
MSA40K10SQY,PC,IK,WIP
MSA40K25MQ,PC,IK,WIP
MSA40K25MQ1,PC,IK,WIP
MSA50G07SQ,PC,IK,WIP
MSA50G07SQY,PC,IK,WIP
MSA50G16AQZ,PC,IK,WIP
MSA50G16AQZY,PC,IK,WIP
MSA50G16SQZ,PC,IK,WIP
MSA50G16SQZY,PC,IK,WIP
MSA50K10AQ,PC,IK,WIP
MSA50K10AQY,PC,IK,WIP
MSA50K10SQ,PC,IK,WIP
MSA50K10SQY,PC,IK,WIP
MSA50K25AQ,PC,IK,WIP
MSA50K25AQY,PC,IK,WIP
MSA50N25AQ,PC,IK,WIP
MSA50N25AQY,PC,IK,WIP
MSA60G07AQ,PC,IK,WIP
MSA60G07AQY,PC,IK,WIP
MSA60G07SQ,PC,IK,WIP
MSA60G07SQY,PC,IK,WIP
MSA60G16AQZ,PC,IK,WIP
MSA60G16AQZY,PC,IK,WIP
MSA60G16SQZ,PC,IK,WIP
MSA60G16SQZY,PC,IK,WIP
MSA60G25SQ,PC,IK,WIP
MSA60G25SQY,PC,IK,WIP
MSA60K10AQ,PC,IK,WIP
MSA60K10AQY,PC,IK,WIP
MSA60K10SQ,PC,IK,WIP
MSA60K10SQY,PC,IK,WIP
MSA60K25AQ,PC,IK,WIP
MSA60K25AQY,PC,IK,WIP
MSA60N10SQ,PC,IK,WIP
MSA60N10SQY,PC,IK,WIP
MSA60N25AQ,PC,IK,WIP
MSA60N25AQY,PC,IK,WIP
MSA70K10AQ,PC,IK,WIP
MSA70K10AQY,PC,IK,WIP
MSA70K10MQ,PC,IK,WIP
MSA70K10SQ,PC,IK,WIP
MSA70K10SQY,PC,IK,WIP
MSA70K25AQ,PC,IK,WIP
MSA70K25AQY,PC,IK,WIP
MSA70N10MQ,PC,IK,WIP
MSA70N25AQ,PC,IK,WIP
MSA70N25AQY,PC,IK,WIP
MSA70N25MQ1,PC,IK,WIP
MSA80K10SQ,PC,IK,WIP
MSA80K10SQY,PC,IK,WIP
MSA80N25AQ,PC,IK,WIP
MSA80N25AQY,PC,IK,WIP
MSB40G07SQ,PC,IK,WIP
MSB40G07SQY,PC,IK,WIP
MSB40G10SQ,PC,IK,WIP
MSB40G10SQY,PC,IK,WIP
MSB40K10AQ,PC,IK,WIP
MSB40K10AQY,PC,IK,WIP
MSB40K10MQ,PC,IK,WIP
MSB40K10MR,PC,IK,WIP
MSB40K10SQ,PC,IK,WIP
MSB40K10SQY,PC,IK,WIP
MSB40K25AQ,PC,IK,WIP
MSB40K25AQY,PC,IK,WIP
MSB50G07SQ,PC,IK,WIP
MSB50G07SQY,PC,IK,WIP
MSB50G10MR,PC,IK,WIP
MSB50K10MQ,PC,IK,WIP
MSB50K10MR,PC,IK,WIP
MSB50K10SQ,PC,IK,WIP
MSB50K10SQY,PC,IK,WIP
MSB50K25AQ,PC,IK,WIP
MSB50K25AQY,PC,IK,WIP
MSB50N10AQ,PC,IK,WIP
MSB50N10AQY,PC,IK,WIP
MSB50N10MQ,PC,IK,WIP
MSB50N10MR,PC,IK,WIP
MSB50N10MR5,PC,IK,WIP
MSB50N10SQ,PC,IK,WIP
MSB50N10SQY,PC,IK,WIP
MSB50N25AQ,PC,IK,WIP
MSB50N25AQ5,PC,IK,WIP
MSB50N25AQ5Y,PC,IK,WIP
MSB50N25AQY,PC,IK,WIP
MSB60G07SQ,PC,IK,WIP
MSB60G07SQY,PC,IK,WIP
MSB60G10MR,PC,IK,WIP
MSB60G10SQ,PC,IK,WIP
MSB60G10SQY,PC,IK,WIP
MSB60K07MQ,PC,IK,WIP
MSB60K10MQ,PC,IK,WIP
MSB60K10MR,PC,IK,WIP
MSB60K10SQ,PC,IK,WIP
MSB60K10SQY,PC,IK,WIP
MSB60K25AQ,PC,IK,WIP
MSB60K25AQY,PC,IK,WIP
MSB60N10MQ,PC,IK,WIP
MSB60N10MR,PC,IK,WIP
MSB60N10MR5,PC,IK,WIP
MSB60N10SQ,PC,IK,WIP
MSB60N10SQY,PC,IK,WIP
MSB60N25AQ,PC,IK,WIP
MSB60N25AQ5,PC,IK,WIP
MSB60N25AQ5Y,PC,IK,WIP
MSB60N25AQY,PC,IK,WIP
MSB60N25MQ,PC,IK,WIP
MSB70K10MQ,PC,IK,WIP
MSB70K10MR,PC,IK,WIP
MSB70K10SQ,PC,IK,WIP
MSB70K10SQY,PC,IK,WIP
MSB70K25AQ,PC,IK,WIP
MSB70K25AQY,PC,IK,WIP
MSB70N10MQ,PC,IK,WIP
MSB70N10MR,PC,IK,WIP
MSB70N10MR5,PC,IK,WIP
MSB70N10SQ,PC,IK,WIP
MSB70N10SQY,PC,IK,WIP
MSB70N25AQ,PC,IK,WIP
MSB70N25AQ5,PC,IK,WIP
MSB70N25AQ5Y,PC,IK,WIP
MSB70N25AQY,PC,IK,WIP
MSB70N25MQ,PC,IK,WIP
MSB80K10MQ,PC,IK,WIP
MSB80K10MR,PC,IK,WIP
MSB80K10SQ,PC,IK,WIP
MSB80K10SQY,PC,IK,WIP
MSB80K25AQ,PC,IK,WIP
MSB80K25AQY,PC,IK,WIP
MSB80N10MQ,PC,IK,WIP
MSB80N10MR,PC,IK,WIP
MSB80N10MR5,PC,IK,WIP
MSB80N10SQ,PC,IK,WIP
MSB80N10SQY,PC,IK,WIP
MSB80N25AQ,PC,IK,WIP
MSB80N25AQ5,PC,IK,WIP
MSB80N25AQ5Y,PC,IK,WIP
MSB80N25AQY,PC,IK,WIP
MSB80N25MQ,PC,IK,WIP
MSR40A07PQ,PC,IK,WIP
MSR40A10PQ,PC,IK,WIP
MSR40D07PQ,PC,IK,WIP
MSR40D10PQ,PC,IK,WIP
MSR40G07PQ,PC,IK,WIP
MSR40G10PQ,PC,IK,WIP
MSR40K07MQ,PC,IK,WIP
MSR40K10MQ,PC,IK,WIP
MSR50A07PQ,PC,IK,WIP
MSR50A10PQ,PC,IK,WIP
MSR50D10PQ,PC,IK,WIP
MSR50G07PQ,PC,IK,WIP
MSR50G10PQ,PC,IK,WIP
MSR50K07MQ,PC,IK,WIP
MSR50K10MQ,PC,IK,WIP
MSR50N10MQ,PC,IK,WIP
MSR60A07PQ,PC,IK,WIP
MSR60A07PQA,PC,IK,WIP
MSR60A10PQ,PC,IK,WIP
MSR60D10PQ,PC,IK,WIP
MSR60G07PQ,PC,IK,WIP
MSR60G10PQ,PC,IK,WIP
MSR60K10MQ,PC,IK,WIP
MSR60N10MQ,PC,IK,WIP
MSR60N25MQ,PC,IK,WIP
MSR70D10PQ,PC,IK,WIP
MSR70K10MQ,PC,IK,WIP
MSR70N10MQ,PC,IK,WIP
MSR70N25MQ,PC,IK,WIP
MSR80K10MQ,PC,IK,WIP
MSR80N10MQ,PC,IK,WIP
MSR80N25MQ,PC,IK,WIP
N5P34TG,PC,RFC,WIP
N5P34TU,PC,RFC,WIP
N5P35TG,PC,RFC,WIP
N5P35TU,PC,RFC,WIP
N5P37TG,PC,RFC,WIP
N5P37TU,PC,RFC,WIP
N5P53TG,PC,RFC,WIP
N5P53TU,PC,RFC,WIP
N6P53TG,PC,RFC,WIP
N6P53TU,PC,RFC,WIP
NDGRG90V0395,PC,SPSF,WIP
NDGRG90V0405,PC,SPSF,WIP
NDGRG90V0420,PC,SPSF,WIP
NDGRG90V0760,PC,SPSF,WIP
NTO5P35TU,PC,RFC,WIP
NTO5P35TUD,PC,RFC,WIP
NTO5P53TU,PC,RFC,WIP
NTO6P53TU,PC,RFC,WIP
NTRG90V0395,PC,SPSF,WIP
NTRG90V0405,PC,SPSF,WIP
NTRG90V0420,PC,SPSF,WIP
NTRG90V0760,PC,SPSF,WIP
NTXXRG90V0395,PC,SPSF,WIP
NTXXRG90V0405,PC,SPSF,WIP
NTXXRG90V0420,PC,SPSF,WIP
NTXXRG90V0760,PC,SPSF,WIP
OF93X515V,PC,RFC,RM
OF93X533V,PC,RFC,RM
OLB21DEVICE,EA,EVS,HFG
OLB21TRNDEVICE,EA,EVS,HFG
OLB23DEVICE,EA,EVS,HFG
OLB23TRNDEVICE,EA,EVS,HFG
OLB25DEVICE,EA,EVS,HFG
OLB25TRNDEVICE,EA,EVS,HFG
OLB28DEVICE,EA,EVS,HFG
OLB28TRNDEVICE,EA,EVS,HFG
OLB30DEVICE,EA,EVS,HFG
OLB30TRNDEVICE,EA,EVS,HFG
OLB32DEVICE,EA,EVS,HFG
OLB32TRNDEVICE,EA,EVS,HFG
OLB34DEVICE,EA,EVS,HFG
OLB34TRNDEVICE,EA,EVS,HFG
PC5000R,PC,SPSF,RM
PL02X011V*,KG,SPSF,RM
PL02X073V,G,RFS,RM
PL02X075,KG,RFS,RM
PL02X075V,G,RFS,RM
PL02X173V,G,RFS,RM
PL02X219V,KG,CM,RM
PL02X506V,KG,IK,RM
PL04X302,KG,IK,RM
PL04X304,KG,IK,RM
PL04X310,KG,IK,RM
PL12X901V,KG,SPSF,RM
RC00X3410,PC,RFC,WIP
RC00X3410A,PC,RFC,WIP
RC00X3410K,PC,RFC,WIP
RC00X3410V,PC,RFC,WIP
RC00X3411,PC,RFC,WIP
RC00X3411A,PC,RFC,WIP
RC00X3411K,PC,RFC,WIP
RC00X3411V,PC,RFC,WIP
RC00X3417,PC,RFC,WIP
RC00X3417A,PC,RFC,WIP
RC00X3417K,PC,RFC,WIP
RC00X3418,PC,RFC,WIP
RC00X3418A,PC,RFC,WIP
RC00X3418K,PC,RFC,WIP
RC00X3419,PC,RFC,WIP
RC00X3419K,PC,RFC,WIP
RC00X341G,PC,RFC,WIP
RC00X341GA,PC,RFC,WIP
RC00X341GK,PC,RFC,WIP
RC00X341S0,PC,RFC,WIP
RC00X341S1,PC,RFC,WIP
RC00X341S2,PC,RFC,WIP
RC00X341S7,PC,RFC,WIP
RC00X341S8,PC,RFC,WIP
RC00X341S9,PC,RFC,WIP
RC00X341SG,PC,RFC,WIP
RC00X341SV,PC,RFC,RM
RC00X341V,PC,RFC,RM
RC00X3420,PC,RFC,WIP
RC00X3420K,PC,RFC,WIP
RC00X3421,PC,RFC,WIP
RC00X3421K,PC,RFC,WIP
RC00X3427,PC,RFC,WIP
RC00X3427K,PC,RFC,WIP
RC00X3428,PC,RFC,WIP
RC00X3428K,PC,RFC,WIP
RC00X3429,PC,RFC,WIP
RC00X3429K,PC,RFC,WIP
RC00X342G,PC,RFC,WIP
RC00X342GK,PC,RFC,WIP
RC00X342V,PC,RFC,RM
RC00X3500,PC,RFC,WIP
RC00X3500T,PC,RFC,WIP
RC00X3501,PC,RFC,WIP
RC00X3501T,PC,RFC,WIP
RC00X3507,PC,RFC,WIP
RC00X3507T,PC,RFC,WIP
RC00X3507W,PC,RFC,WIP
RC00X3508,PC,RFC,WIP
RC00X3508T,PC,RFC,WIP
RC00X3508W,PC,RFC,WIP
RC00X350G,PC,RFC,WIP
RC00X350GT,PC,RFC,WIP
RC00X350S0,PC,RFC,WIP
RC00X350S7,PC,RFC,WIP
RC00X350S8,PC,RFC,WIP
RC00X350SG,PC,RFC,WIP
RC00X350SV,PC,RFC,RM
RC00X350V,PC,RFC,RM
RC00X3510,PC,RFC,WIP
RC00X3510A,PC,RFC,WIP
RC00X3510K,PC,RFC,WIP
RC00X3511,PC,RFC,WIP
RC00X3511K,PC,RFC,WIP
RC00X3517,PC,RFC,WIP
RC00X3517A,PC,RFC,WIP
RC00X3517K,PC,RFC,WIP
RC00X3518,PC,RFC,WIP
RC00X3518A,PC,RFC,WIP
RC00X3518K,PC,RFC,WIP
RC00X351G,PC,RFC,WIP
RC00X351GA,PC,RFC,WIP
RC00X351GK,PC,RFC,WIP
RC00X351S0,PC,RFC,WIP
RC00X351S1,PC,RFC,WIP
RC00X351S7,PC,RFC,WIP
RC00X351S8,PC,RFC,WIP
RC00X351SG,PC,RFC,WIP
RC00X351SV,PC,RFC,RM
RC00X351V,PC,RFC,RM
RC00X3520,PC,RFC,WIP
RC00X3520K,PC,RFC,WIP
RC00X3521,PC,RFC,WIP
RC00X3521K,PC,RFC,WIP
RC00X3527,PC,RFC,WIP
RC00X3527K,PC,RFC,WIP
RC00X3528,PC,RFC,WIP
RC00X3528K,PC,RFC,WIP
RC00X352G,PC,RFC,WIP
RC00X352GK,PC,RFC,WIP
RC00X352V,PC,RFC,RM
RC00X3610,PC,RFC,WIP
RC00X3610A,PC,RFC,WIP
RC00X3610K,PC,RFC,WIP
RC00X3611,PC,RFC,WIP
RC00X3611K,PC,RFC,WIP
RC00X361S0,PC,RFC,WIP
RC00X361S1,PC,RFC,WIP
RC00X361SV,PC,RFC,RM
RC00X361V,PC,RFC,RM
RC00X3620,PC,RFC,WIP
RC00X3621,PC,RFC,WIP
RC00X362V,PC,RFC,RM
RC00X6410,PC,RFC,WIP
RC00X641V,PC,RFC,RM
RC00X6510,PC,RFC,WIP
RC00X6511,PC,RFC,WIP
RC00X651V,PC,RFC,RM
RC01X040V,PC,RFC,RM
RC01X050V,PC,RFC,RM
RC01X060V,PC,RFC,RM
RC01X140V,PC,RFC,RM
RC01X150V,PC,RFC,RM
RC01X160V,PC,RFC,RM
RC01X240V,PC,RFC,RM
RC01X250V,PC,RFC,RM
RC04X100V,PC,RFC,RM
RC04X102V,PC,RFC,RM
RC04X110V,PC,RFC,RM
RC04X111V,PC,RFC,RM
RC04X141V,PC,RFC,RM
RC04X200V,PC,RFC,RM
RC04X201V,PC,RFC,RM
RC04X400V,PC,RFC,RM
RC10P5,m,RFS,WIP
RC10P5SU,m,RFS,WIP
RC10P6,m,RFS,WIP
RC10P6SU,m,RFS,WIP
RC20P5,m,RFS,WIP
RC20P5SU,m,RFS,WIP
RC20P6,m,RFS,WIP
RC20P6SU,m,RFS,WIP
RC20X001V,PC,RFC,RM
RC20X003V,PC,RFC,RM
RC20X004V,PC,RFC,RM
RC20X005V,PC,IK,RM
RC20X1320V,PC,RFC,RM
RC20X1351V,PC,RFC,RM
RC20X1551V,PC,RFC,RM
RC20X1851V,PC,RFC,RM
RC20X2250V,PC,RFC,RM
RC20X2674V,PC,RFC,RM
RC20X2874V,PC,RFC,RM
RC20X3174V,PC,RFC,RM
RC20X3374V,PC,RFC,RM
RC20X3674V,PC,RFC,RM
RC20X4515V,PC,RFC,RM
RC20X6280V,PC,RFC,RM
RC21X002V,mm,RFC,RM
RC21X003V,mm,RFC,RM
RC21X004V,mm,RFC,RM
RC21X005V,mm,RFC,RM
RC25X004V,PC,RFC,RM
RC25XG910V,PC,RFC,RM
RC26C1233V-1,PC,RFC,RM
RC26C1242V-1,PC,RFC,RM
RC26E1233V,PC,RFC,RM
RC26E1233V-1,PC,RFC,RM
RC26E1233V-2,PC,RFC,RM
RC26E1242V,PC,RFC,RM
RC26E1242V-1,PC,RFC,RM
RC26E1242V-2,PC,RFC,RM
RC26E1432V,PC,RFC,RM
RC26E1432V-1,PC,RFC,RM
RC26E1432V-2,PC,RFC,RM
RC26E1433V,PC,RFC,RM
RC26E1433V-1,PC,RFC,RM
RC26E1433V-2,PC,RFC,RM
RC26E1613V,PC,RFC,RM
RC26E1622V,PC,RFC,RM
RC26E211V,PC,RFC,RM
RC26E211V-01,PC,RFC,RM
RC26E411V,PC,RFC,RM
RC26E411V-01,PC,RFC,RM
RC26E511V-01,PC,RFC,RM
RC26E542V-01,PC,RFC,RM
RC26E563V-01,PC,RFC,RM
RC26E611V,PC,RFC,RM
RC26J614V,PC,RFC,RM
RC30P5,PC,RFS,WIP
RC30P5SU,PC,RFS,WIP
RC30P6,m,RFS,WIP
RC30P6SU,PC,RFS,WIP
RC30X701V,PC,RFC,RM
RC30X702V,PC,RFC,RM
RC30X703V,PC,RFC,RM
RC30X704V,PC,RFC,RM
RC30X706V,PC,RFC,RM
RC32X301V,PC,RFC,RM
RC32X302V,PC,RFC,RM
RC32X303V,PC,RFC,RM
RC32X304V,PC,RFC,RM
RC32X306V,PC,RFC,RM
RC32X501V,PC,RFC,RM
RC32X502V,PC,RFC,RM
RC32X503V,PC,RFC,RM
RC32X504V,PC,RFC,RM
RC32X506V,PC,RFC,RM
RC34C1401V-2,PC,RFC,RM
RC34E1106V,PC,RFC,RM
RC34E1401V,PC,RFC,RM
RC34E1401V-2,PC,RFC,RM
RC34E1404V,PC,RFC,RM
RC34E1404V-2,PC,RFC,RM
RC34E1404V-3,PC,RFC,RM
RC34E515V-01,PC,RFC,RM
RC36X7011V,PC,RFC,RM
RC36X7011V-1,PC,RFC,RM
RC36X7011V-2,PC,RFC,RM
RC36X7021V,PC,RFC,RM
RC36X7021V-1,PC,RFC,RM
RC36X7021V-2,PC,RFC,RM
RC36X7031V,PC,RFC,RM
RC36X7031V-1,PC,RFC,RM
RC36X7031V-2,PC,RFC,RM
RC36X7032V,PC,RFC,RM
RC36X7032V-1,PC,RFC,RM
RC36X7032V-2,PC,RFC,RM
RC36X7041V,PC,RFC,RM
RC36X7041V-1,PC,RFC,RM
RC36X7041V-2,PC,RFC,RM
RC36X7061V,PC,RFC,RM
RC36X7061V-1,PC,RFC,RM
RC36X7061V-2,PC,RFC,RM
RC37X001V,PC,RFC,RM
RC37X1011V,PC,RFC,RM
RC37X1021V,PC,RFC,RM
RC37X1031V,PC,RFC,RM
RC37X1032V,PC,RFC,RM
RC37X1041V,PC,RFC,RM
RC37X1061V,PC,RFC,RM
RC50GL4L,m,RFS,WIP
RC50GL4LSU,m,RFS,WIP
RC50GL4M,m,RFS,WIP
RC50GL4MSU,m,RFS,WIP
RC50GL4S,m,RFS,WIP
RC50GL4SSU,m,RFS,WIP
RC50GL5L,m,RFS,WIP
RC50GL5LSU,m,RFS,WIP
RC50GL5M,m,RFS,WIP
RC50GL5MSU,m,RFS,WIP
RC50GL5S,m,RFS,WIP
RC50GL5SSU,m,RFS,WIP
RC50OT4D,m,RFS,WIP
RC50OT4DSU,m,RFS,WIP
RC50OT4L,m,RFS,WIP
RC50OT4LSU,m,RFS,WIP
RC50OT4M,m,RFS,WIP
RC50OT4MSU,m,RFS,WIP
RC50OT5,m,RFS,WIP
RC50OT5D,m,RFS,WIP
RC50OT5DSU,m,RFS,WIP
RC50OT5L,m,RFS,WIP
RC50OT5LSU,m,RFS,WIP
RC50OT5M,m,RFS,WIP
RC50OT5MSU,m,RFS,WIP
RC50OT5SU,m,RFS,WIP
RC50OT6,m,RFS,WIP
RC50OT6D,m,RFS,WIP
RC50OT6DSU,m,RFS,WIP
RC50OT6L,m,RFS,WIP
RC50OT6LSU,m,RFS,WIP
RC50OT6M,m,RFS,WIP
RC50OT6MSU,m,RFS,WIP
RC50OT6SU,m,RFS,WIP
RC50P533,PC,RFS,WIP
RC50P535,PC,RFS,WIP
RC50P540,PC,RFS,WIP
RC50P570,PC,RFS,WIP
RC50P633,PC,RFS,WIP
RC50X5DL,m,RFS,WIP
RC50X5DLSU,m,RFS,WIP
RC50X5DM,m,RFS,WIP
RC50X5DMSU,m,RFS,WIP
RC50X5DS,m,RFS,WIP
RC50X5DSSU,m,RFS,WIP
RC50X5SL,m,RFS,WIP
RC50X5SLSU,m,RFS,WIP
RC50X5SM,m,RFS,WIP
RC50X5SMSU,m,RFS,WIP
RC50X5SS,m,RFS,WIP
RC50X5SSSU,m,RFS,WIP
RC5504DGL4L,G,RFS,WIP
RC5504DGL4M,G,RFS,WIP
RC5504DGL4S,G,RFS,WIP
RC5504DOT4D,G,RFS,WIP
RC5504DOT4L,G,RFS,WIP
RC5504DOT4M,G,RFS,WIP
RC5505DGL5L,G,RFS,WIP
RC5505DGL5M,G,RFS,WIP
RC5505DGL5S,G,RFS,WIP
RC5505DOT5,G,RFS,WIP
RC5505DOT5D,G,RFS,WIP
RC5505DOT5L,G,RFS,WIP
RC5505DOT5M,G,RFS,WIP
RC5505DOT6,G,RFS,WIP
RC5505DOT6D,G,RFS,WIP
RC5505DOT6L,G,RFS,WIP
RC5505DOT6M,G,RFS,WIP
RC5505DXL,G,RFS,WIP
RC5505DXM,G,RFS,WIP
RC5505DXS,G,RFS,WIP
RC5505SXL,G,RFS,WIP
RC5505SXM,G,RFS,WIP
RC5505SXS,G,RFS,WIP
RC55WIN04W,G,RFS,WIP
RC55WIN05W,G,RFS,WIP
RC55WIN05WS,G,RFS,WIP
RC60GL4L,m,RFS,WIP
RC60GL4LSU,m,RFS,WIP
RC60GL4M,m,RFS,WIP
RC60GL4MSU,m,RFS,WIP
RC60GL4S,m,RFS,WIP
RC60GL4SSU,m,RFS,WIP
RC60GL5L,m,RFS,WIP
RC60GL5LSU,m,RFS,WIP
RC60GL5M,m,RFS,WIP
RC60GL5MSU,m,RFS,WIP
RC60GL5S,m,RFS,WIP
RC60GL5SSU,m,RFS,WIP
RC60OT4D,m,RFS,WIP
RC60OT4DSU,m,RFS,WIP
RC60OT4L,m,RFS,WIP
RC60OT4LSU,m,RFS,WIP
RC60OT4M,m,RFS,WIP
RC60OT4MSU,m,RFS,WIP
RC60OT5,m,RFS,WIP
RC60OT5D,m,RFS,WIP
RC60OT5DSU,m,RFS,WIP
RC60OT5L,m,RFS,WIP
RC60OT5LSU,m,RFS,WIP
RC60OT5M,m,RFS,WIP
RC60OT5MSU,m,RFS,WIP
RC60OT5SU,m,RFS,WIP
RC60OT6,m,RFS,WIP
RC60OT6D,m,RFS,WIP
RC60OT6DSU,m,RFS,WIP
RC60OT6L,m,RFS,WIP
RC60OT6LSU,m,RFS,WIP
RC60OT6M,m,RFS,WIP
RC60OT6MSU,m,RFS,WIP
RC60OT6SU,m,RFS,WIP
RC60P533,PC,RFS,WIP
RC60P535,PC,RFS,WIP
RC60P540,PC,RFS,WIP
RC60P570,PC,RFS,WIP
RC60P633,PC,RFS,WIP
RC60X5DL,m,RFS,WIP
RC60X5DLSU,m,RFS,WIP
RC60X5DM,m,RFS,WIP
RC60X5DMSU,m,RFS,WIP
RC60X5DS,m,RFS,WIP
RC60X5DSSU,m,RFS,WIP
RC60X5SL,m,RFS,WIP
RC60X5SLSU,m,RFS,WIP
RC60X5SM,m,RFS,WIP
RC60X5SMSU,m,RFS,WIP
RC60X5SS,m,RFS,WIP
RC60X5SSSU,m,RFS,WIP
RC63GL4L,m,RFS,WIP
RC63GL4M,m,RFS,WIP
RC63GL4S,m,RFS,WIP
RC64GL4LSU,m,RFS,WIP
RC64GL4MSU,m,RFS,WIP
RC64GL4SSU,m,RFS,WIP
RC64OT4D,m,RFS,WIP
RC64OT4DSU,m,RFS,WIP
RC64OT4LSU,m,RFS,WIP
RC64OT4MSU,m,RFS,WIP
RC65GL4L,m,RFS,WIP
RC65GL4M,m,RFS,WIP
RC65GL4S,m,RFS,WIP
RC65GL5L,m,RFS,WIP
RC65GL5LSU,m,RFS,WIP
RC65GL5M,m,RFS,WIP
RC65GL5MSU,m,RFS,WIP
RC65GL5S,m,RFS,WIP
RC65GL5SSU,m,RFS,WIP
RC65OT4L,m,RFS,WIP
RC65OT4M,m,RFS,WIP
RC65OT5,m,RFS,WIP
RC65OT5D,m,RFS,WIP
RC65OT5DSU,m,RFS,WIP
RC65OT5L,m,RFS,WIP
RC65OT5LSU,m,RFS,WIP
RC65OT5M,m,RFS,WIP
RC65OT5MSU,m,RFS,WIP
RC65OT5SU,m,RFS,WIP
RC65OT6,m,RFS,WIP
RC65OT6D,m,RFS,WIP
RC65OT6DSU,m,RFS,WIP
RC65OT6L,m,RFS,WIP
RC65OT6LSU,m,RFS,WIP
RC65OT6M,m,RFS,WIP
RC65OT6MSU,m,RFS,WIP
RC65OT6SU,m,RFS,WIP
RC65X5DL,m,RFS,WIP
RC65X5DLSU,m,RFS,WIP
RC65X5DM,m,RFS,WIP
RC65X5DMSU,m,RFS,WIP
RC65X5DS,m,RFS,WIP
RC65X5DSSU,m,RFS,WIP
RC65X5SL,m,RFS,WIP
RC65X5SLSU,m,RFS,WIP
RC65X5SM,m,RFS,WIP
RC65X5SMSU,m,RFS,WIP
RC65X5SS,m,RFS,WIP
RC65X5SSSU,m,RFS,WIP
RC66X5DL,m,RFS,WIP
RC66X5DLSU,m,RFS,WIP
RC66X5DM,m,RFS,WIP
RC66X5DMSU,m,RFS,WIP
RC66X5DS,m,RFS,WIP
RC66X5DSSU,m,RFS,WIP
RC66X5SL,m,RFS,WIP
RC66X5SLSU,m,RFS,WIP
RC66X5SM,m,RFS,WIP
RC66X5SMSU,m,RFS,WIP
RC66X5SS,m,RFS,WIP
RC66X5SSSU,m,RFS,WIP
RC67X5DL,m,RFS,WIP
RC67X5DLSU,m,RFS,WIP
RC67X5DM,m,RFS,WIP
RC67X5DMSU,m,RFS,WIP
RC67X5DS,m,RFS,WIP
RC67X5DSSU,m,RFS,WIP
RC67X5SL,m,RFS,WIP
RC67X5SLSU,m,RFS,WIP
RC67X5SM,m,RFS,WIP
RC67X5SMSU,m,RFS,WIP
RC67X5SS,m,RFS,WIP
RC67X5SSSU,m,RFS,WIP
RC68GL4LSU,m,RFS,WIP
RC68GL4MSU,m,RFS,WIP
RC68GL4SSU,m,RFS,WIP
RC68OT4D,m,RFS,WIP
RC68OT4DSU,m,RFS,WIP
RC68OT4L,m,RFS,WIP
RC68OT4LSU,m,RFS,WIP
RC68OT4M,m,RFS,WIP
RC68OT4MSU,m,RFS,WIP
RC70A40R0L68,PC,RFC,WIP
RC70A40R0L6G,PC,RFC,WIP
RC70A40R0LFG,PC,RFC,WIP
RC70A4JA0M08,PC,RFC,WIP
RC70A4JR0L07,PC,RFC,WIP
RC70A4JR0L08,PC,RFC,WIP
RC70A4JR0L0G,PC,RFC,WIP
RC70A5JA0M08,PC,RFC,WIP
RC70A5JR0L07,PC,RFC,WIP
RC70A5JR0L0G,PC,RFC,WIP
RC70B6JA0M00,PC,RFC,WIP
RC70C40R0L41,PC,RFC,WIP
RC70C40R0L61,PC,RFC,WIP
RC70C40R0L68,PC,RFC,WIP
RC70C6PB141,PC,RFC,WIP
RC70C6PB161,PC,RFC,WIP
RC70GL4L,m,RFS,WIP
RC70GL4LSU,m,RFS,WIP
RC70GL4M,m,RFS,WIP
RC70GL4MSU,m,RFS,WIP
RC70GL4S,m,RFS,WIP
RC70GL4SSU,m,RFS,WIP
RC70GL5L,m,RFS,WIP
RC70GL5LSU,m,RFS,WIP
RC70GL5M,m,RFS,WIP
RC70GL5MSU,m,RFS,WIP
RC70GL5S,m,RFS,WIP
RC70GL5SSU,m,RFS,WIP
RC70GOT4L,m,RFS,WIP
RC70GOT4M,m,RFS,WIP
RC70GOT5,m,RFS,WIP
RC70GOT5L,m,RFS,WIP
RC70GOT5LSU,m,RFS,WIP
RC70GOT5M,m,RFS,WIP
RC70GOT5MSU,m,RFS,WIP
RC70GOT5SU,m,RFS,WIP
RC70GOT6,m,RFS,WIP
RC70GOT6M,m,RFS,WIP
RC70GOT6MSU,m,RFS,WIP
RC70GOT6SU,m,RFS,WIP
RC70H40R0L09,PC,RFC,WIP
RC70H40R0L41,PC,RFC,WIP
RC70H40R0L61,PC,RFC,WIP
RC70H40R0L68,PC,RFC,WIP
RC70H40R0L69,PC,RFC,WIP
RC70H40R0L6G,PC,RFC,WIP
RC70H40R0LF1,PC,RFC,WIP
RC70H40R0LFG,PC,RFC,WIP
RC70H4JA0L01,PC,RFC,WIP
RC70H4JA0M00,PC,RFC,WIP
RC70H4JA0M08,PC,RFC,WIP
RC70H4JR0L00,PC,RFC,WIP
RC70H4JR0L01,PC,RFC,WIP
RC70H4JR0L07,PC,RFC,WIP
RC70H4JR0L08,PC,RFC,WIP
RC70H4JR0L0G,PC,RFC,WIP
RC70H50JA0MH,PC,RFC,WIP
RC70H50JA0MK,PC,RFC,WIP
RC70H5JA0L01,PC,RFC,WIP
RC70H5JA0M00,PC,RFC,WIP
RC70H5JA0M08,PC,RFC,WIP
RC70H5JA0M10,PC,RFC,WIP
RC70H5JA0M1J,PC,RFC,WIP
RC70H5JA0R01,PC,RFC,WIP
RC70H5JR0L00,PC,RFC,WIP
RC70H5JR0L07,PC,RFC,WIP
RC70H5JR0L08,PC,RFC,WIP
RC70H5JR0L0G,PC,RFC,WIP
RC70H5PB141,PC,RFC,WIP
RC70H5PB161,PC,RFC,WIP
RC70H5PB168,PC,RFC,WIP
RC70H5PB16G,PC,RFC,WIP
RC70H5PP200,PC,RFC,WIP
RC70H5PP300,PC,RFC,WIP
RC70H5PP400,PC,RFC,WIP
RC70H6JA0M00,PC,RFC,WIP
RC70H6PB141,PC,RFC,WIP
RC70H6PB161,PC,RFC,WIP
RC70HG4LLV,PC,RFC,RM
RC70HG4MV,PC,RFC,RM
RC70HG6MV,PC,RFC,RM
RC70HG6V,PC,RFC,RM
RC70HT4LLV,PC,RFC,RM
RC70HT4MV,PC,RFC,RM
RC70HT5MV,PC,RFC,RM
RC70HT5V,PC,RFC,RM
RC70HT6MV,PC,RFC,RM
RC70HT6V,PC,RFC,RM
RC70K40R0L09,PC,RFC,WIP
RC70K40R0L41,PC,RFC,WIP
RC70K40R0L61,PC,RFC,WIP
RC70K40R0L68,PC,RFC,WIP
RC70K40R0L69,PC,RFC,WIP
RC70K40R0L6G,PC,RFC,WIP
RC70K40R0LF1,PC,RFC,WIP
RC70K40R0LFG,PC,RFC,WIP
RC70K4JA0L01,PC,RFC,WIP
RC70K4JA0M00,PC,RFC,WIP
RC70K4JA0M08,PC,RFC,WIP
RC70K4JR0L00,PC,RFC,WIP
RC70K4JR0L01,PC,RFC,WIP
RC70K4JR0L07,PC,RFC,WIP
RC70K4JR0L08,PC,RFC,WIP
RC70K4JR0L0G,PC,RFC,WIP
RC70K5JA0L01,PC,RFC,WIP
RC70K5JA0M00,PC,RFC,WIP
RC70K5JA0M08,PC,RFC,WIP
RC70K5JR0L00,PC,RFC,WIP
RC70K5JR0L07,PC,RFC,WIP
RC70K5JR0L08,PC,RFC,WIP
RC70K5JR0L0G,PC,RFC,WIP
RC70K5PB141,PC,RFC,WIP
RC70K5PB161,PC,RFC,WIP
RC70K5PB168,PC,RFC,WIP
RC70K5PB16G,PC,RFC,WIP
RC70K5PP200,PC,RFC,WIP
RC70K5PP300,PC,RFC,WIP
RC70K5PP400,PC,RFC,WIP
RC70K6JA0M00,PC,RFC,WIP
RC70K6PB141,PC,RFC,WIP
RC70K6PB161,PC,RFC,WIP
RC70OF4MV,PC,RFC,RM
RC70OF4V,PC,RFC,RM
RC70OF5MV,PC,RFC,RM
RC70OF5V,PC,RFC,RM
RC70OT4D,m,RFS,WIP
RC70OT4DSU,m,RFS,WIP
RC70OT4L,m,RFS,WIP
RC70OT4LSU,m,RFS,WIP
RC70OT4M,m,RFS,WIP
RC70OT4MSU,m,RFS,WIP
RC70OT5,m,RFS,WIP
RC70OT5D,m,RFS,WIP
RC70OT5DSU,m,RFS,WIP
RC70OT5L,m,RFS,WIP
RC70OT5LSU,m,RFS,WIP
RC70OT5M,m,RFS,WIP
RC70OT5MSU,m,RFS,WIP
RC70OT5SU,m,RFS,WIP
RC70OT6,m,RFS,WIP
RC70OT6D,m,RFS,WIP
RC70OT6DSU,m,RFS,WIP
RC70OT6L,m,RFS,WIP
RC70OT6LSU,m,RFS,WIP
RC70OT6M,m,RFS,WIP
RC70OT6MSU,m,RFS,WIP
RC70OT6SU,m,RFS,WIP
RC70P533,PC,RFS,WIP
RC70P535,PC,RFS,WIP
RC70P540,PC,RFS,WIP
RC70P570,PC,RFS,WIP
RC70P633,PC,RFS,WIP
RC70Q4JA0M00,PC,RFC,WIP
RC70Q5PB1R81,PC,RFC,WIP
RC70Q5ZD6M00,PC,RFC,WIP
RC70S5LS06P1,PC,RFC,WIP
RC70S5MS00K0,PC,RFC,WIP
RC70S5MS02K0,PC,RFC,WIP
RC70S5SS00K1,PC,RFC,WIP
RC70S5SS00K7,PC,RFC,WIP
RC70S5SS00K8,PC,RFC,WIP
RC70S5SS00KG,PC,RFC,WIP
RC70S5SS00P1,PC,RFC,WIP
RC70S5SS00P8,PC,RFC,WIP
RC70S5SS00PG,PC,RFC,WIP
RC70S5SS02K8,PC,RFC,WIP
RC70S5SS02KG,PC,RFC,WIP
RC70S5SS06K8,PC,RFC,WIP
RC70S5SS06KG,PC,RFC,WIP
RC70S5SS06P1,PC,RFC,WIP
RC70S5SS06P8,PC,RFC,WIP
RC70S5SS06PG,PC,RFC,WIP
RC70T5LS06P1,PC,RFC,WIP
RC70T5MS00K0,PC,RFC,WIP
RC70T5MS02K0,PC,RFC,WIP
RC70T5SS00K7,PC,RFC,WIP
RC70T5SS00K8,PC,RFC,WIP
RC70T5SS00KG,PC,RFC,WIP
RC70T5SS02K8,PC,RFC,WIP
RC70T5SS02KG,PC,RFC,WIP
RC70T5SS06K8,PC,RFC,WIP
RC70T5SS06KG,PC,RFC,WIP
RC70T5SS06P8,PC,RFC,WIP
RC70T5SS06PG,PC,RFC,WIP
RC70V40R0L61,PC,RFC,WIP
RC70V4JR0L00,PC,RFC,WIP
RC70W5DS00K7,PC,RFC,WIP
RC70W5DS00K8,PC,RFC,WIP
RC70X5DL,m,RFS,WIP
RC70X5DLSU,m,RFS,WIP
RC70X5DM,m,RFS,WIP
RC70X5DMSU,m,RFS,WIP
RC70X5DS,m,RFS,WIP
RC70X5DSSU,m,RFS,WIP
RC70X5SL,m,RFS,WIP
RC70X5SLNV,PC,RFC,RM
RC70X5SLSU,m,RFS,WIP
RC70X5SM,m,RFS,WIP
RC70X5SMSU,m,RFS,WIP
RC70X5SMV,PC,RFC,RM
RC70X5SS,m,RFS,WIP
RC70X5SSSU,m,RFS,WIP
RC70X5SSV,PC,RFC,RM
RC75GL4L,PC,RFS,WIP
RC75GL4LSU,PC,RFS,WIP
RC75GL4M,PC,RFS,WIP
RC75GL4MSU,PC,RFS,WIP
RC75GL4S,PC,RFS,WIP
RC75GL4SSU,PC,RFS,WIP
RC75GL5L,PC,RFS,WIP
RC75GL5LSU,PC,RFS,WIP
RC75GL5M,PC,RFS,WIP
RC75GL5MSU,PC,RFS,WIP
RC75GL5S,PC,RFS,WIP
RC75GL5SSU,PC,RFS,WIP
RC75GOT4L,PC,RFS,WIP
RC75GOT4M,PC,RFS,WIP
RC75GOT5,PC,RFS,WIP
RC75GOT5L,PC,RFS,WIP
RC75GOT5LSU,PC,RFS,WIP
RC75GOT5M,PC,RFS,WIP
RC75GOT5MSU,PC,RFS,WIP
RC75GOT5SU,PC,RFS,WIP
RC75GOT6,PC,RFS,WIP
RC75GOT6M,PC,RFS,WIP
RC75GOT6MSU,PC,RFS,WIP
RC75GOT6SU,PC,RFS,WIP
RC75OT4D,PC,RFS,WIP
RC75OT4DSU,PC,RFS,WIP
RC75OT4L,PC,RFS,WIP
RC75OT4LSU,PC,RFS,WIP
RC75OT4M,PC,RFS,WIP
RC75OT4MSU,PC,RFS,WIP
RC75OT5,PC,RFS,WIP
RC75OT5D,PC,RFS,WIP
RC75OT5DSU,PC,RFS,WIP
RC75OT5L,PC,RFS,WIP
RC75OT5LSU,PC,RFS,WIP
RC75OT5M,PC,RFS,WIP
RC75OT5MSU,PC,RFS,WIP
RC75OT5SU,PC,RFS,WIP
RC75OT6,PC,RFS,WIP
RC75OT6D,PC,RFS,WIP
RC75OT6DSU,PC,RFS,WIP
RC75OT6L,PC,RFS,WIP
RC75OT6LSU,PC,RFS,WIP
RC75OT6M,PC,RFS,WIP
RC75OT6MSU,PC,RFS,WIP
RC75OT6SU,PC,RFS,WIP
RC75X5DL,PC,RFS,WIP
RC75X5DLSU,PC,RFS,WIP
RC75X5DM,PC,RFS,WIP
RC75X5DMSU,PC,RFS,WIP
RC75X5DS,PC,RFS,WIP
RC75X5DSSU,PC,RFS,WIP
RC75X5SL,PC,RFS,WIP
RC75X5SLSU,PC,RFS,WIP
RC75X5SM,PC,RFS,WIP
RC75X5SMSU,PC,RFS,WIP
RC75X5SS,PC,RFS,WIP
RC75X5SSSU,PC,RFS,WIP
RC80GOT4L,PC,RFS,WIP
RC80GOT4M,PC,RFS,WIP
RC80GOT5,PC,RFS,WIP
RC80GOT5L,PC,RFS,WIP
RC80GOT5LSU,PC,RFS,WIP
RC80GOT5M,PC,RFS,WIP
RC80GOT5MSU,PC,RFS,WIP
RC80GOT5SU,PC,RFS,WIP
RC80GOT6,PC,RFS,WIP
RC80GOT6M,PC,RFS,WIP
RC80GOT6MSU,PC,RFS,WIP
RC80GOT6SU,PC,RFS,WIP
RC80H40R0L,PC,RFC,WIP
RC80H40R0LA,PC,RFC,WIP
RC80H40R0LC,PC,RFC,WIP
RC80H40R0LCA,PC,RFC,WIP
RC80H40R0LK,PC,RFC,WIP
RC80H40R0LV,PC,RFC,WIP
RC80H4JA0L,PC,RFC,WIP
RC80H4JA0LK,PC,RFC,WIP
RC80H4JA0M,PC,RFC,WIP
RC80H4JA0MA,PC,RFC,WIP
RC80H4JA0MCA,PC,RFC,WIP
RC80H4JA0MK,PC,RFC,WIP
RC80H4JR0L,PC,RFC,WIP
RC80H4JR0LA,PC,RFC,WIP
RC80H4JR0LCA,PC,RFC,WIP
RC80H4JR0LK,PC,RFC,WIP
RC80H4JR0LKA,PC,RFC,WIP
RC80H4JR0LV,PC,RFC,WIP
RC80H5JA0L,PC,RFC,WIP
RC80H5JA0LK,PC,RFC,WIP
RC80H5JA0M,PC,RFC,WIP
RC80H5JA0MA,PC,RFC,WIP
RC80H5JA0MCA,PC,RFC,WIP
RC80H5JA0MK,PC,RFC,WIP
RC80H5JA0R,PC,RFC,WIP
RC80H5JR0L,PC,RFC,WIP
RC80H5JR0LA,PC,RFC,WIP
RC80H5JR0LCA,PC,RFC,WIP
RC80H5JR0LK,PC,RFC,WIP
RC80H5PB1R,PC,RFC,WIP
RC80H5PB1RK,PC,RFC,WIP
RC80H5PP2R,PC,RFC,WIP
RC80H5PP2RK,PC,RFC,WIP
RC80H5PP3R,PC,RFC,WIP
RC80H5PP3RK,PC,RFC,WIP
RC80H5PP4R,PC,RFC,WIP
RC80H5PP4RK,PC,RFC,WIP
RC80H6JA0M,PC,RFC,WIP
RC80H6JA0MA,PC,RFC,WIP
RC80H6JA0MB,PC,RFC,WIP
RC80H6JA0MK,PC,RFC,WIP
RC80H6PB1R,PC,RFC,WIP
RC80H6PB1RC,PC,RFC,WIP
RC80H6PB1RK,PC,RFC,WIP
RC80OT4D,PC,RFS,WIP
RC80OT4DSU,PC,RFS,WIP
RC80OT4L,PC,RFS,WIP
RC80OT4LSU,PC,RFS,WIP
RC80OT4M,PC,RFS,WIP
RC80OT4MSU,PC,RFS,WIP
RC80OT5,PC,RFS,WIP
RC80OT5D,PC,RFS,WIP
RC80OT5DSU,PC,RFS,WIP
RC80OT5L,PC,RFS,WIP
RC80OT5LSU,PC,RFS,WIP
RC80OT5M,PC,RFS,WIP
RC80OT5MSU,PC,RFS,WIP
RC80OT5SU,PC,RFS,WIP
RC80OT6,PC,RFS,WIP
RC80OT6D,PC,RFS,WIP
RC80OT6DSU,PC,RFS,WIP
RC80OT6L,PC,RFS,WIP
RC80OT6LSU,PC,RFS,WIP
RC80OT6M,PC,RFS,WIP
RC80OT6MSU,PC,RFS,WIP
RC80OT6SU,PC,RFS,WIP
RC80Q4JA0M,PC,RFC,WIP
RC80Q5PB1R,PC,RFC,WIP
RC80Q5ZD6M,PC,RFC,WIP
RC80X5DL,PC,RFS,WIP
RC80X5DLSU,PC,RFS,WIP
RC80X5DM,PC,RFS,WIP
RC80X5DMSU,PC,RFS,WIP
RC80X5DS,PC,RFS,WIP
RC80X5DSSU,PC,RFS,WIP
RC80X5SL,PC,RFS,WIP
RC80X5SLSU,PC,RFS,WIP
RC80X5SM,PC,RFS,WIP
RC80X5SMSU,PC,RFS,WIP
RC80X5SS,PC,RFS,WIP
RC80X5SSSU,PC,RFS,WIP
RC85GL4L,PC,RFS,WIP
RC85GL4M,PC,RFS,WIP
RC85GL4S,PC,RFS,WIP
RC85GL5L,PC,RFS,WIP
RC85GL5M,PC,RFS,WIP
RC85GL5S,PC,RFS,WIP
RC85GT4L,PC,RFS,WIP
RC85GT4LL,PC,RFC,WIP
RC85GT4M,PC,RFS,WIP
RC85GT5,PC,RFS,WIP
RC85GT5L,PC,RFS,WIP
RC85GT5M,PC,RFS,WIP
RC85GT6,PC,RFS,WIP
RC85GT6M,PC,RFS,WIP
RC85OT4D,PC,RFS,WIP
RC85OT4L,PC,RFS,WIP
RC85OT4M,PC,RFS,WIP
RC85OT6,PC,RFS,WIP
RC85OT6D,PC,RFS,WIP
RC85OT6L,PC,RFS,WIP
RC85OT6M,PC,RFS,WIP
RC85QF4M,PC,RFC,WIP
RC85QF5,PC,RFC,WIP
RC85QF5M,PC,RFC,WIP
RC85UT4LL,PC,RFC,WIP
RC85UT4M,PC,RFC,WIP
RC85UT5,PC,RFS,WIP
RC85UT5D,PC,RFS,WIP
RC85UT5L,PC,RFS,WIP
RC85UT5M,PC,RFS,WIP
RC85UT6,PC,RFC,WIP
RC85UT6M,PC,RFC,WIP
RC85X5DS,PC,RFS,WIP
RC85X5SLN,PC,RFC,WIP
RC85X5SM,PC,RFC,WIP
RC85X5SS,PC,RFC,WIP
RC90X5DL,PC,RFS,WIP
RC90X5DM,PC,RFS,WIP
RC90X5DS,PC,RFS,WIP
RC90X5SL,PC,RFS,WIP
RC90X5SM,PC,RFS,WIP
RC90X5SS,PC,RFS,WIP
RC93X098V,PC,RFC,RM
RC93X102V,PC,RFC,RM
RC93X107V,PC,RFC,RM
RC93X110V,PC,RFC,RM
RC93X120V,PC,RFC,RM
RC93X533V,PC,RFC,RM
RC93X535V,PC,RFC,RM
RC93X540V,PC,RFC,RM
RC93X570V,PC,RFC,RM
RC93X633V,PC,RFC,RM
RC9VH40R0L6,PC,RFC,WIP
RC9VH4JA0M0,PC,RFC,WIP
RC9VH4JR0L0,PC,RFC,WIP
RC9VH5JA0M0,PC,RFC,WIP
RC9VH5JR0L0,PC,RFC,WIP
RC9VH6JA0M0,PC,RFC,WIP
RF*DA15008CL,PC,RFC,WIP
RF*DA15008CS,PC,RFC,WIP
RF*DA15008M,EA,RFC,FG
RF*DA15008PL,PC,RFC,WIP
RF*DA15008PS,PC,RFC,WIP
RF*DA15008SL,PC,RFC,WIP
RF*DA15008UL,PC,RFC,WIP
RF*DA15008US,PC,RFC,WIP
RF*DA25008CL,PC,RFC,WIP
RF*DA25008CS,PC,RFC,WIP
RF*DA25008M,EA,RFC,FG
RF*DA25008PL,PC,RFC,WIP
RF*DA25008PS,PC,RFC,WIP
RF*DA25008SL,PC,RFC,WIP
RF*DA25008UL,PC,RFC,WIP
RF*DA25008US,PC,RFC,WIP
RF*DA7500GCL,PC,RFC,WIP
RF*DA7500GCS,PC,RFC,WIP
RF*DA7500GM,EA,RFC,FG
RF*DA7500GPL,PC,RFC,WIP
RF*DA7500GPS,PC,RFC,WIP
RF*DA7500GSL,PC,RFC,WIP
RF*DA7500GUL,PC,RFC,WIP
RF*DA7500GUS,PC,RFC,WIP
RF*DAB5008CL,PC,RFC,WIP
RF*DAB5008CS,PC,RFC,WIP
RF*DAB5008M,EA,RFC,FG
RF*DAB5008PL,PC,RFC,WIP
RF*DAB5008PS,PC,RFC,WIP
RF*DAB5008SL,PC,RFC,WIP
RF*DAB5008UL,PC,RFC,WIP
RF*DAB5008US,PC,RFC,WIP
RF*DAC5008CL,PC,RFC,WIP
RF*DAC5008CS,PC,RFC,WIP
RF*DAC5008M,EA,RFC,FG
RF*DAC5008PL,PC,RFC,WIP
RF*DAC5008PS,PC,RFC,WIP
RF*DAC5008SL,PC,RFC,WIP
RF*DAC5008UL,PC,RFC,WIP
RF*DAC5008US,PC,RFC,WIP
RF*DB1500GCL,PC,RFC,WIP
RF*DB1500GCS,PC,RFC,WIP
RF*DB1500GM,EA,RFC,FG
RF*DB1500GPL,PC,RFC,WIP
RF*DB1500GPS,PC,RFC,WIP
RF*DB1500GSL,PC,RFC,WIP
RF*DB1500GUL,PC,RFC,WIP
RF*DB1500GUS,PC,RFC,WIP
RF*DB25008CL,PC,RFC,WIP
RF*DB25008CS,PC,RFC,WIP
RF*DB25008M,EA,RFC,FG
RF*DB25008PL,PC,RFC,WIP
RF*DB25008PS,PC,RFC,WIP
RF*DB25008SL,PC,RFC,WIP
RF*DB25008UL,PC,RFC,WIP
RF*DB25008US,PC,RFC,WIP
RF*DB2500GCL,PC,RFC,WIP
RF*DB2500GCS,PC,RFC,WIP
RF*DB2500GM,EA,RFC,FG
RF*DB2500GPL,PC,RFC,WIP
RF*DB2500GPS,PC,RFC,WIP
RF*DB2500GSL,PC,RFC,WIP
RF*DB2500GUL,PC,RFC,WIP
RF*DB2500GUS,PC,RFC,WIP
RF*DB3500GCL,PC,RFC,WIP
RF*DB3500GCS,PC,RFC,WIP
RF*DB3500GM,EA,RFC,FG
RF*DB3500GPL,PC,RFC,WIP
RF*DB3500GPS,PC,RFC,WIP
RF*DB3500GSL,PC,RFC,WIP
RF*DB3500GUL,PC,RFC,WIP
RF*DB3500GUS,PC,RFC,WIP
RF*DB45008CL,PC,RFC,WIP
RF*DB45008CS,PC,RFC,WIP
RF*DB45008M,EA,RFC,FG
RF*DB45008PL,PC,RFC,WIP
RF*DB45008PS,PC,RFC,WIP
RF*DB45008SL,PC,RFC,WIP
RF*DB45008UL,PC,RFC,WIP
RF*DB45008US,PC,RFC,WIP
RF*DB4500GCL,PC,RFC,WIP
RF*DB4500GCS,PC,RFC,WIP
RF*DB4500GM,EA,RFC,FG
RF*DB4500GPL,PC,RFC,WIP
RF*DB4500GPS,PC,RFC,WIP
RF*DB4500GSL,PC,RFC,WIP
RF*DB4500GUL,PC,RFC,WIP
RF*DB4500GUS,PC,RFC,WIP
RF*DB55008CL,PC,RFC,WIP
RF*DB55008CS,PC,RFC,WIP
RF*DB55008M,EA,RFC,FG
RF*DB55008PL,PC,RFC,WIP
RF*DB55008PS,PC,RFC,WIP
RF*DB55008SL,PC,RFC,WIP
RF*DB55008UL,PC,RFC,WIP
RF*DB55008US,PC,RFC,WIP
RF*DB5500GCL,PC,RFC,WIP
RF*DB5500GCS,PC,RFC,WIP
RF*DB5500GM,EA,RFC,FG
RF*DB5500GPL,PC,RFC,WIP
RF*DB5500GPS,PC,RFC,WIP
RF*DB5500GSL,PC,RFC,WIP
RF*DB5500GUL,PC,RFC,WIP
RF*DB5500GUS,PC,RFC,WIP
RF*DB65008CL,PC,RFC,WIP
RF*DB65008CS,PC,RFC,WIP
RF*DB65008M,EA,RFC,FG
RF*DB65008PL,PC,RFC,WIP
RF*DB65008PS,PC,RFC,WIP
RF*DB65008SL,PC,RFC,WIP
RF*DB65008UL,PC,RFC,WIP
RF*DB65008US,PC,RFC,WIP
RF*DB6500GCL,PC,RFC,WIP
RF*DB6500GCS,PC,RFC,WIP
RF*DB6500GM,EA,RFC,FG
RF*DB6500GPL,PC,RFC,WIP
RF*DB6500GPS,PC,RFC,WIP
RF*DB6500GSL,PC,RFC,WIP
RF*DB6500GUL,PC,RFC,WIP
RF*DB6500GUS,PC,RFC,WIP
RF*DBE5008CS,PC,RFC,WIP
RF*DBE5008PS,PC,RFC,WIP
RF*DBE5008SL,PC,RFC,WIP
RF*DBE5008US,PC,RFC,WIP
RF*DBE5008WC,PC,RFC,WIP
RF*DBE5008WCL,PC,RFC,WIP
RF*DBE5008WM,EA,RFC,FG
RF*DBE5008WP,PC,RFC,WIP
RF*DBE5008WPL,PC,RFC,WIP
RF*DBE5008WS,PC,RFC,WIP
RF*DBE5008WSL,PC,RFC,WIP
RF*DBE5008WU,PC,RFC,WIP
RF*DBE5008WUL,PC,RFC,WIP
RF*DBF5008CS,PC,RFC,WIP
RF*DBF5008PS,PC,RFC,WIP
RF*DBF5008SL,PC,RFC,WIP
RF*DBF5008US,PC,RFC,WIP
RF*DBF5008WC,PC,RFC,WIP
RF*DBF5008WCL,PC,RFC,WIP
RF*DBF5008WM,EA,RFC,FG
RF*DBF5008WP,PC,RFC,WIP
RF*DBF5008WPL,PC,RFC,WIP
RF*DBF5008WS,PC,RFC,WIP
RF*DBF5008WSL,PC,RFC,WIP
RF*DBF5008WU,PC,RFC,WIP
RF*DBF5008WUL,PC,RFC,WIP
RF*DC3500GCL,PC,RFC,WIP
RF*DC3500GCS,PC,RFC,WIP
RF*DC3500GM,EA,RFC,FG
RF*DC3500GPL,PC,RFC,WIP
RF*DC3500GPS,PC,RFC,WIP
RF*DC3500GSL,PC,RFC,WIP
RF*DC3500GUL,PC,RFC,WIP
RF*DC3500GUS,PC,RFC,WIP
RF*DC45008CL,PC,RFC,WIP
RF*DC45008CS,PC,RFC,WIP
RF*DC45008M,EA,RFC,FG
RF*DC45008PL,PC,RFC,WIP
RF*DC45008PS,PC,RFC,WIP
RF*DC45008SL,PC,RFC,WIP
RF*DC45008UL,PC,RFC,WIP
RF*DC45008US,PC,RFC,WIP
RF*DC4500GCL,PC,RFC,WIP
RF*DC4500GCS,PC,RFC,WIP
RF*DC4500GM,EA,RFC,FG
RF*DC4500GPL,PC,RFC,WIP
RF*DC4500GPS,PC,RFC,WIP
RF*DC4500GSL,PC,RFC,WIP
RF*DC4500GUL,PC,RFC,WIP
RF*DC4500GUS,PC,RFC,WIP
RF*DD3500GCL,PC,RFC,WIP
RF*DD3500GCS,PC,RFC,WIP
RF*DD3500GM,EA,RFC,FG
RF*DD3500GPL,PC,RFC,WIP
RF*DD3500GPS,PC,RFC,WIP
RF*DD3500GSL,PC,RFC,WIP
RF*DD3500GUL,PC,RFC,WIP
RF*DD3500GUS,PC,RFC,WIP
RF*DD4500GCL,PC,RFC,WIP
RF*DD4500GCS,PC,RFC,WIP
RF*DD4500GM,EA,RFC,FG
RF*DD4500GPL,PC,RFC,WIP
RF*DD4500GPS,PC,RFC,WIP
RF*DD4500GSL,PC,RFC,WIP
RF*DD4500GUL,PC,RFC,WIP
RF*DD4500GUS,PC,RFC,WIP
RF*DD55008CL,PC,RFC,WIP
RF*DD55008CS,PC,RFC,WIP
RF*DD55008M,EA,RFC,FG
RF*DD55008PL,PC,RFC,WIP
RF*DD55008PS,PC,RFC,WIP
RF*DD55008SL,PC,RFC,WIP
RF*DD55008UL,PC,RFC,WIP
RF*DD55008US,PC,RFC,WIP
RF*DD5500GCL,PC,RFC,WIP
RF*DD5500GCS,PC,RFC,WIP
RF*DD5500GM,EA,RFC,FG
RF*DD5500GPL,PC,RFC,WIP
RF*DD5500GPS,PC,RFC,WIP
RF*DD5500GSL,PC,RFC,WIP
RF*DD5500GUL,PC,RFC,WIP
RF*DD5500GUS,PC,RFC,WIP
RF*DD6500GCL,PC,RFC,WIP
RF*DD6500GCS,PC,RFC,WIP
RF*DD6500GM,EA,RFC,FG
RF*DD6500GPL,PC,RFC,WIP
RF*DD6500GPS,PC,RFC,WIP
RF*DD6500GSL,PC,RFC,WIP
RF*DD6500GUL,PC,RFC,WIP
RF*DD6500GUS,PC,RFC,WIP
RF*DE45008CL,PC,RFC,WIP
RF*DE45008CS,PC,RFC,WIP
RF*DE45008M,EA,RFC,FG
RF*DE45008PL,PC,RFC,WIP
RF*DE45008PS,PC,RFC,WIP
RF*DE45008SL,PC,RFC,WIP
RF*DE45008UL,PC,RFC,WIP
RF*DE45008US,PC,RFC,WIP
RF*DE4500GCL,PC,RFC,WIP
RF*DE4500GCS,PC,RFC,WIP
RF*DE4500GM,EA,RFC,FG
RF*DE4500GPL,PC,RFC,WIP
RF*DE4500GPS,PC,RFC,WIP
RF*DE4500GSL,PC,RFC,WIP
RF*DE4500GUL,PC,RFC,WIP
RF*DE4500GUS,PC,RFC,WIP
RF*DF25008CL,PC,RFC,WIP
RF*DF25008CS,PC,RFC,WIP
RF*DF25008M,EA,RFC,FG
RF*DF25008PL,PC,RFC,WIP
RF*DF25008PS,PC,RFC,WIP
RF*DF25008SL,PC,RFC,WIP
RF*DF25008UL,PC,RFC,WIP
RF*DF25008US,PC,RFC,WIP
RF*DG15008CL,PC,RFC,WIP
RF*DG15008CS,PC,RFC,WIP
RF*DG15008M,EA,RFC,FG
RF*DG15008PL,PC,RFC,WIP
RF*DG15008PS,PC,RFC,WIP
RF*DG15008SL,PC,RFC,WIP
RF*DG15008UL,PC,RFC,WIP
RF*DG15008US,PC,RFC,WIP
RF*DG35008CL,PC,RFC,WIP
RF*DG35008CS,PC,RFC,WIP
RF*DG35008M,EA,RFC,FG
RF*DG35008PL,PC,RFC,WIP
RF*DG35008PS,PC,RFC,WIP
RF*DG35008SL,PC,RFC,WIP
RF*DG35008UL,PC,RFC,WIP
RF*DG35008US,PC,RFC,WIP
RF*DG45008CL,PC,RFC,WIP
RF*DG45008CS,PC,RFC,WIP
RF*DG45008M,EA,RFC,FG
RF*DG45008PL,PC,RFC,WIP
RF*DG45008PS,PC,RFC,WIP
RF*DG45008SL,PC,RFC,WIP
RF*DG45008UL,PC,RFC,WIP
RF*DG45008US,PC,RFC,WIP
RF*DG95007CL,PC,RFC,WIP
RF*DG95007CS,PC,RFC,WIP
RF*DG95007M,EA,RFC,FG
RF*DG95007PL,PC,RFC,WIP
RF*DG95007PS,PC,RFC,WIP
RF*DG95007SL,PC,RFC,WIP
RF*DG95007UL,PC,RFC,WIP
RF*DG95007US,PC,RFC,WIP
RF*DGD5008CS,PC,RFC,WIP
RF*DGD5008PS,PC,RFC,WIP
RF*DGD5008SL,PC,RFC,WIP
RF*DGD5008US,PC,RFC,WIP
RF*DGD5008WC,PC,RFC,WIP
RF*DGD5008WCL,PC,RFC,WIP
RF*DGD5008WM,EA,RFC,FG
RF*DGD5008WP,PC,RFC,WIP
RF*DGD5008WPL,PC,RFC,WIP
RF*DGD5008WS,PC,RFC,WIP
RF*DGD5008WSL,PC,RFC,WIP
RF*DGD5008WU,PC,RFC,WIP
RF*DGD5008WUL,PC,RFC,WIP
RF*DGI5007CS,PC,RFC,WIP
RF*DGI5007PS,PC,RFC,WIP
RF*DGI5007SL,PC,RFC,WIP
RF*DGI5007US,PC,RFC,WIP
RF*DGI5007WC,PC,RFC,WIP
RF*DGI5007WCL,PC,RFC,WIP
RF*DGI5007WM,EA,RFC,FG
RF*DGI5007WP,PC,RFC,WIP
RF*DGI5007WPL,PC,RFC,WIP
RF*DGI5007WS,PC,RFC,WIP
RF*DGI5007WSL,PC,RFC,WIP
RF*DGI5007WU,PC,RFC,WIP
RF*DGI5007WUL,PC,RFC,WIP
RF*EA15010CL,PC,RFC,WIP
RF*EA15010CS,PC,RFC,WIP
RF*EA15010M,EA,RFC,FG
RF*EA15010PL,PC,RFC,WIP
RF*EA15010PS,PC,RFC,WIP
RF*EA15010SL,PC,RFC,WIP
RF*EA15010UL,PC,RFC,WIP
RF*EA15010US,PC,RFC,WIP
RF*EA25010CL,PC,RFC,WIP
RF*EA25010CS,PC,RFC,WIP
RF*EA25010M,EA,RFC,FG
RF*EA25010PL,PC,RFC,WIP
RF*EA25010PS,PC,RFC,WIP
RF*EA25010SL,PC,RFC,WIP
RF*EA25010UL,PC,RFC,WIP
RF*EA25010US,PC,RFC,WIP
RF*EA35010CL,PC,RFC,WIP
RF*EA35010CS,PC,RFC,WIP
RF*EA35010M,EA,RFC,FG
RF*EA35010PL,PC,RFC,WIP
RF*EA35010PS,PC,RFC,WIP
RF*EA35010SL,PC,RFC,WIP
RF*EA35010UL,PC,RFC,WIP
RF*EA35010US,PC,RFC,WIP
RF*EA45010CL,PC,RFC,WIP
RF*EA45010CS,PC,RFC,WIP
RF*EA45010M,EA,RFC,FG
RF*EA45010PL,PC,RFC,WIP
RF*EA45010PS,PC,RFC,WIP
RF*EA45010SL,PC,RFC,WIP
RF*EA45010UL,PC,RFC,WIP
RF*EA45010US,PC,RFC,WIP
RF*EB15010CL,PC,RFC,WIP
RF*EB15010CS,PC,RFC,WIP
RF*EB15010M,EA,RFC,FG
RF*EB15010PL,PC,RFC,WIP
RF*EB15010PS,PC,RFC,WIP
RF*EB15010SL,PC,RFC,WIP
RF*EB15010UL,PC,RFC,WIP
RF*EB15010US,PC,RFC,WIP
RF*EB25010CL,PC,RFC,WIP
RF*EB25010CS,PC,RFC,WIP
RF*EB25010M,EA,RFC,FG
RF*EB25010PL,PC,RFC,WIP
RF*EB25010PS,PC,RFC,WIP
RF*EB25010SL,PC,RFC,WIP
RF*EB25010UL,PC,RFC,WIP
RF*EB25010US,PC,RFC,WIP
RF*EB35010CL,PC,RFC,WIP
RF*EB35010CS,PC,RFC,WIP
RF*EB35010M,EA,RFC,FG
RF*EB35010PL,PC,RFC,WIP
RF*EB35010PS,PC,RFC,WIP
RF*EB35010SL,PC,RFC,WIP
RF*EB35010UL,PC,RFC,WIP
RF*EB35010US,PC,RFC,WIP
RF*EB45010CL,PC,RFC,WIP
RF*EB45010CS,PC,RFC,WIP
RF*EB45010M,EA,RFC,FG
RF*EB45010PL,PC,RFC,WIP
RF*EB45010PS,PC,RFC,WIP
RF*EB45010SL,PC,RFC,WIP
RF*EB45010UL,PC,RFC,WIP
RF*EB45010US,PC,RFC,WIP
RF*EC15010CL,PC,RFC,WIP
RF*EC15010CS,PC,RFC,WIP
RF*EC15010M,EA,RFC,FG
RF*EC15010PL,PC,RFC,WIP
RF*EC15010PS,PC,RFC,WIP
RF*EC15010SL,PC,RFC,WIP
RF*EC15010UL,PC,RFC,WIP
RF*EC15010US,PC,RFC,WIP
RF*EC25010CL,PC,RFC,WIP
RF*EC25010CS,PC,RFC,WIP
RF*EC25010M,EA,RFC,FG
RF*EC25010PL,PC,RFC,WIP
RF*EC25010PS,PC,RFC,WIP
RF*EC25010SL,PC,RFC,WIP
RF*EC25010UL,PC,RFC,WIP
RF*EC25010US,PC,RFC,WIP
RF*EC35010CL,PC,RFC,WIP
RF*EC35010CS,PC,RFC,WIP
RF*EC35010M,EA,RFC,FG
RF*EC35010PL,PC,RFC,WIP
RF*EC35010PS,PC,RFC,WIP
RF*EC35010SL,PC,RFC,WIP
RF*EC35010UL,PC,RFC,WIP
RF*EC35010US,PC,RFC,WIP
RF*EC45010CL,PC,RFC,WIP
RF*EC45010CS,PC,RFC,WIP
RF*EC45010M,EA,RFC,FG
RF*EC45010PL,PC,RFC,WIP
RF*EC45010PS,PC,RFC,WIP
RF*EC45010SL,PC,RFC,WIP
RF*EC45010UL,PC,RFC,WIP
RF*EC45010US,PC,RFC,WIP
RF*EE15010CL,PC,RFC,WIP
RF*EE15010CS,PC,RFC,WIP
RF*EE15010M,EA,RFC,FG
RF*EE15010PL,PC,RFC,WIP
RF*EE15010PS,PC,RFC,WIP
RF*EE15010SL,PC,RFC,WIP
RF*EE15010UL,PC,RFC,WIP
RF*EE15010US,PC,RFC,WIP
RF*EE25010CL,PC,RFC,WIP
RF*EE25010CS,PC,RFC,WIP
RF*EE25010M,EA,RFC,FG
RF*EE25010PL,PC,RFC,WIP
RF*EE25010PS,PC,RFC,WIP
RF*EE25010SL,PC,RFC,WIP
RF*EE25010UL,PC,RFC,WIP
RF*EE25010US,PC,RFC,WIP
RF*EG15010CL,PC,RFC,WIP
RF*EG15010CS,PC,RFC,WIP
RF*EG15010M,EA,RFC,FG
RF*EG15010PL,PC,RFC,WIP
RF*EG15010PS,PC,RFC,WIP
RF*EG15010SL,PC,RFC,WIP
RF*EG15010UL,PC,RFC,WIP
RF*EG15010US,PC,RFC,WIP
RF*EH1500GCL,PC,RFC,WIP
RF*EH1500GCS,PC,RFC,WIP
RF*EH1500GM,EA,RFC,FG
RF*EH1500GPL,PC,RFC,WIP
RF*EH1500GPS,PC,RFC,WIP
RF*EH1500GSL,PC,RFC,WIP
RF*EH1500GUL,PC,RFC,WIP
RF*EH1500GUS,PC,RFC,WIP
RF*EH15010CL,PC,RFC,WIP
RF*EH15010CS,PC,RFC,WIP
RF*EH15010M,EA,RFC,FG
RF*EH15010PL,PC,RFC,WIP
RF*EH15010PS,PC,RFC,WIP
RF*EH15010SL,PC,RFC,WIP
RF*EH15010UL,PC,RFC,WIP
RF*EH15010US,PC,RFC,WIP
RF*EH45010CL,PC,RFC,WIP
RF*EH45010CS,PC,RFC,WIP
RF*EH45010M,EA,RFC,FG
RF*EH45010PL,PC,RFC,WIP
RF*EH45010PS,PC,RFC,WIP
RF*EH45010SL,PC,RFC,WIP
RF*EH45010UL,PC,RFC,WIP
RF*EH45010US,PC,RFC,WIP
RF*EJ15010CL,PC,RFC,WIP
RF*EJ15010CS,PC,RFC,WIP
RF*EJ15010M,EA,RFC,FG
RF*EJ15010PL,PC,RFC,WIP
RF*EJ15010PS,PC,RFC,WIP
RF*EJ15010SL,PC,RFC,WIP
RF*EJ15010UL,PC,RFC,WIP
RF*EJ15010US,PC,RFC,WIP
RF*FG15008CL,PC,RFC,WIP
RF*FG15008CS,PC,RFC,WIP
RF*FG15008M,EA,RFC,FG
RF*FG15008PL,PC,RFC,WIP
RF*FG15008PS,PC,RFC,WIP
RF*FG15008SL,PC,RFC,WIP
RF*FG15008UL,PC,RFC,WIP
RF*FG15008US,PC,RFC,WIP
RF*FG1500GCL,PC,RFC,WIP
RF*FG1500GCS,PC,RFC,WIP
RF*FG1500GM,EA,RFC,FG
RF*FG1500GPL,PC,RFC,WIP
RF*FG1500GPS,PC,RFC,WIP
RF*FG1500GSL,PC,RFC,WIP
RF*FG1500GUL,PC,RFC,WIP
RF*FG1500GUS,PC,RFC,WIP
RF*FG15011CL,PC,RFC,WIP
RF*FG15011CS,PC,RFC,WIP
RF*FG15011M,EA,RFC,FG
RF*FG15011PL,PC,RFC,WIP
RF*FG15011PS,PC,RFC,WIP
RF*FG15011SL,PC,RFC,WIP
RF*FG15011UL,PC,RFC,WIP
RF*FG15011US,PC,RFC,WIP
RF*FK15008CL,PC,RFC,WIP
RF*FK15008CS,PC,RFC,WIP
RF*FK15008M,EA,RFC,FG
RF*FK15008PL,PC,RFC,WIP
RF*FK15008PS,PC,RFC,WIP
RF*FK15008SL,PC,RFC,WIP
RF*FK15008UL,PC,RFC,WIP
RF*FK15008US,PC,RFC,WIP
RF*FK1500GCL,PC,RFC,WIP
RF*FK1500GCS,PC,RFC,WIP
RF*FK1500GM,EA,RFC,FG
RF*FK1500GPL,PC,RFC,WIP
RF*FK1500GPS,PC,RFC,WIP
RF*FK1500GSL,PC,RFC,WIP
RF*FK1500GUL,PC,RFC,WIP
RF*FK1500GUS,PC,RFC,WIP
RF*GA18053M,EA,GW,FG
RF*GA18083M,EA,GW,FG
RF*GA18153M,EA,GW,FG
RF*GA18183M,EA,GW,FG
RF*GA18223M,EA,GW,FG
RF*GA18263M,EA,GW,FG
RF*GA25053M,EA,GW,FG
RF*GA25123M,EA,GW,FG
RF*GA25153M,EA,GW,FG
RF*GA25183M,EA,GW,FG
RF*GA25263M,EA,GW,FG
RF*GA32123M,EA,GW,FG
RF*GA32153M,EA,GW,FG
RF*GA32183M,EA,GW,FG
RF*GA32263M,EA,GW,FG
RF*GA35053M,EA,GW,FG
RF*GA35083M,EA,GW,FG
RF*GA35123M,EA,GW,FG
RF*GA35151M,EA,GW,FG
RF*GA35153M,EA,GW,FG
RF*GA35155M,EA,GW,FG
RF*GA35158M,EA,GW,FG
RF*GA35181M,EA,GW,FG
RF*GA35183M,EA,GW,FG
RF*GA35188M,EA,GW,FG
RF*GA35223M,EA,GW,FG
RF*GA35261M,EA,GW,FG
RF*GA35263M,EA,GW,FG
RF*GA38151M,EA,GW,FG
RF*GA38153M,EA,GW,FG
RF*GA38158M,EA,GW,FG
RF*GA38183M,EA,GW,FG
RF*GA38223M,EA,GW,FG
RF*GA38263M,EA,GW,FG
RF*GS18153M,EA,GW,FG
RF*GS18183M,EA,GW,FG
RF*GS18263M,EA,GW,FG
RF*GS25123M,EA,GW,FG
RF*GS25153M,EA,GW,FG
RF*GS25183M,EA,GW,FG
RF*GS25263M,EA,GW,FG
RF*GS32123M,EA,GW,FG
RF*GS32153M,EA,GW,FG
RF*GS32183M,EA,GW,FG
RF*GS32263M,EA,GW,FG
RF*GS35123M,EA,GW,FG
RF*GS35151M,EA,GW,FG
RF*GS35153M,EA,GW,FG
RF*GS35155M,EA,GW,FG
RF*GS35158M,EA,GW,FG
RF*GS35181M,EA,GW,FG
RF*GS35183M,EA,GW,FG
RF*GS35223M,EA,GW,FG
RF*GS35261M,EA,GW,FG
RF*GS35263M,EA,GW,FG
RF*GS38151M,EA,GW,FG
RF*GS38153M,EA,GW,FG
RF*GS38183M,EA,GW,FG
RF*GS38263M,EA,GW,FG
RF*HA35153M,EA,GW,FG
RF*HA35263M,EA,GW,FG
RF*PA18153M,EA,GW,FG
RF*PA18183M,EA,GW,FG
RF*PA18263M,EA,GW,FG
RF*PA25153M,EA,GW,FG
RF*PA25183M,EA,GW,FG
RF*PA25263M,EA,GW,FG
RF*PA32183M,EA,GW,FG
RF*PA32263M,EA,GW,FG
RF*PA35083M,EA,GW,FG
RF*PA35151M,EA,GW,FG
RF*PA35153M,EA,GW,FG
RF*PA35183M,EA,GW,FG
RF*PA35188M,EA,GW,FG
RF*PA35263M,EA,GW,FG
RF*PA38153M,EA,GW,FG
RF*PA38183M,EA,GW,FG
RF*PA38263M,EA,GW,FG
RF*PS25153M,EA,GW,FG
RF*PS25263M,EA,GW,FG
RF*PS32153M,EA,GW,FG
RF*PS35083M,EA,GW,FG
RF*PS35153M,EA,GW,FG
RF*PS35183M,EA,GW,FG
RF*PS35263M,EA,GW,FG
RF*PS38083M,EA,GW,FG
RF*PS38153M,EA,GW,FG
RF*PS38183M,EA,GW,FG
RF*WE24110HE,PC,RFC,WIP
RF*WE24110IE,PC,RFC,WIP
RF*WE24110M,EA,RFC,FG
RF*WE24110NE,PC,RFC,WIP
RF*WE24110TE,PC,RFC,WIP
RF*WH14112HE,PC,RFC,WIP
RF*WH14112IE,PC,RFC,WIP
RF*WH14112M,EA,RFC,FG
RF*WH14112NE,PC,RFC,WIP
RF*WH14112TE,PC,RFC,WIP
RF*ZB14108HE,PC,RFC,WIP
RF*ZB14108IE,PC,RFC,WIP
RF*ZB14108M,EA,RFC,FG
RF*ZB14108NE,PC,RFC,WIP
RF*ZB14108TE,PC,RFC,WIP
RF+DB55008CL,PC,RFC,WIP
RF+DB55008M,EA,RFC,FG
RF+DB55008PL,PC,RFC,WIP
RF+DB55008SL,PC,RFC,WIP
RF+DB55008UL,PC,RFC,WIP
RF+DB65008CL,PC,RFC,WIP
RF+DB65008M,EA,RFC,FG
RF+DB65008PL,PC,RFC,WIP
RF+DB65008SL,PC,RFC,WIP
RF+DB65008UL,PC,RFC,WIP
RF+DG15008CL,PC,RFC,WIP
RF+DG15008M,EA,RFC,FG
RF+DG15008PL,PC,RFC,WIP
RF+DG15008SL,PC,RFC,WIP
RF+DG15008UL,PC,RFC,WIP
RF+DG35008CL,PC,RFC,WIP
RF+DG35008M,EA,RFC,FG
RF+DG35008PL,PC,RFC,WIP
RF+DG35008SL,PC,RFC,WIP
RF+DG35008UL,PC,RFC,WIP
RF+DG95007CL,PC,RFC,WIP
RF+DG95007M,EA,RFC,FG
RF+DG95007PL,PC,RFC,WIP
RF+DG95007SL,PC,RFC,WIP
RF+DG95007UL,PC,RFC,WIP
RF+EA25010CL,PC,RFC,WIP
RF+EA25010M,EA,RFC,FG
RF+EA25010PL,PC,RFC,WIP
RF+EA25010SL,PC,RFC,WIP
RF+EA25010UL,PC,RFC,WIP
RF+EB15010CL,PC,RFC,WIP
RF+EB15010M,EA,RFC,FG
RF+EB15010PL,PC,RFC,WIP
RF+EB15010SL,PC,RFC,WIP
RF+EB15010UL,PC,RFC,WIP
RF+EH15010CL,PC,RFC,WIP
RF+EH15010M,EA,RFC,FG
RF+EH15010PL,PC,RFC,WIP
RF+EH15010SL,PC,RFC,WIP
RF+EH15010UL,PC,RFC,WIP
RF+EJ15010CL,PC,RFC,WIP
RF+EJ15010M,EA,RFC,FG
RF+EJ15010PL,PC,RFC,WIP
RF+EJ15010SL,PC,RFC,WIP
RF+EJ15010UL,PC,RFC,WIP
RF+GA18083M,EA,GW,FG
RF+GA18153M,EA,GW,FG
RF+GA18183M,EA,GW,FG
RF+GA18263M,EA,GW,FG
RF+GA25153M,EA,GW,FG
RF+GA25183M,EA,GW,FG
RF+GA25263M,EA,GW,FG
RF+GA32153M,EA,GW,FG
RF+GA32183M,EA,GW,FG
RF+GA32263M,EA,GW,FG
RF+GA35083M,EA,GW,FG
RF+GA35123M,EA,GW,FG
RF+GA35153M,EA,GW,FG
RF+GA35155M,EA,GW,FG
RF+GA35158M,EA,GW,FG
RF+GA35183M,EA,GW,FG
RF+GA35188M,EA,GW,FG
RF+GA35223M,EA,GW,FG
RF+GA35263M,EA,GW,FG
RF+GA38153M,EA,GW,FG
RF+GA38158M,EA,GW,FG
RF+GA38183M,EA,GW,FG
RF+GA38263M,EA,GW,FG
RF+GS18153M,EA,GW,FG
RF+GS18183M,EA,GW,FG
RF+GS18263M,EA,GW,FG
RF+GS25153M,EA,GW,FG
RF+GS25183M,EA,GW,FG
RF+GS25263M,EA,GW,FG
RF+GS32153M,EA,GW,FG
RF+GS32183M,EA,GW,FG
RF+GS32263M,EA,GW,FG
RF+GS35153M,EA,GW,FG
RF+GS35158M,EA,GW,FG
RF+GS35183M,EA,GW,FG
RF+GS35223M,EA,GW,FG
RF+GS35263M,EA,GW,FG
RF+GS38153M,EA,GW,FG
RF+GS38183M,EA,GW,FG
RF+GS38263M,EA,GW,FG
RF+HA35153M,EA,GW,FG
RF+HA35263M,EA,GW,FG
RF+PA18183M,EA,GW,FG
RF+PA18263M,EA,GW,FG
RF+PA25153M,EA,GW,FG
RF+PA25263M,EA,GW,FG
RF+PA32153M,EA,GW,FG
RF+PA32183M,EA,GW,FG
RF+PA32263M,EA,GW,FG
RF+PA35083M,EA,GW,FG
RF+PA35153M,EA,GW,FG
RF+PA35183M,EA,GW,FG
RF+PA35188M,EA,GW,FG
RF+PA35263M,EA,GW,FG
RF+PA38153M,EA,GW,FG
RF+PA38183M,EA,GW,FG
RF+PS32153M,EA,GW,FG
RF+PS35153M,EA,GW,FG
RF+PS35183M,EA,GW,FG
RF+PS35263M,EA,GW,FG
RF+PS38153M,EA,GW,FG
RF00X051VC,G,IK,RM
RF00X105V,G,RFS,RM
RF00X112V,G,RFS,RM
RF00X115V,KG,RFS,RM
RF00X122V,G,RFS,RM
RF00X132V,G,RFS,RM
RF00X200V,G,RFS,RM
RF00X300V,G,RFS,RM
RF00X301V,G,RFS,RM
RF42MA2545V,PC,IK,RM
RF42MA2545YV,PC,IK,RM
RF42MA3545V,PC,IK,RM
RF42MA3545YV,PC,IK,RM
RF42MA3580V,PC,IK,RM
RF42MA3580YV,PC,IK,RM
RF42MA3845V,PC,IK,RM
RF42MA3845YV,PC,IK,RM
RF42MA3880V,PC,IK,RM
RF42MA3880YV,PC,IK,RM
RF42MS2145V,PC,IK,RM
RF42MS2145YV,PC,IK,RM
RF42MS2180V,PC,IK,RM
RF42MS2180YV,PC,IK,RM
RF42MS2545V,PC,IK,RM
RF42MS2545YV,PC,IK,RM
RF42MS2580V,PC,IK,RM
RF42MS2580YV,PC,IK,RM
RF42MS3545V,PC,IK,RM
RF42MS3545YV,PC,IK,RM
RF42MS3845V,PC,IK,RM
RF42MS3845YV,PC,IK,RM
RF42MT2145V,PC,IK,RM
RF42MT2145YV,PC,IK,RM
RF42MT2180V,PC,IK,RM
RF42MT2180YV,PC,IK,RM
RF42MT2545V,PC,IK,RM
RF42MT2545YV,PC,IK,RM
RF42MT2580V,PC,IK,RM
RF42MT2580YV,PC,IK,RM
RF50MA2545,PC,IK,WIP
RF50MA2545Y,PC,IK,WIP
RF50MA3545,PC,IK,WIP
RF50MA3545Y,PC,IK,WIP
RF50MA3580,PC,IK,WIP
RF50MA3580Y,PC,IK,WIP
RF50MA3845,PC,IK,WIP
RF50MA3845Y,PC,IK,WIP
RF50MA3880,PC,IK,WIP
RF50MA3880Y,PC,IK,WIP
RF50MS2145,PC,IK,WIP
RF50MS2145Y,PC,IK,WIP
RF50MS2180,PC,IK,WIP
RF50MS2180Y,PC,IK,WIP
RF50MS2545,PC,IK,WIP
RF50MS2545Y,PC,IK,WIP
RF50MS2580,PC,IK,WIP
RF50MS2580Y,PC,IK,WIP
RF50MS3545,PC,IK,WIP
RF50MS3545Y,PC,IK,WIP
RF50MS3845,PC,IK,WIP
RF50MS3845Y,PC,IK,WIP
RF50MT2145,PC,IK,WIP
RF50MT2145Y,PC,IK,WIP
RF50MT2180,PC,IK,WIP
RF50MT2180Y,PC,IK,WIP
RF50MT2545,PC,IK,WIP
RF50MT2545Y,PC,IK,WIP
RF50MT2580,PC,IK,WIP
RF50MT2580Y,PC,IK,WIP
RF80X012V,G,RFS,RM
RF80XHT002V,G,RFS,RM
RF80XT40V,G,RFS,RM
RF80XT55V,G,RFS,RM
RF85X001V,KG,CM,RM
RF88XRF4V,G,RFS,RM
RFC,L,,
RFCDA15108,PC,RFC,WIP
RFCDA15108T,PC,RFC,WIP
RFCDA25108,PC,RFC,WIP
RFCDA25108T,PC,RFC,WIP
RFCDA7510G,PC,RFC,WIP
RFCDA7510GT,PC,RFC,WIP
RFCDAB5108,PC,RFC,WIP
RFCDAB5108T,PC,RFC,WIP
RFCDAC5108,PC,RFC,WIP
RFCDAC5108T,PC,RFC,WIP
RFCDB1510G,PC,RFC,WIP
RFCDB1510GT,PC,RFC,WIP
RFCDB25108,PC,RFC,WIP
RFCDB25108T,PC,RFC,WIP
RFCDB2510G,PC,RFC,WIP
RFCDB2510GT,PC,RFC,WIP
RFCDB3510G,PC,RFC,WIP
RFCDB3510GT,PC,RFC,WIP
RFCDB45108,PC,RFC,WIP
RFCDB45108T,PC,RFC,WIP
RFCDB4510G,PC,RFC,WIP
RFCDB4510GT,PC,RFC,WIP
RFCDB55108,PC,RFC,WIP
RFCDB55108T,PC,RFC,WIP
RFCDB5510G,PC,RFC,WIP
RFCDB5510GT,PC,RFC,WIP
RFCDB65108,PC,RFC,WIP
RFCDB65108T,PC,RFC,WIP
RFCDB6510G,PC,RFC,WIP
RFCDB6510GT,PC,RFC,WIP
RFCDBE5108W,PC,RFC,WIP
RFCDBF5108W,PC,RFC,WIP
RFCDC3510G,PC,RFC,WIP
RFCDC3510GT,PC,RFC,WIP
RFCDC45108,PC,RFC,WIP
RFCDC45108T,PC,RFC,WIP
RFCDC4510G,PC,RFC,WIP
RFCDC4510GT,PC,RFC,WIP
RFCDD3510G,PC,RFC,WIP
RFCDD3510GT,PC,RFC,WIP
RFCDD4510G,PC,RFC,WIP
RFCDD4510GT,PC,RFC,WIP
RFCDD55108T,PC,RFC,WIP
RFCDD5510G,PC,RFC,WIP
RFCDD5510GT,PC,RFC,WIP
RFCDD6510G,PC,RFC,WIP
RFCDD6510GT,PC,RFC,WIP
RFCDE45108,PC,RFC,WIP
RFCDE45108T,PC,RFC,WIP
RFCDE4510G,PC,RFC,WIP
RFCDE4510GT,PC,RFC,WIP
RFCDF25108,PC,RFC,WIP
RFCDF25108T,PC,RFC,WIP
RFCDG15108,PC,RFC,WIP
RFCDG15108T,PC,RFC,WIP
RFCDG35108,PC,RFC,WIP
RFCDG35108T,PC,RFC,WIP
RFCDG45108,PC,RFC,WIP
RFCDG45108T,PC,RFC,WIP
RFCDG95107,PC,RFC,WIP
RFCDG95107T,PC,RFC,WIP
RFCDGD5108W,PC,RFC,WIP
RFCDGI5107W,PC,RFC,WIP
RFCEA15110,PC,RFC,WIP
RFCEA15110T,PC,RFC,WIP
RFCEA25110,PC,RFC,WIP
RFCEA25110T,PC,RFC,WIP
RFCEA35110,PC,RFC,WIP
RFCEA35110T,PC,RFC,WIP
RFCEA45110,PC,RFC,WIP
RFCEA45110T,PC,RFC,WIP
RFCEB15110,PC,RFC,WIP
RFCEB15110T,PC,RFC,WIP
RFCEB25110,PC,RFC,WIP
RFCEB25110T,PC,RFC,WIP
RFCEB35110,PC,RFC,WIP
RFCEB35110T,PC,RFC,WIP
RFCEB45110,PC,RFC,WIP
RFCEB45110T,PC,RFC,WIP
RFCEC15110,PC,RFC,WIP
RFCEC15110T,PC,RFC,WIP
RFCEC25110,PC,RFC,WIP
RFCEC25110T,PC,RFC,WIP
RFCEC35110,PC,RFC,WIP
RFCEC35110T,PC,RFC,WIP
RFCEC45110,PC,RFC,WIP
RFCEC45110T,PC,RFC,WIP
RFCEE15110,PC,RFC,WIP
RFCEE15110T,PC,RFC,WIP
RFCEE25110,PC,RFC,WIP
RFCEE25110T,PC,RFC,WIP
RFCEG15110,PC,RFC,WIP
RFCEG15110T,PC,RFC,WIP
RFCEH1510G,PC,RFC,WIP
RFCEH1510GT,PC,RFC,WIP
RFCEH15110,PC,RFC,WIP
RFCEH15110T,PC,RFC,WIP
RFCEH45110,PC,RFC,WIP
RFCEH45110T,PC,RFC,WIP
RFCEJ15110,PC,RFC,WIP
RFCEJ15110T,PC,RFC,WIP
RFCFG15108,PC,RFC,WIP
RFCFG15108T,PC,RFC,WIP
RFCFG1510G,PC,RFC,WIP
RFCFG1510GT,PC,RFC,WIP
RFCFG15111,PC,RFC,WIP
RFCFG15111T,PC,RFC,WIP
RFGA18053M.E,PC,GW,WIP
RFGA18053M.F,PC,GW,WIP
RFGA18053M.G,PC,GW,WIP
RFGA18083M.B,PC,GW,WIP
RFGA18083M.C,PC,GW,WIP
RFGA18083M.D,PC,GW,WIP
RFGA18083M.E,PC,GW,WIP
RFGA18083M.F,PC,GW,WIP
RFGA18083M.G,PC,GW,WIP
RFGA18153M.B,PC,GW,WIP
RFGA18153M.C,PC,GW,WIP
RFGA18153M.D,PC,GW,WIP
RFGA18153M.E,PC,GW,WIP
RFGA18153M.F,PC,GW,WIP
RFGA18153M.G,PC,GW,WIP
RFGA18153M.H,PC,GW,WIP
RFGA18153M.I,PC,GW,WIP
RFGA18153M.K,PC,GW,WIP
RFGA18183M.B,PC,GW,WIP
RFGA18183M.C,PC,GW,WIP
RFGA18183M.D,PC,GW,WIP
RFGA18183M.E,PC,GW,WIP
RFGA18183M.F,PC,GW,WIP
RFGA18183M.G,PC,GW,WIP
RFGA18183M.H,PC,GW,WIP
RFGA18183M.I,PC,GW,WIP
RFGA18183M.K,PC,GW,WIP
RFGA18223M.E,PC,GW,WIP
RFGA18223M.F,PC,GW,WIP
RFGA18223M.G,PC,GW,WIP
RFGA18223M.H,PC,GW,WIP
RFGA18223M.I,PC,GW,WIP
RFGA18223M.K,PC,GW,WIP
RFGA18263M.B,PC,GW,WIP
RFGA18263M.C,PC,GW,WIP
RFGA18263M.D,PC,GW,WIP
RFGA18263M.E,PC,GW,WIP
RFGA18263M.F,PC,GW,WIP
RFGA18263M.G,PC,GW,WIP
RFGA18263M.H,PC,GW,WIP
RFGA18263M.I,PC,GW,WIP
RFGA18263M.K,PC,GW,WIP
RFGA25053M.E,PC,GW,WIP
RFGA25053M.F,PC,GW,WIP
RFGA25053M.G,PC,GW,WIP
RFGA25123M.E,PC,GW,WIP
RFGA25123M.F,PC,GW,WIP
RFGA25123M.G,PC,GW,WIP
RFGA25123M.H,PC,GW,WIP
RFGA25123M.I,PC,GW,WIP
RFGA25123M.K,PC,GW,WIP
RFGA25153M.B,PC,GW,WIP
RFGA25153M.C,PC,GW,WIP
RFGA25153M.D,PC,GW,WIP
RFGA25153M.E,PC,GW,WIP
RFGA25153M.F,PC,GW,WIP
RFGA25153M.G,PC,GW,WIP
RFGA25153M.H,PC,GW,WIP
RFGA25153M.I,PC,GW,WIP
RFGA25153M.K,PC,GW,WIP
RFGA25183M.B,PC,GW,WIP
RFGA25183M.C,PC,GW,WIP
RFGA25183M.D,PC,GW,WIP
RFGA25183M.E,PC,GW,WIP
RFGA25183M.F,PC,GW,WIP
RFGA25183M.G,PC,GW,WIP
RFGA25183M.H,PC,GW,WIP
RFGA25183M.I,PC,GW,WIP
RFGA25183M.K,PC,GW,WIP
RFGA25263M.B,PC,GW,WIP
RFGA25263M.C,PC,GW,WIP
RFGA25263M.D,PC,GW,WIP
RFGA25263M.E,PC,GW,WIP
RFGA25263M.F,PC,GW,WIP
RFGA25263M.G,PC,GW,WIP
RFGA25263M.H,PC,GW,WIP
RFGA25263M.I,PC,GW,WIP
RFGA25263M.K,PC,GW,WIP
RFGA32123M.E,PC,GW,WIP
RFGA32123M.F,PC,GW,WIP
RFGA32123M.G,PC,GW,WIP
RFGA32123M.H,PC,GW,WIP
RFGA32123M.I,PC,GW,WIP
RFGA32123M.K,PC,GW,WIP
RFGA32153M.B,PC,GW,WIP
RFGA32153M.C,PC,GW,WIP
RFGA32153M.D,PC,GW,WIP
RFGA32153M.E,PC,GW,WIP
RFGA32153M.F,PC,GW,WIP
RFGA32153M.G,PC,GW,WIP
RFGA32153M.H,PC,GW,WIP
RFGA32153M.I,PC,GW,WIP
RFGA32153M.K,PC,GW,WIP
RFGA32183M.B,PC,GW,WIP
RFGA32183M.C,PC,GW,WIP
RFGA32183M.D,PC,GW,WIP
RFGA32183M.E,PC,GW,WIP
RFGA32183M.F,PC,GW,WIP
RFGA32183M.G,PC,GW,WIP
RFGA32183M.H,PC,GW,WIP
RFGA32183M.I,PC,GW,WIP
RFGA32183M.K,PC,GW,WIP
RFGA32263M.B,PC,GW,WIP
RFGA32263M.C,PC,GW,WIP
RFGA32263M.D,PC,GW,WIP
RFGA32263M.E,PC,GW,WIP
RFGA32263M.F,PC,GW,WIP
RFGA32263M.G,PC,GW,WIP
RFGA32263M.H,PC,GW,WIP
RFGA32263M.I,PC,GW,WIP
RFGA32263M.K,PC,GW,WIP
RFGA35053M.E,PC,GW,WIP
RFGA35053M.F,PC,GW,WIP
RFGA35053M.G,PC,GW,WIP
RFGA35083M.B,PC,GW,WIP
RFGA35083M.C,PC,GW,WIP
RFGA35083M.D,PC,GW,WIP
RFGA35083M.E,PC,GW,WIP
RFGA35083M.F,PC,GW,WIP
RFGA35083M.G,PC,GW,WIP
RFGA35083M.H,PC,GW,WIP
RFGA35083M.I,PC,GW,WIP
RFGA35083M.K,PC,GW,WIP
RFGA35123M.B,PC,GW,WIP
RFGA35123M.C,PC,GW,WIP
RFGA35123M.D,PC,GW,WIP
RFGA35123M.E,PC,GW,WIP
RFGA35123M.F,PC,GW,WIP
RFGA35123M.G,PC,GW,WIP
RFGA35123M.H,PC,GW,WIP
RFGA35123M.I,PC,GW,WIP
RFGA35123M.K,PC,GW,WIP
RFGA35151M.E,PC,GW,WIP
RFGA35151M.F,PC,GW,WIP
RFGA35151M.G,PC,GW,WIP
RFGA35153M.B,PC,GW,WIP
RFGA35153M.C,PC,GW,WIP
RFGA35153M.D,PC,GW,WIP
RFGA35153M.E,PC,GW,WIP
RFGA35153M.F,PC,GW,WIP
RFGA35153M.G,PC,GW,WIP
RFGA35153M.H,PC,GW,WIP
RFGA35153M.I,PC,GW,WIP
RFGA35153M.K,PC,GW,WIP
RFGA35155M.B,PC,GW,WIP
RFGA35155M.C,PC,GW,WIP
RFGA35155M.D,PC,GW,WIP
RFGA35155M.E,PC,GW,WIP
RFGA35155M.F,PC,GW,WIP
RFGA35155M.G,PC,GW,WIP
RFGA35155M.H,PC,GW,WIP
RFGA35155M.I,PC,GW,WIP
RFGA35155M.K,PC,GW,WIP
RFGA35158M.B,PC,GW,WIP
RFGA35158M.C,PC,GW,WIP
RFGA35158M.D,PC,GW,WIP
RFGA35158M.E,PC,GW,WIP
RFGA35158M.F,PC,GW,WIP
RFGA35158M.G,PC,GW,WIP
RFGA35158M.H,PC,GW,WIP
RFGA35158M.I,PC,GW,WIP
RFGA35158M.K,PC,GW,WIP
RFGA35181M.E,PC,GW,WIP
RFGA35181M.F,PC,GW,WIP
RFGA35181M.G,PC,GW,WIP
RFGA35183M.B,PC,GW,WIP
RFGA35183M.C,PC,GW,WIP
RFGA35183M.D,PC,GW,WIP
RFGA35183M.E,PC,GW,WIP
RFGA35183M.F,PC,GW,WIP
RFGA35183M.G,PC,GW,WIP
RFGA35183M.H,PC,GW,WIP
RFGA35183M.I,PC,GW,WIP
RFGA35183M.K,PC,GW,WIP
RFGA35188M.B,PC,GW,WIP
RFGA35188M.C,PC,GW,WIP
RFGA35188M.D,PC,GW,WIP
RFGA35188M.E,PC,GW,WIP
RFGA35188M.F,PC,GW,WIP
RFGA35188M.G,PC,GW,WIP
RFGA35223M.B,PC,GW,WIP
RFGA35223M.C,PC,GW,WIP
RFGA35223M.D,PC,GW,WIP
RFGA35223M.E,PC,GW,WIP
RFGA35223M.F,PC,GW,WIP
RFGA35223M.G,PC,GW,WIP
RFGA35223M.H,PC,GW,WIP
RFGA35223M.I,PC,GW,WIP
RFGA35223M.K,PC,GW,WIP
RFGA35261M.E,PC,GW,WIP
RFGA35261M.F,PC,GW,WIP
RFGA35261M.G,PC,GW,WIP
RFGA35263M.B,PC,GW,WIP
RFGA35263M.C,PC,GW,WIP
RFGA35263M.D,PC,GW,WIP
RFGA35263M.E,PC,GW,WIP
RFGA35263M.F,PC,GW,WIP
RFGA35263M.G,PC,GW,WIP
RFGA35263M.H,PC,GW,WIP
RFGA35263M.I,PC,GW,WIP
RFGA35263M.K,PC,GW,WIP
RFGA38151M.E,PC,GW,WIP
RFGA38151M.F,PC,GW,WIP
RFGA38151M.G,PC,GW,WIP
RFGA38153M.B,PC,GW,WIP
RFGA38153M.C,PC,GW,WIP
RFGA38153M.D,PC,GW,WIP
RFGA38153M.E,PC,GW,WIP
RFGA38153M.F,PC,GW,WIP
RFGA38153M.G,PC,GW,WIP
RFGA38153M.H,PC,GW,WIP
RFGA38153M.I,PC,GW,WIP
RFGA38153M.K,PC,GW,WIP
RFGA38158M.B,PC,GW,WIP
RFGA38158M.C,PC,GW,WIP
RFGA38158M.D,PC,GW,WIP
RFGA38158M.E,PC,GW,WIP
RFGA38158M.F,PC,GW,WIP
RFGA38158M.G,PC,GW,WIP
RFGA38158M.H,PC,GW,WIP
RFGA38158M.I,PC,GW,WIP
RFGA38158M.K,PC,GW,WIP
RFGA38183M.B,PC,GW,WIP
RFGA38183M.C,PC,GW,WIP
RFGA38183M.D,PC,GW,WIP
RFGA38183M.E,PC,GW,WIP
RFGA38183M.F,PC,GW,WIP
RFGA38183M.G,PC,GW,WIP
RFGA38183M.H,PC,GW,WIP
RFGA38183M.I,PC,GW,WIP
RFGA38183M.K,PC,GW,WIP
RFGA38223M.E,PC,GW,WIP
RFGA38223M.F,PC,GW,WIP
RFGA38223M.G,PC,GW,WIP
RFGA38223M.H,PC,GW,WIP
RFGA38223M.I,PC,GW,WIP
RFGA38223M.K,PC,GW,WIP
RFGA38263M.B,PC,GW,WIP
RFGA38263M.C,PC,GW,WIP
RFGA38263M.D,PC,GW,WIP
RFGA38263M.E,PC,GW,WIP
RFGA38263M.F,PC,GW,WIP
RFGA38263M.G,PC,GW,WIP
RFGA38263M.H,PC,GW,WIP
RFGA38263M.I,PC,GW,WIP
RFGA38263M.K,PC,GW,WIP
RFGS18153M.B,PC,GW,WIP
RFGS18153M.C,PC,GW,WIP
RFGS18153M.D,PC,GW,WIP
RFGS18153M.E,PC,GW,WIP
RFGS18153M.F,PC,GW,WIP
RFGS18153M.G,PC,GW,WIP
RFGS18153M.H,PC,GW,WIP
RFGS18153M.I,PC,GW,WIP
RFGS18153M.K,PC,GW,WIP
RFGS18183M.B,PC,GW,WIP
RFGS18183M.C,PC,GW,WIP
RFGS18183M.D,PC,GW,WIP
RFGS18183M.E,PC,GW,WIP
RFGS18183M.F,PC,GW,WIP
RFGS18183M.G,PC,GW,WIP
RFGS18183M.H,PC,GW,WIP
RFGS18183M.I,PC,GW,WIP
RFGS18183M.K,PC,GW,WIP
RFGS18263M.B,PC,GW,WIP
RFGS18263M.C,PC,GW,WIP
RFGS18263M.D,PC,GW,WIP
RFGS18263M.E,PC,GW,WIP
RFGS18263M.F,PC,GW,WIP
RFGS18263M.G,PC,GW,WIP
RFGS18263M.H,PC,GW,WIP
RFGS18263M.I,PC,GW,WIP
RFGS18263M.K,PC,GW,WIP
RFGS25123M.E,PC,GW,WIP
RFGS25123M.F,PC,GW,WIP
RFGS25123M.G,PC,GW,WIP
RFGS25123M.H,PC,GW,WIP
RFGS25123M.I,PC,GW,WIP
RFGS25123M.K,PC,GW,WIP
RFGS25153M.B,PC,GW,WIP
RFGS25153M.C,PC,GW,WIP
RFGS25153M.D,PC,GW,WIP
RFGS25153M.E,PC,GW,WIP
RFGS25153M.F,PC,GW,WIP
RFGS25153M.G,PC,GW,WIP
RFGS25153M.H,PC,GW,WIP
RFGS25153M.I,PC,GW,WIP
RFGS25153M.K,PC,GW,WIP
RFGS25183M.B,PC,GW,WIP
RFGS25183M.C,PC,GW,WIP
RFGS25183M.D,PC,GW,WIP
RFGS25183M.E,PC,GW,WIP
RFGS25183M.F,PC,GW,WIP
RFGS25183M.G,PC,GW,WIP
RFGS25183M.H,PC,GW,WIP
RFGS25183M.I,PC,GW,WIP
RFGS25183M.K,PC,GW,WIP
RFGS25263M.B,PC,GW,WIP
RFGS25263M.C,PC,GW,WIP
RFGS25263M.D,PC,GW,WIP
RFGS25263M.E,PC,GW,WIP
RFGS25263M.F,PC,GW,WIP
RFGS25263M.G,PC,GW,WIP
RFGS25263M.H,PC,GW,WIP
RFGS25263M.I,PC,GW,WIP
RFGS25263M.K,PC,GW,WIP
RFGS32123M.E,PC,GW,WIP
RFGS32123M.F,PC,GW,WIP
RFGS32123M.G,PC,GW,WIP
RFGS32123M.H,PC,GW,WIP
RFGS32123M.I,PC,GW,WIP
RFGS32123M.K,PC,GW,WIP
RFGS32153M.B,PC,GW,WIP
RFGS32153M.C,PC,GW,WIP
RFGS32153M.D,PC,GW,WIP
RFGS32153M.E,PC,GW,WIP
RFGS32153M.F,PC,GW,WIP
RFGS32153M.G,PC,GW,WIP
RFGS32153M.H,PC,GW,WIP
RFGS32153M.I,PC,GW,WIP
RFGS32153M.K,PC,GW,WIP
RFGS32183M.B,PC,GW,WIP
RFGS32183M.C,PC,GW,WIP
RFGS32183M.D,PC,GW,WIP
RFGS32183M.E,PC,GW,WIP
RFGS32183M.F,PC,GW,WIP
RFGS32183M.G,PC,GW,WIP
RFGS32183M.H,PC,GW,WIP
RFGS32183M.I,PC,GW,WIP
RFGS32183M.K,PC,GW,WIP
RFGS32263M.B,PC,GW,WIP
RFGS32263M.C,PC,GW,WIP
RFGS32263M.D,PC,GW,WIP
RFGS32263M.E,PC,GW,WIP
RFGS32263M.F,PC,GW,WIP
RFGS32263M.G,PC,GW,WIP
RFGS32263M.H,PC,GW,WIP
RFGS32263M.I,PC,GW,WIP
RFGS32263M.K,PC,GW,WIP
RFGS35123M.E,PC,GW,WIP
RFGS35123M.F,PC,GW,WIP
RFGS35123M.G,PC,GW,WIP
RFGS35123M.H,PC,GW,WIP
RFGS35123M.I,PC,GW,WIP
RFGS35123M.K,PC,GW,WIP
RFGS35151M.E,PC,GW,WIP
RFGS35151M.F,PC,GW,WIP
RFGS35151M.G,PC,GW,WIP
RFGS35153M.B,PC,GW,WIP
RFGS35153M.C,PC,GW,WIP
RFGS35153M.D,PC,GW,WIP
RFGS35153M.E,PC,GW,WIP
RFGS35153M.F,PC,GW,WIP
RFGS35153M.G,PC,GW,WIP
RFGS35153M.H,PC,GW,WIP
RFGS35153M.I,PC,GW,WIP
RFGS35153M.K,PC,GW,WIP
RFGS35155M.E,PC,GW,WIP
RFGS35155M.F,PC,GW,WIP
RFGS35155M.G,PC,GW,WIP
RFGS35158M.B,PC,GW,WIP
RFGS35158M.C,PC,GW,WIP
RFGS35158M.D,PC,GW,WIP
RFGS35158M.E,PC,GW,WIP
RFGS35158M.F,PC,GW,WIP
RFGS35158M.G,PC,GW,WIP
RFGS35158M.H,PC,GW,WIP
RFGS35158M.I,PC,GW,WIP
RFGS35158M.K,PC,GW,WIP
RFGS35181M.E,PC,GW,WIP
RFGS35181M.F,PC,GW,WIP
RFGS35181M.G,PC,GW,WIP
RFGS35183M.B,PC,GW,WIP
RFGS35183M.C,PC,GW,WIP
RFGS35183M.D,PC,GW,WIP
RFGS35183M.E,PC,GW,WIP
RFGS35183M.F,PC,GW,WIP
RFGS35183M.G,PC,GW,WIP
RFGS35183M.H,PC,GW,WIP
RFGS35183M.I,PC,GW,WIP
RFGS35183M.K,PC,GW,WIP
RFGS35223M.B,PC,GW,WIP
RFGS35223M.C,PC,GW,WIP
RFGS35223M.D,PC,GW,WIP
RFGS35223M.E,PC,GW,WIP
RFGS35223M.F,PC,GW,WIP
RFGS35223M.G,PC,GW,WIP
RFGS35223M.H,PC,GW,WIP
RFGS35223M.I,PC,GW,WIP
RFGS35223M.K,PC,GW,WIP
RFGS35261M.E,PC,GW,WIP
RFGS35261M.F,PC,GW,WIP
RFGS35261M.G,PC,GW,WIP
RFGS35263M.B,PC,GW,WIP
RFGS35263M.C,PC,GW,WIP
RFGS35263M.D,PC,GW,WIP
RFGS35263M.E,PC,GW,WIP
RFGS35263M.F,PC,GW,WIP
RFGS35263M.G,PC,GW,WIP
RFGS35263M.H,PC,GW,WIP
RFGS35263M.I,PC,GW,WIP
RFGS35263M.K,PC,GW,WIP
RFGS38151M.E,PC,GW,WIP
RFGS38151M.F,PC,GW,WIP
RFGS38151M.G,PC,GW,WIP
RFGS38153M.B,PC,GW,WIP
RFGS38153M.C,PC,GW,WIP
RFGS38153M.D,PC,GW,WIP
RFGS38153M.E,PC,GW,WIP
RFGS38153M.F,PC,GW,WIP
RFGS38153M.G,PC,GW,WIP
RFGS38153M.H,PC,GW,WIP
RFGS38153M.I,PC,GW,WIP
RFGS38153M.K,PC,GW,WIP
RFGS38183M.B,PC,GW,WIP
RFGS38183M.C,PC,GW,WIP
RFGS38183M.D,PC,GW,WIP
RFGS38183M.E,PC,GW,WIP
RFGS38183M.F,PC,GW,WIP
RFGS38183M.G,PC,GW,WIP
RFGS38183M.H,PC,GW,WIP
RFGS38183M.I,PC,GW,WIP
RFGS38183M.K,PC,GW,WIP
RFGS38263M.B,PC,GW,WIP
RFGS38263M.C,PC,GW,WIP
RFGS38263M.D,PC,GW,WIP
RFGS38263M.E,PC,GW,WIP
RFGS38263M.F,PC,GW,WIP
RFGS38263M.G,PC,GW,WIP
RFHA35153M.B,PC,GW,WIP
RFHA35153M.C,PC,GW,WIP
RFHA35153M.D,PC,GW,WIP
RFHA35153M.E,PC,GW,WIP
RFHA35153M.F,PC,GW,WIP
RFHA35153M.G,PC,GW,WIP
RFHA35153M.H,PC,GW,WIP
RFHA35153M.I,PC,GW,WIP
RFHA35153M.K,PC,GW,WIP
RFHA35263M.B,PC,GW,WIP
RFHA35263M.C,PC,GW,WIP
RFHA35263M.D,PC,GW,WIP
RFHA35263M.E,PC,GW,WIP
RFHA35263M.F,PC,GW,WIP
RFHA35263M.G,PC,GW,WIP
RFHA35263M.H,PC,GW,WIP
RFHA35263M.I,PC,GW,WIP
RFHA35263M.K,PC,GW,WIP
RFOT030V,EA,IK,HFG
RFOT031V,EA,IK,HFG
RFOT032V,EA,IK,HFG
RFOT050V,EA,IK,HFG
RFOT051V,EA,IK,HFG
RFOT052V,EA,IK,HFG
RFOT054V,EA,IK,HFG
RFOT055V,EA,IK,HFG
RFOT056V,EA,IK,HFG
RFOT058V,EA,IK,HFG
RFOT059V,EA,IK,HFG
RFOT060V,EA,IK,HFG
RFOT062V,EA,IK,HFG
RFOT063V,EA,IK,HFG
RFOT064V,EA,IK,HFG
RFOT066V,EA,IK,HFG
RFOT067V,EA,IK,HFG
RFOT068V,EA,IK,HFG
RFOT070V,EA,IK,HFG
RFOT071V,EA,IK,HFG
RFOT072V,EA,IK,HFG
RFOT325V,EA,IK,HFG
RFOT326V,EA,IK,HFG
RFOT327V,EA,IK,HFG
RFPA18153M.E,PC,GW,WIP
RFPA18153M.F,PC,GW,WIP
RFPA18153M.G,PC,GW,WIP
RFPA18153M.H,PC,GW,WIP
RFPA18153M.I,PC,GW,WIP
RFPA18153M.K,PC,GW,WIP
RFPA18183M.B,PC,GW,WIP
RFPA18183M.C,PC,GW,WIP
RFPA18183M.D,PC,GW,WIP
RFPA18183M.E,PC,GW,WIP
RFPA18183M.F,PC,GW,WIP
RFPA18183M.G,PC,GW,WIP
RFPA18183M.H,PC,GW,WIP
RFPA18183M.I,PC,GW,WIP
RFPA18183M.K,PC,GW,WIP
RFPA18263M.B,PC,GW,WIP
RFPA18263M.C,PC,GW,WIP
RFPA18263M.D,PC,GW,WIP
RFPA18263M.E,PC,GW,WIP
RFPA18263M.F,PC,GW,WIP
RFPA18263M.G,PC,GW,WIP
RFPA18263M.H,PC,GW,WIP
RFPA18263M.I,PC,GW,WIP
RFPA18263M.K,PC,GW,WIP
RFPA25153M.B,PC,GW,WIP
RFPA25153M.C,PC,GW,WIP
RFPA25153M.D,PC,GW,WIP
RFPA25153M.E,PC,GW,WIP
RFPA25153M.F,PC,GW,WIP
RFPA25153M.G,PC,GW,WIP
RFPA25153M.H,PC,GW,WIP
RFPA25153M.I,PC,GW,WIP
RFPA25153M.K,PC,GW,WIP
RFPA25183M.E,PC,GW,WIP
RFPA25183M.F,PC,GW,WIP
RFPA25183M.G,PC,GW,WIP
RFPA25183M.H,PC,GW,WIP
RFPA25183M.I,PC,GW,WIP
RFPA25183M.K,PC,GW,WIP
RFPA25263M.B,PC,GW,WIP
RFPA25263M.C,PC,GW,WIP
RFPA25263M.D,PC,GW,WIP
RFPA25263M.E,PC,GW,WIP
RFPA25263M.F,PC,GW,WIP
RFPA25263M.G,PC,GW,WIP
RFPA25263M.H,PC,GW,WIP
RFPA25263M.I,PC,GW,WIP
RFPA25263M.K,PC,GW,WIP
RFPA32153M.B,PC,GW,WIP
RFPA32153M.C,PC,GW,WIP
RFPA32153M.D,PC,GW,WIP
RFPA32183M.B,PC,GW,WIP
RFPA32183M.C,PC,GW,WIP
RFPA32183M.D,PC,GW,WIP
RFPA32183M.E,PC,GW,WIP
RFPA32183M.F,PC,GW,WIP
RFPA32183M.G,PC,GW,WIP
RFPA32183M.H,PC,GW,WIP
RFPA32183M.I,PC,GW,WIP
RFPA32183M.K,PC,GW,WIP
RFPA32263M.B,PC,GW,WIP
RFPA32263M.C,PC,GW,WIP
RFPA32263M.D,PC,GW,WIP
RFPA32263M.E,PC,GW,WIP
RFPA32263M.F,PC,GW,WIP
RFPA32263M.G,PC,GW,WIP
RFPA35083M.B,PC,GW,WIP
RFPA35083M.C,PC,GW,WIP
RFPA35083M.D,PC,GW,WIP
RFPA35083M.E,PC,GW,WIP
RFPA35083M.F,PC,GW,WIP
RFPA35083M.G,PC,GW,WIP
RFPA35083M.H,PC,GW,WIP
RFPA35083M.I,PC,GW,WIP
RFPA35083M.K,PC,GW,WIP
RFPA35151M.E,PC,GW,WIP
RFPA35151M.F,PC,GW,WIP
RFPA35151M.G,PC,GW,WIP
RFPA35153M.B,PC,GW,WIP
RFPA35153M.C,PC,GW,WIP
RFPA35153M.D,PC,GW,WIP
RFPA35153M.E,PC,GW,WIP
RFPA35153M.F,PC,GW,WIP
RFPA35153M.G,PC,GW,WIP
RFPA35153M.H,PC,GW,WIP
RFPA35153M.I,PC,GW,WIP
RFPA35153M.K,PC,GW,WIP
RFPA35183M.B,PC,GW,WIP
RFPA35183M.C,PC,GW,WIP
RFPA35183M.D,PC,GW,WIP
RFPA35183M.E,PC,GW,WIP
RFPA35183M.F,PC,GW,WIP
RFPA35183M.G,PC,GW,WIP
RFPA35183M.H,PC,GW,WIP
RFPA35183M.I,PC,GW,WIP
RFPA35183M.K,PC,GW,WIP
RFPA35188M.B,PC,GW,WIP
RFPA35188M.C,PC,GW,WIP
RFPA35188M.D,PC,GW,WIP
RFPA35188M.E,PC,GW,WIP
RFPA35188M.F,PC,GW,WIP
RFPA35188M.G,PC,GW,WIP
RFPA35188M.H,PC,GW,WIP
RFPA35188M.I,PC,GW,WIP
RFPA35188M.K,PC,GW,WIP
RFPA35263M.B,PC,GW,WIP
RFPA35263M.C,PC,GW,WIP
RFPA35263M.D,PC,GW,WIP
RFPA35263M.E,PC,GW,WIP
RFPA35263M.F,PC,GW,WIP
RFPA35263M.G,PC,GW,WIP
RFPA35263M.H,PC,GW,WIP
RFPA35263M.I,PC,GW,WIP
RFPA35263M.K,PC,GW,WIP
RFPA38153M.B,PC,GW,WIP
RFPA38153M.C,PC,GW,WIP
RFPA38153M.D,PC,GW,WIP
RFPA38153M.E,PC,GW,WIP
RFPA38153M.F,PC,GW,WIP
RFPA38153M.G,PC,GW,WIP
RFPA38153M.H,PC,GW,WIP
RFPA38153M.I,PC,GW,WIP
RFPA38153M.K,PC,GW,WIP
RFPA38183M.B,PC,GW,WIP
RFPA38183M.C,PC,GW,WIP
RFPA38183M.D,PC,GW,WIP
RFPA38183M.E,PC,GW,WIP
RFPA38183M.F,PC,GW,WIP
RFPA38183M.G,PC,GW,WIP
RFPA38183M.H,PC,GW,WIP
RFPA38183M.I,PC,GW,WIP
RFPA38183M.K,PC,GW,WIP
RFPA38263M.E,PC,GW,WIP
RFPA38263M.F,PC,GW,WIP
RFPA38263M.G,PC,GW,WIP
RFPA38263M.H,PC,GW,WIP
RFPA38263M.I,PC,GW,WIP
RFPA38263M.K,PC,GW,WIP
RFPS25153M.E,PC,GW,WIP
RFPS25153M.F,PC,GW,WIP
RFPS25153M.G,PC,GW,WIP
RFPS25263M.E,PC,GW,WIP
RFPS25263M.F,PC,GW,WIP
RFPS25263M.G,PC,GW,WIP
RFPS32153M.B,PC,GW,WIP
RFPS32153M.C,PC,GW,WIP
RFPS32153M.D,PC,GW,WIP
RFPS32153M.E,PC,GW,WIP
RFPS32153M.F,PC,GW,WIP
RFPS32153M.G,PC,GW,WIP
RFPS35083M.E,PC,GW,WIP
RFPS35083M.F,PC,GW,WIP
RFPS35083M.G,PC,GW,WIP
RFPS35153M.B,PC,GW,WIP
RFPS35153M.C,PC,GW,WIP
RFPS35153M.D,PC,GW,WIP
RFPS35153M.E,PC,GW,WIP
RFPS35153M.F,PC,GW,WIP
RFPS35153M.G,PC,GW,WIP
RFPS35153M.H,PC,GW,WIP
RFPS35153M.I,PC,GW,WIP
RFPS35153M.K,PC,GW,WIP
RFPS35183M.B,PC,GW,WIP
RFPS35183M.C,PC,GW,WIP
RFPS35183M.D,PC,GW,WIP
RFPS35183M.E,PC,GW,WIP
RFPS35183M.F,PC,GW,WIP
RFPS35183M.G,PC,GW,WIP
RFPS35183M.H,PC,GW,WIP
RFPS35183M.I,PC,GW,WIP
RFPS35183M.K,PC,GW,WIP
RFPS35263M.B,PC,GW,WIP
RFPS35263M.C,PC,GW,WIP
RFPS35263M.D,PC,GW,WIP
RFPS35263M.E,PC,GW,WIP
RFPS35263M.F,PC,GW,WIP
RFPS35263M.G,PC,GW,WIP
RFPS35263M.H,PC,GW,WIP
RFPS35263M.I,PC,GW,WIP
RFPS35263M.K,PC,GW,WIP
RFPS38083M.E,PC,GW,WIP
RFPS38083M.F,PC,GW,WIP
RFPS38083M.G,PC,GW,WIP
RFPS38153M.B,PC,GW,WIP
RFPS38153M.C,PC,GW,WIP
RFPS38153M.D,PC,GW,WIP
RFPS38153M.E,PC,GW,WIP
RFPS38153M.F,PC,GW,WIP
RFPS38153M.G,PC,GW,WIP
RFPS38153M.H,PC,GW,WIP
RFPS38153M.I,PC,GW,WIP
RFPS38153M.K,PC,GW,WIP
RFPS38183M.E,PC,GW,WIP
RFPS38183M.F,PC,GW,WIP
RFPS38183M.G,PC,GW,WIP
RFS,L,,
RFXDA15108,PC,RFC,WIP
RFXDA15108T,PC,RFC,WIP
RFXDA25108,PC,RFC,WIP
RFXDA25108T,PC,RFC,WIP
RFXDA7510G,PC,RFC,WIP
RFXDA7510GT,PC,RFC,WIP
RFXDAB5108,PC,RFC,WIP
RFXDAB5108T,PC,RFC,WIP
RFXDAC5108,PC,RFC,WIP
RFXDAC5108T,PC,RFC,WIP
RFXDB1510G,PC,RFC,WIP
RFXDB1510GT,PC,RFC,WIP
RFXDB25108,PC,RFC,WIP
RFXDB25108T,PC,RFC,WIP
RFXDB2510G,PC,RFC,WIP
RFXDB2510GT,PC,RFC,WIP
RFXDB3510G,PC,RFC,WIP
RFXDB3510GT,PC,RFC,WIP
RFXDB45108,PC,RFC,WIP
RFXDB45108T,PC,RFC,WIP
RFXDB4510G,PC,RFC,WIP
RFXDB4510GT,PC,RFC,WIP
RFXDB55108,PC,RFC,WIP
RFXDB55108T,PC,RFC,WIP
RFXDB5510G,PC,RFC,WIP
RFXDB5510GT,PC,RFC,WIP
RFXDB65108,PC,RFC,WIP
RFXDB65108T,PC,RFC,WIP
RFXDB6510G,PC,RFC,WIP
RFXDB6510GT,PC,RFC,WIP
RFXDBE5108W,PC,RFC,WIP
RFXDBF5108W,PC,RFC,WIP
RFXDC3510G,PC,RFC,WIP
RFXDC3510GT,PC,RFC,WIP
RFXDC45108,PC,RFC,WIP
RFXDC45108T,PC,RFC,WIP
RFXDC4510G,PC,RFC,WIP
RFXDC4510GT,PC,RFC,WIP
RFXDD3510G,PC,RFC,WIP
RFXDD3510GT,PC,RFC,WIP
RFXDD4510G,PC,RFC,WIP
RFXDD4510GT,PC,RFC,WIP
RFXDD55108T,PC,RFC,WIP
RFXDD5510G,PC,RFC,WIP
RFXDD5510GT,PC,RFC,WIP
RFXDD6510G,PC,RFC,WIP
RFXDD6510GT,PC,RFC,WIP
RFXDE45108,PC,RFC,WIP
RFXDE45108T,PC,RFC,WIP
RFXDE4510G,PC,RFC,WIP
RFXDE4510GT,PC,RFC,WIP
RFXDF25108,PC,RFC,WIP
RFXDF25108T,PC,RFC,WIP
RFXDG15108,PC,RFC,WIP
RFXDG15108T,PC,RFC,WIP
RFXDG35108,PC,RFC,WIP
RFXDG35108T,PC,RFC,WIP
RFXDG45108,PC,RFC,WIP
RFXDG45108T,PC,RFC,WIP
RFXDG95107,PC,RFC,WIP
RFXDG95107T,PC,RFC,WIP
RFXDGD5108W,PC,RFC,WIP
RFXDGI5107W,PC,RFC,WIP
RFXEA15110,PC,RFC,WIP
RFXEA15110T,PC,RFC,WIP
RFXEA25110,PC,RFC,WIP
RFXEA25110T,PC,RFC,WIP
RFXEA35110,PC,RFC,WIP
RFXEA35110T,PC,RFC,WIP
RFXEA45110,PC,RFC,WIP
RFXEA45110T,PC,RFC,WIP
RFXEB15110,PC,RFC,WIP
RFXEB15110T,PC,RFC,WIP
RFXEB25110,PC,RFC,WIP
RFXEB25110T,PC,RFC,WIP
RFXEB35110,PC,RFC,WIP
RFXEB35110T,PC,RFC,WIP
RFXEB45110,PC,RFC,WIP
RFXEB45110T,PC,RFC,WIP
RFXEC15110,PC,RFC,WIP
RFXEC15110T,PC,RFC,WIP
RFXEC25110,PC,RFC,WIP
RFXEC25110T,PC,RFC,WIP
RFXEC35110,PC,RFC,WIP
RFXEC35110T,PC,RFC,WIP
RFXEC45110,PC,RFC,WIP
RFXEC45110T,PC,RFC,WIP
RFXEE15110,PC,RFC,WIP
RFXEE15110T,PC,RFC,WIP
RFXEE25110,PC,RFC,WIP
RFXEE25110T,PC,RFC,WIP
RFXEG15110,PC,RFC,WIP
RFXEG15110T,PC,RFC,WIP
RFXEH1510G,PC,RFC,WIP
RFXEH1510GT,PC,RFC,WIP
RFXEH15110,PC,RFC,WIP
RFXEH15110T,PC,RFC,WIP
RFXEH45110,PC,RFC,WIP
RFXEH45110T,PC,RFC,WIP
RFXEJ15110,PC,RFC,WIP
RFXEJ15110T,PC,RFC,WIP
RFXFG15108,PC,RFC,WIP
RFXFG15108T,PC,RFC,WIP
RFXFG1510G,PC,RFC,WIP
RFXFG1510GT,PC,RFC,WIP
RFXFG15111,PC,RFC,WIP
RFXFG15111T,PC,RFC,WIP
RFXFK15108,PC,RFC,WIP
RFXFK15108T,PC,RFC,WIP
RFXFK1510G,PC,RFC,WIP
RFXFK1510GT,PC,RFC,WIP
RFY+DB55008,PC,RFC,WIP
RFY+DB55008T,PC,RFC,WIP
RFY+DB65008,PC,RFC,WIP
RFY+DB65008T,PC,RFC,WIP
RFY+DG15008,PC,RFC,WIP
RFY+DG15008T,PC,RFC,WIP
RFY+DG35008,PC,RFC,WIP
RFY+DG35008T,PC,RFC,WIP
RFY+DG95007,PC,RFC,WIP
RFY+DG95007T,PC,RFC,WIP
RFY+EA25010,PC,RFC,WIP
RFY+EA25010T,PC,RFC,WIP
RFY+EB15010,PC,RFC,WIP
RFY+EB15010T,PC,RFC,WIP
RFY+EH15010,PC,RFC,WIP
RFY+EH15010T,PC,RFC,WIP
RFY+EJ15010,PC,RFC,WIP
RFY+EJ15010T,PC,RFC,WIP
RFYDA15008,PC,RFC,WIP
RFYDA15008S,PC,RFC,WIP
RFYDA15008T,PC,RFC,WIP
RFYDA15108T,PC,RFC,WIP
RFYDA25008,PC,RFC,WIP
RFYDA25008S,PC,RFC,WIP
RFYDA25008T,PC,RFC,WIP
RFYDA25108T,PC,RFC,WIP
RFYDA7500G,PC,RFC,WIP
RFYDA7500GS,PC,RFC,WIP
RFYDA7500GT,PC,RFC,WIP
RFYDA7510GT,PC,RFC,WIP
RFYDAB5008,PC,RFC,WIP
RFYDAB5008S,PC,RFC,WIP
RFYDAB5008T,PC,RFC,WIP
RFYDAB5108T,PC,RFC,WIP
RFYDAC5008,PC,RFC,WIP
RFYDAC5008S,PC,RFC,WIP
RFYDAC5008T,PC,RFC,WIP
RFYDAC5108T,PC,RFC,WIP
RFYDB1500G,PC,RFC,WIP
RFYDB1500GS,PC,RFC,WIP
RFYDB1500GT,PC,RFC,WIP
RFYDB1510GT,PC,RFC,WIP
RFYDB25008,PC,RFC,WIP
RFYDB25008S,PC,RFC,WIP
RFYDB25008T,PC,RFC,WIP
RFYDB2500G,PC,RFC,WIP
RFYDB2500GS,PC,RFC,WIP
RFYDB2500GT,PC,RFC,WIP
RFYDB25108T,PC,RFC,WIP
RFYDB2510GT,PC,RFC,WIP
RFYDB3500G,PC,RFC,WIP
RFYDB3500GS,PC,RFC,WIP
RFYDB3500GT,PC,RFC,WIP
RFYDB3510GT,PC,RFC,WIP
RFYDB45008,PC,RFC,WIP
RFYDB45008S,PC,RFC,WIP
RFYDB45008T,PC,RFC,WIP
RFYDB4500G,PC,RFC,WIP
RFYDB4500GS,PC,RFC,WIP
RFYDB4500GT,PC,RFC,WIP
RFYDB45108T,PC,RFC,WIP
RFYDB4510GT,PC,RFC,WIP
RFYDB55008,PC,RFC,WIP
RFYDB55008S,PC,RFC,WIP
RFYDB55008T,PC,RFC,WIP
RFYDB5500G,PC,RFC,WIP
RFYDB5500GS,PC,RFC,WIP
RFYDB5500GT,PC,RFC,WIP
RFYDB55108T,PC,RFC,WIP
RFYDB5510GT,PC,RFC,WIP
RFYDB65008,PC,RFC,WIP
RFYDB65008S,PC,RFC,WIP
RFYDB65008T,PC,RFC,WIP
RFYDB6500G,PC,RFC,WIP
RFYDB6500GS,PC,RFC,WIP
RFYDB6500GT,PC,RFC,WIP
RFYDB65108T,PC,RFC,WIP
RFYDB6510GT,PC,RFC,WIP
RFYDBE5008W,PC,RFC,WIP
RFYDBE5108W,PC,RFC,WIP
RFYDBF5008W,PC,RFC,WIP
RFYDBF5108W,PC,RFC,WIP
RFYDC3500G,PC,RFC,WIP
RFYDC3500GS,PC,RFC,WIP
RFYDC3500GT,PC,RFC,WIP
RFYDC3510GT,PC,RFC,WIP
RFYDC45008,PC,RFC,WIP
RFYDC45008S,PC,RFC,WIP
RFYDC45008T,PC,RFC,WIP
RFYDC4500G,PC,RFC,WIP
RFYDC4500GS,PC,RFC,WIP
RFYDC4500GT,PC,RFC,WIP
RFYDC45108T,PC,RFC,WIP
RFYDC4510GT,PC,RFC,WIP
RFYDD3500G,PC,RFC,WIP
RFYDD3500GS,PC,RFC,WIP
RFYDD3500GT,PC,RFC,WIP
RFYDD3510GT,PC,RFC,WIP
RFYDD4500G,PC,RFC,WIP
RFYDD4500GS,PC,RFC,WIP
RFYDD4500GT,PC,RFC,WIP
RFYDD4510GT,PC,RFC,WIP
RFYDD55008S,PC,RFC,WIP
RFYDD55008T,PC,RFC,WIP
RFYDD5500G,PC,RFC,WIP
RFYDD5500GS,PC,RFC,WIP
RFYDD5500GT,PC,RFC,WIP
RFYDD55108T,PC,RFC,WIP
RFYDD5510GT,PC,RFC,WIP
RFYDD6500G,PC,RFC,WIP
RFYDD6500GS,PC,RFC,WIP
RFYDD6500GT,PC,RFC,WIP
RFYDD6510GT,PC,RFC,WIP
RFYDE45008,PC,RFC,WIP
RFYDE45008S,PC,RFC,WIP
RFYDE45008T,PC,RFC,WIP
RFYDE4500G,PC,RFC,WIP
RFYDE4500GS,PC,RFC,WIP
RFYDE4500GT,PC,RFC,WIP
RFYDE45108T,PC,RFC,WIP
RFYDE4510GT,PC,RFC,WIP
RFYDF25008,PC,RFC,WIP
RFYDF25008S,PC,RFC,WIP
RFYDF25008T,PC,RFC,WIP
RFYDF25108T,PC,RFC,WIP
RFYDG15008,PC,RFC,WIP
RFYDG15008S,PC,RFC,WIP
RFYDG15008T,PC,RFC,WIP
RFYDG15108T,PC,RFC,WIP
RFYDG35008,PC,RFC,WIP
RFYDG35008S,PC,RFC,WIP
RFYDG35008T,PC,RFC,WIP
RFYDG35108T,PC,RFC,WIP
RFYDG45008,PC,RFC,WIP
RFYDG45008S,PC,RFC,WIP
RFYDG45008T,PC,RFC,WIP
RFYDG45108T,PC,RFC,WIP
RFYDG95007,PC,RFC,WIP
RFYDG95007S,PC,RFC,WIP
RFYDG95007T,PC,RFC,WIP
RFYDG95107T,PC,RFC,WIP
RFYDGD5008W,PC,RFC,WIP
RFYDGD5108W,PC,RFC,WIP
RFYDGI5007W,PC,RFC,WIP
RFYDGI5107W,PC,RFC,WIP
RFYEA15010,PC,RFC,WIP
RFYEA15010S,PC,RFC,WIP
RFYEA15010T,PC,RFC,WIP
RFYEA15110T,PC,RFC,WIP
RFYEA25010,PC,RFC,WIP
RFYEA25010S,PC,RFC,WIP
RFYEA25010T,PC,RFC,WIP
RFYEA25110T,PC,RFC,WIP
RFYEA35010,PC,RFC,WIP
RFYEA35010S,PC,RFC,WIP
RFYEA35010T,PC,RFC,WIP
RFYEA35110T,PC,RFC,WIP
RFYEA45010,PC,RFC,WIP
RFYEA45010S,PC,RFC,WIP
RFYEA45010T,PC,RFC,WIP
RFYEA45110T,PC,RFC,WIP
RFYEB15010,PC,RFC,WIP
RFYEB15010S,PC,RFC,WIP
RFYEB15010T,PC,RFC,WIP
RFYEB15110T,PC,RFC,WIP
RFYEB25010,PC,RFC,WIP
RFYEB25010S,PC,RFC,WIP
RFYEB25010T,PC,RFC,WIP
RFYEB25110T,PC,RFC,WIP
RFYEB35010,PC,RFC,WIP
RFYEB35010S,PC,RFC,WIP
RFYEB35010T,PC,RFC,WIP
RFYEB35110T,PC,RFC,WIP
RFYEB45010,PC,RFC,WIP
RFYEB45010S,PC,RFC,WIP
RFYEB45010T,PC,RFC,WIP
RFYEB45110T,PC,RFC,WIP
RFYEC15010,PC,RFC,WIP
RFYEC15010S,PC,RFC,WIP
RFYEC15010T,PC,RFC,WIP
RFYEC15110T,PC,RFC,WIP
RFYEC25010,PC,RFC,WIP
RFYEC25010S,PC,RFC,WIP
RFYEC25010T,PC,RFC,WIP
RFYEC25110T,PC,RFC,WIP
RFYEC35010,PC,RFC,WIP
RFYEC35010S,PC,RFC,WIP
RFYEC35010T,PC,RFC,WIP
RFYEC35110T,PC,RFC,WIP
RFYEC45010,PC,RFC,WIP
RFYEC45010S,PC,RFC,WIP
RFYEC45010T,PC,RFC,WIP
RFYEC45110T,PC,RFC,WIP
RFYEE15010,PC,RFC,WIP
RFYEE15010S,PC,RFC,WIP
RFYEE15010T,PC,RFC,WIP
RFYEE15110T,PC,RFC,WIP
RFYEE25010,PC,RFC,WIP
RFYEE25010S,PC,RFC,WIP
RFYEE25010T,PC,RFC,WIP
RFYEE25110T,PC,RFC,WIP
RFYEG15010,PC,RFC,WIP
RFYEG15010S,PC,RFC,WIP
RFYEG15010T,PC,RFC,WIP
RFYEG15110T,PC,RFC,WIP
RFYEH1500G,PC,RFC,WIP
RFYEH1500GS,PC,RFC,WIP
RFYEH1500GT,PC,RFC,WIP
RFYEH15010,PC,RFC,WIP
RFYEH15010S,PC,RFC,WIP
RFYEH15010T,PC,RFC,WIP
RFYEH1510GT,PC,RFC,WIP
RFYEH15110T,PC,RFC,WIP
RFYEH45010,PC,RFC,WIP
RFYEH45010S,PC,RFC,WIP
RFYEH45010T,PC,RFC,WIP
RFYEH45110T,PC,RFC,WIP
RFYEJ15010,PC,RFC,WIP
RFYEJ15010S,PC,RFC,WIP
RFYEJ15010T,PC,RFC,WIP
RFYEJ15110T,PC,RFC,WIP
RFYFG15008,PC,RFC,WIP
RFYFG15008S,PC,RFC,WIP
RFYFG15008T,PC,RFC,WIP
RFYFG1500G,PC,RFC,WIP
RFYFG1500GS,PC,RFC,WIP
RFYFG1500GT,PC,RFC,WIP
RFYFG15011,PC,RFC,WIP
RFYFG15011S,PC,RFC,WIP
RFYFG15011T,PC,RFC,WIP
RFYFG15108T,PC,RFC,WIP
RFYFG1510GT,PC,RFC,WIP
RFYFG15111T,PC,RFC,WIP
RFYFK15008,PC,RFC,WIP
RFYFK15008S,PC,RFC,WIP
RFYFK15008T,PC,RFC,WIP
RFYFK1500G,PC,RFC,WIP
RFYFK1500GS,PC,RFC,WIP
RFYFK1500GT,PC,RFC,WIP
RFYFK15108T,PC,RFC,WIP
RG00X018V,PC,GW,RM
RG00X025V,PC,GW,RM
RG00X032V,PC,GW,RM
RG00X035NV,PC,GW,RM
RG00X035V,PC,GW,RM
RG00X038NV,PC,GW,RM
RG00X038V,PC,GW,RM
RG00X100V,PC,GW,RM
RG00X101V,PC,CM,RM
RG00X104V,PC,GW,RM
RG00X1805A,PC,GW,WIP
RG00X1808A,PC,GW,WIP
RG00X1815A,PC,GW,WIP
RG00X1815S,PC,GW,WIP
RG00X1818A,PC,GW,WIP
RG00X1818S,PC,GW,WIP
RG00X1822A,PC,GW,WIP
RG00X1826A,PC,GW,WIP
RG00X1826S,PC,GW,WIP
RG00X2015A,PC,GW,WIP
RG00X2018A,PC,GW,WIP
RG00X2026A,PC,GW,WIP
RG00X2505A,PC,GW,WIP
RG00X2512A,PC,GW,WIP
RG00X2512S,PC,GW,WIP
RG00X2515A,PC,GW,WIP
RG00X2515S,PC,GW,WIP
RG00X2518A,PC,GW,WIP
RG00X2518S,PC,GW,WIP
RG00X2526A,PC,GW,WIP
RG00X2526S,PC,GW,WIP
RG00X3212A,PC,GW,WIP
RG00X3212S,PC,GW,WIP
RG00X3215A,PC,GW,WIP
RG00X3215S,PC,GW,WIP
RG00X3218A,PC,GW,WIP
RG00X3218S,PC,GW,WIP
RG00X3226A,PC,GW,WIP
RG00X3226S,PC,GW,WIP
RG00X3505A,PC,GW,WIP
RG00X3508A,PC,GW,WIP
RG00X3508S,PC,GW,WIP
RG00X3512A,PC,GW,WIP
RG00X3512S,PC,GW,WIP
RG00X3515A,PC,GW,WIP
RG00X3515S,PC,GW,WIP
RG00X3518A,PC,GW,WIP
RG00X3518S,PC,GW,WIP
RG00X3522A,PC,GW,WIP
RG00X3522S,PC,GW,WIP
RG00X3526A,PC,GW,WIP
RG00X3526S,PC,GW,WIP
RG00X3808S,PC,GW,WIP
RG00X3815A,PC,GW,WIP
RG00X3815S,PC,GW,WIP
RG00X3818A,PC,GW,WIP
RG00X3818S,PC,GW,WIP
RG00X3822A,PC,GW,WIP
RG00X3826A,PC,GW,WIP
RG00X3826S,PC,GW,WIP
RG20X002V,KG,GW,RM
RG26M1231V,PC,GW,RM
RG26M1231V-C,PC,GW,RM
RG26M1301V,PC,GW,RM
RG26M1301V-C,PC,GW,RM
RG26M133V-01,PC,GW,RM
RG26M203V-01,PC,GW,RM
RG26X004V,PC,GW,RM
RG30M701NV,PC,GW,RM
RG30M703NV,PC,GW,RM
RG34M1501AV,PC,GW,RM
RG34M1501V-C,PC,GW,RM
RG36M1502V,PC,GW,RM
RG36M1502V-2,PC,GW,RM
RG36M1503V,PC,GW,RM
RG36M1503V-2,PC,GW,RM
RG37X001V,PC,GW,RM
RG37X003V,PC,GW,RM
RG75GA18083V,PC,GW,RM
RG75GA18083Y,PC,GW,RM
RG75GA18153V,PC,GW,RM
RG75GA18153Y,PC,GW,RM
RG75GA18183V,PC,GW,RM
RG75GA18183Y,PC,GW,RM
RG75GA18263V,PC,GW,RM
RG75GA18263Y,PC,GW,RM
RG75GA25153V,PC,GW,RM
RG75GA25153Y,PC,GW,RM
RG75GA25183V,PC,GW,RM
RG75GA25183Y,PC,GW,RM
RG75GA25263V,PC,GW,RM
RG75GA25263Y,PC,GW,RM
RG75GA32153V,PC,GW,RM
RG75GA32153Y,PC,GW,RM
RG75GA32183V,PC,GW,RM
RG75GA32183Y,PC,GW,RM
RG75GA32263V,PC,GW,RM
RG75GA32263Y,PC,GW,RM
RG75GA35083V,PC,GW,RM
RG75GA35083Y,PC,GW,RM
RG75GA35123V,PC,GW,RM
RG75GA35123Y,PC,GW,RM
RG75GA35153V,PC,GW,RM
RG75GA35153Y,PC,GW,RM
RG75GA35155V,PC,GW,RM
RG75GA35155Y,PC,GW,RM
RG75GA35158V,PC,GW,RM
RG75GA35158Y,PC,GW,RM
RG75GA35181V,PC,GW,RM
RG75GA35181Y,PC,GW,RM
RG75GA35183V,PC,GW,RM
RG75GA35183Y,PC,GW,RM
RG75GA35188V,PC,GW,RM
RG75GA35188Y,PC,GW,RM
RG75GA35223V,PC,GW,RM
RG75GA35223Y,PC,GW,RM
RG75GA35261V,PC,GW,RM
RG75GA35261Y,PC,GW,RM
RG75GA35263V,PC,GW,RM
RG75GA35263Y,PC,GW,RM
RG75GA38151V,PC,GW,RM
RG75GA38151Y,PC,GW,RM
RG75GA38153V,PC,GW,RM
RG75GA38153Y,PC,GW,RM
RG75GA38158V,PC,GW,RM
RG75GA38158Y,PC,GW,RM
RG75GA38183V,PC,GW,RM
RG75GA38183Y,PC,GW,RM
RG75GA38263V,PC,GW,RM
RG75GA38263Y,PC,GW,RM
RG75GS18153V,PC,GW,RM
RG75GS18153Y,PC,GW,RM
RG75GS18183V,PC,GW,RM
RG75GS18183Y,PC,GW,RM
RG75GS18263V,PC,GW,RM
RG75GS18263Y,PC,GW,RM
RG75GS25153V,PC,GW,RM
RG75GS25153Y,PC,GW,RM
RG75GS25183V,PC,GW,RM
RG75GS25183Y,PC,GW,RM
RG75GS25263V,PC,GW,RM
RG75GS25263Y,PC,GW,RM
RG75GS32153V,PC,GW,RM
RG75GS32153Y,PC,GW,RM
RG75GS32183V,PC,GW,RM
RG75GS32183Y,PC,GW,RM
RG75GS32263V,PC,GW,RM
RG75GS32263Y,PC,GW,RM
RG75GS35153V,PC,GW,RM
RG75GS35153Y,PC,GW,RM
RG75GS35155V,PC,GW,RM
RG75GS35155Y,PC,GW,RM
RG75GS35158V,PC,GW,RM
RG75GS35158Y,PC,GW,RM
RG75GS35181V,PC,GW,RM
RG75GS35181Y,PC,GW,RM
RG75GS35183V,PC,GW,RM
RG75GS35183Y,PC,GW,RM
RG75GS35223V,PC,GW,RM
RG75GS35223Y,PC,GW,RM
RG75GS35261V,PC,GW,RM
RG75GS35261Y,PC,GW,RM
RG75GS35263V,PC,GW,RM
RG75GS35263Y,PC,GW,RM
RG75GS38151Y,PC,GW,RM
RG75GS38153V,PC,GW,RM
RG75GS38153Y,PC,GW,RM
RG75GS38183V,PC,GW,RM
RG75GS38183Y,PC,GW,RM
RG75GS38263V,PC,GW,RM
RG75GS38263Y,PC,GW,RM
RG75HA35153V,PC,GW,RM
RG75HA35153Y,PC,GW,RM
RG75HA35263V,PC,GW,RM
RG75HA35263Y,PC,GW,RM
RG75PA18183V,PC,GW,RM
RG75PA18183Y,PC,GW,RM
RG75PA18263V,PC,GW,RM
RG75PA18263Y,PC,GW,RM
RG75PA25153V,PC,GW,RM
RG75PA25153Y,PC,GW,RM
RG75PA25263V,PC,GW,RM
RG75PA25263Y,PC,GW,RM
RG75PA32153Y,PC,GW,RM
RG75PA32183V,PC,GW,RM
RG75PA32183Y,PC,GW,RM
RG75PA32263V,PC,GW,RM
RG75PA32263Y,PC,GW,RM
RG75PA35083V,PC,GW,RM
RG75PA35083Y,PC,GW,RM
RG75PA35151V,PC,GW,RM
RG75PA35151Y,PC,GW,RM
RG75PA35153V,PC,GW,RM
RG75PA35153Y,PC,GW,RM
RG75PA35183V,PC,GW,RM
RG75PA35183Y,PC,GW,RM
RG75PA35188V,PC,GW,RM
RG75PA35188Y,PC,GW,RM
RG75PA35263V,PC,GW,RM
RG75PA35263Y,PC,GW,RM
RG75PA38153V,PC,GW,RM
RG75PA38153Y,PC,GW,RM
RG75PA38183V,PC,GW,RM
RG75PA38183Y,PC,GW,RM
RG75PA38263V,PC,GW,RM
RG75PA38263Y,PC,GW,RM
RG75PS25263V,PC,GW,RM
RG75PS25263Y,PC,GW,RM
RG75PS32153V,PC,GW,RM
RG75PS32153Y,PC,GW,RM
RG75PS35153V,PC,GW,RM
RG75PS35153Y,PC,GW,RM
RG75PS35183V,PC,GW,RM
RG75PS35183Y,PC,GW,RM
RG75PS35263V,PC,GW,RM
RG75PS35263Y,PC,GW,RM
RG75PS38153V,PC,GW,RM
RG75PS38153Y,PC,GW,RM
RG75PS38183V,PC,GW,RM
RG75PS38183Y,PC,GW,RM
RG80GA18053,PC,GW,WIP
RG80GA18053Y,PC,GW,WIP
RG80GA18083,PC,GW,WIP
RG80GA18083Y,PC,GW,WIP
RG80GA18153,PC,GW,WIP
RG80GA18153Y,PC,GW,WIP
RG80GA18183,PC,GW,WIP
RG80GA18183Y,PC,GW,WIP
RG80GA18223,PC,GW,WIP
RG80GA18223Y,PC,GW,WIP
RG80GA18263,PC,GW,WIP
RG80GA18263Y,PC,GW,WIP
RG80GA25053,PC,GW,WIP
RG80GA25053Y,PC,GW,WIP
RG80GA25123,PC,GW,WIP
RG80GA25123Y,PC,GW,WIP
RG80GA25153,PC,GW,WIP
RG80GA25153Y,PC,GW,WIP
RG80GA25183,PC,GW,WIP
RG80GA25183Y,PC,GW,WIP
RG80GA25263,PC,GW,WIP
RG80GA25263Y,PC,GW,WIP
RG80GA32123,PC,GW,WIP
RG80GA32123Y,PC,GW,WIP
RG80GA32153,PC,GW,WIP
RG80GA32153Y,PC,GW,WIP
RG80GA32183,PC,GW,WIP
RG80GA32183Y,PC,GW,WIP
RG80GA32263,PC,GW,WIP
RG80GA32263Y,PC,GW,WIP
RG80GA35053,PC,GW,WIP
RG80GA35053Y,PC,GW,WIP
RG80GA35083,PC,GW,WIP
RG80GA35083Y,PC,GW,WIP
RG80GA35123,PC,GW,WIP
RG80GA35123Y,PC,GW,WIP
RG80GA35151,PC,GW,WIP
RG80GA35151Y,PC,GW,WIP
RG80GA35153,PC,GW,WIP
RG80GA35153Y,PC,GW,WIP
RG80GA35155,PC,GW,WIP
RG80GA35155Y,PC,GW,WIP
RG80GA35158,PC,GW,WIP
RG80GA35158Y,PC,GW,WIP
RG80GA35181,PC,GW,WIP
RG80GA35181Y,PC,GW,WIP
RG80GA35183,PC,GW,WIP
RG80GA35183Y,PC,GW,WIP
RG80GA35188,PC,GW,WIP
RG80GA35188Y,PC,GW,WIP
RG80GA35223,PC,GW,WIP
RG80GA35223Y,PC,GW,WIP
RG80GA35261,PC,GW,WIP
RG80GA35261Y,PC,GW,WIP
RG80GA35263,PC,GW,WIP
RG80GA35263Y,PC,GW,WIP
RG80GA38151,PC,GW,WIP
RG80GA38151Y,PC,GW,WIP
RG80GA38153,PC,GW,WIP
RG80GA38153Y,PC,GW,WIP
RG80GA38158,PC,GW,WIP
RG80GA38158Y,PC,GW,WIP
RG80GA38183,PC,GW,WIP
RG80GA38183Y,PC,GW,WIP
RG80GA38223,PC,GW,WIP
RG80GA38223Y,PC,GW,WIP
RG80GA38263,PC,GW,WIP
RG80GA38263Y,PC,GW,WIP
RG80GS18153,PC,GW,WIP
RG80GS18153Y,PC,GW,WIP
RG80GS18183,PC,GW,WIP
RG80GS18183Y,PC,GW,WIP
RG80GS18263,PC,GW,WIP
RG80GS18263Y,PC,GW,WIP
RG80GS25123,PC,GW,WIP
RG80GS25123Y,PC,GW,WIP
RG80GS25153,PC,GW,WIP
RG80GS25153Y,PC,GW,WIP
RG80GS25183,PC,GW,WIP
RG80GS25183Y,PC,GW,WIP
RG80GS25263,PC,GW,WIP
RG80GS25263Y,PC,GW,WIP
RG80GS32123,PC,GW,WIP
RG80GS32123Y,PC,GW,WIP
RG80GS32153,PC,GW,WIP
RG80GS32153Y,PC,GW,WIP
RG80GS32183,PC,GW,WIP
RG80GS32183Y,PC,GW,WIP
RG80GS32263,PC,GW,WIP
RG80GS32263Y,PC,GW,WIP
RG80GS35123,PC,GW,WIP
RG80GS35123Y,PC,GW,WIP
RG80GS35151,PC,GW,WIP
RG80GS35151Y,PC,GW,WIP
RG80GS35153,PC,GW,WIP
RG80GS35153Y,PC,GW,WIP
RG80GS35155,PC,GW,WIP
RG80GS35155Y,PC,GW,WIP
RG80GS35158,PC,GW,WIP
RG80GS35158Y,PC,GW,WIP
RG80GS35181,PC,GW,WIP
RG80GS35181Y,PC,GW,WIP
RG80GS35183,PC,GW,WIP
RG80GS35183Y,PC,GW,WIP
RG80GS35223,PC,GW,WIP
RG80GS35223Y,PC,GW,WIP
RG80GS35261,PC,GW,WIP
RG80GS35261Y,PC,GW,WIP
RG80GS35263,PC,GW,WIP
RG80GS35263Y,PC,GW,WIP
RG80GS38151,PC,GW,WIP
RG80GS38151Y,PC,GW,WIP
RG80GS38153,PC,GW,WIP
RG80GS38153Y,PC,GW,WIP
RG80GS38183,PC,GW,WIP
RG80GS38183Y,PC,GW,WIP
RG80GS38263,PC,GW,WIP
RG80GS38263Y,PC,GW,WIP
RG80HA35153,PC,GW,WIP
RG80HA35153Y,PC,GW,WIP
RG80HA35263,PC,GW,WIP
RG80HA35263Y,PC,GW,WIP
RG80PA18153,PC,GW,WIP
RG80PA18153Y,PC,GW,WIP
RG80PA18183,PC,GW,WIP
RG80PA18183Y,PC,GW,WIP
RG80PA18263,PC,GW,WIP
RG80PA18263Y,PC,GW,WIP
RG80PA25153,PC,GW,WIP
RG80PA25153Y,PC,GW,WIP
RG80PA25183,PC,GW,WIP
RG80PA25183Y,PC,GW,WIP
RG80PA25263,PC,GW,WIP
RG80PA25263Y,PC,GW,WIP
RG80PA32153Y,PC,GW,WIP
RG80PA32183,PC,GW,WIP
RG80PA32183Y,PC,GW,WIP
RG80PA32263,PC,GW,WIP
RG80PA32263Y,PC,GW,WIP
RG80PA35083,PC,GW,WIP
RG80PA35083Y,PC,GW,WIP
RG80PA35151,PC,GW,WIP
RG80PA35151Y,PC,GW,WIP
RG80PA35153,PC,GW,WIP
RG80PA35153Y,PC,GW,WIP
RG80PA35183,PC,GW,WIP
RG80PA35183Y,PC,GW,WIP
RG80PA35188,PC,GW,WIP
RG80PA35188Y,PC,GW,WIP
RG80PA35263,PC,GW,WIP
RG80PA35263Y,PC,GW,WIP
RG80PA38153,PC,GW,WIP
RG80PA38153Y,PC,GW,WIP
RG80PA38183,PC,GW,WIP
RG80PA38183Y,PC,GW,WIP
RG80PA38263,PC,GW,WIP
RG80PA38263Y,PC,GW,WIP
RG80PS25153,PC,GW,WIP
RG80PS25153Y,PC,GW,WIP
RG80PS25263,PC,GW,WIP
RG80PS25263Y,PC,GW,WIP
RG80PS32153,PC,GW,WIP
RG80PS32153Y,PC,GW,WIP
RG80PS35083,PC,GW,WIP
RG80PS35083Y,PC,GW,WIP
RG80PS35153,PC,GW,WIP
RG80PS35153Y,PC,GW,WIP
RG80PS35183,PC,GW,WIP
RG80PS35183Y,PC,GW,WIP
RG80PS35263,PC,GW,WIP
RG80PS35263Y,PC,GW,WIP
RG80PS38083,PC,GW,WIP
RG80PS38083Y,PC,GW,WIP
RG80PS38153,PC,GW,WIP
RG80PS38153Y,PC,GW,WIP
RG80PS38183,PC,GW,WIP
RG80PS38183Y,PC,GW,WIP
RG85GA18053,PC,GW,WIP
RG85GA18053Y,PC,GW,WIP
RG85GA18083,PC,GW,WIP
RG85GA18083Y,PC,GW,WIP
RG85GA18153,PC,GW,WIP
RG85GA18153Y,PC,GW,WIP
RG85GA18183,PC,GW,WIP
RG85GA18183Y,PC,GW,WIP
RG85GA18223,PC,GW,WIP
RG85GA18223Y,PC,GW,WIP
RG85GA18263,PC,GW,WIP
RG85GA18263Y,PC,GW,WIP
RG85GA25053,PC,GW,WIP
RG85GA25053Y,PC,GW,WIP
RG85GA25123,PC,GW,WIP
RG85GA25123Y,PC,GW,WIP
RG85GA25153,PC,GW,WIP
RG85GA25153Y,PC,GW,WIP
RG85GA25183,PC,GW,WIP
RG85GA25183Y,PC,GW,WIP
RG85GA25263,PC,GW,WIP
RG85GA25263Y,PC,GW,WIP
RG85GA32123,PC,GW,WIP
RG85GA32123Y,PC,GW,WIP
RG85GA32153,PC,GW,WIP
RG85GA32153Y,PC,GW,WIP
RG85GA32183,PC,GW,WIP
RG85GA32183Y,PC,GW,WIP
RG85GA32263,PC,GW,WIP
RG85GA32263Y,PC,GW,WIP
RG85GA35053,PC,GW,WIP
RG85GA35053Y,PC,GW,WIP
RG85GA35083,PC,GW,WIP
RG85GA35083Y,PC,GW,WIP
RG85GA35123,PC,GW,WIP
RG85GA35123Y,PC,GW,WIP
RG85GA35151,PC,GW,WIP
RG85GA35151Y,PC,GW,WIP
RG85GA35153,PC,GW,WIP
RG85GA35153Y,PC,GW,WIP
RG85GA35155,PC,GW,WIP
RG85GA35155Y,PC,GW,WIP
RG85GA35158,PC,GW,WIP
RG85GA35158Y,PC,GW,WIP
RG85GA35181,PC,GW,WIP
RG85GA35181Y,PC,GW,WIP
RG85GA35183,PC,GW,WIP
RG85GA35183Y,PC,GW,WIP
RG85GA35188,PC,GW,WIP
RG85GA35188Y,PC,GW,WIP
RG85GA35223,PC,GW,WIP
RG85GA35223Y,PC,GW,WIP
RG85GA35261,PC,GW,WIP
RG85GA35261Y,PC,GW,WIP
RG85GA35263,PC,GW,WIP
RG85GA35263Y,PC,GW,WIP
RG85GA38151,PC,GW,WIP
RG85GA38151Y,PC,GW,WIP
RG85GA38153,PC,GW,WIP
RG85GA38153Y,PC,GW,WIP
RG85GA38158,PC,GW,WIP
RG85GA38158Y,PC,GW,WIP
RG85GA38183,PC,GW,WIP
RG85GA38183Y,PC,GW,WIP
RG85GA38223,PC,GW,WIP
RG85GA38223Y,PC,GW,WIP
RG85GA38263,PC,GW,WIP
RG85GA38263Y,PC,GW,WIP
RG85GS18153,PC,GW,WIP
RG85GS18153Y,PC,GW,WIP
RG85GS18183,PC,GW,WIP
RG85GS18183Y,PC,GW,WIP
RG85GS18263,PC,GW,WIP
RG85GS18263Y,PC,GW,WIP
RG85GS25123,PC,GW,WIP
RG85GS25123Y,PC,GW,WIP
RG85GS25153,PC,GW,WIP
RG85GS25153Y,PC,GW,WIP
RG85GS25183,PC,GW,WIP
RG85GS25183Y,PC,GW,WIP
RG85GS25263,PC,GW,WIP
RG85GS25263Y,PC,GW,WIP
RG85GS32123,PC,GW,WIP
RG85GS32123Y,PC,GW,WIP
RG85GS32153,PC,GW,WIP
RG85GS32153Y,PC,GW,WIP
RG85GS32183,PC,GW,WIP
RG85GS32183Y,PC,GW,WIP
RG85GS32263,PC,GW,WIP
RG85GS32263Y,PC,GW,WIP
RG85GS35123,PC,GW,WIP
RG85GS35123Y,PC,GW,WIP
RG85GS35151,PC,GW,WIP
RG85GS35151Y,PC,GW,WIP
RG85GS35153,PC,GW,WIP
RG85GS35153Y,PC,GW,WIP
RG85GS35155,PC,GW,WIP
RG85GS35155Y,PC,GW,WIP
RG85GS35158,PC,GW,WIP
RG85GS35158Y,PC,GW,WIP
RG85GS35181,PC,GW,WIP
RG85GS35181Y,PC,GW,WIP
RG85GS35183,PC,GW,WIP
RG85GS35183Y,PC,GW,WIP
RG85GS35223,PC,GW,WIP
RG85GS35223Y,PC,GW,WIP
RG85GS35261,PC,GW,WIP
RG85GS35261Y,PC,GW,WIP
RG85GS35263,PC,GW,WIP
RG85GS35263Y,PC,GW,WIP
RG85GS38151,PC,GW,WIP
RG85GS38151Y,PC,GW,WIP
RG85GS38153,PC,GW,WIP
RG85GS38153Y,PC,GW,WIP
RG85GS38183,PC,GW,WIP
RG85GS38183Y,PC,GW,WIP
RG85GS38263,PC,GW,WIP
RG85GS38263Y,PC,GW,WIP
RG85HA35153,PC,GW,WIP
RG85HA35153Y,PC,GW,WIP
RG85HA35263,PC,GW,WIP
RG85HA35263Y,PC,GW,WIP
RG85PA18153,PC,GW,WIP
RG85PA18153Y,PC,GW,WIP
RG85PA18183,PC,GW,WIP
RG85PA18183Y,PC,GW,WIP
RG85PA18263,PC,GW,WIP
RG85PA18263Y,PC,GW,WIP
RG85PA25153,PC,GW,WIP
RG85PA25153Y,PC,GW,WIP
RG85PA25183,PC,GW,WIP
RG85PA25183Y,PC,GW,WIP
RG85PA25263,PC,GW,WIP
RG85PA25263Y,PC,GW,WIP
RG85PA32153Y,PC,GW,WIP
RG85PA32183,PC,GW,WIP
RG85PA32183Y,PC,GW,WIP
RG85PA32263,PC,GW,WIP
RG85PA32263Y,PC,GW,WIP
RG85PA35083,PC,GW,WIP
RG85PA35083Y,PC,GW,WIP
RG85PA35151,PC,GW,WIP
RG85PA35151Y,PC,GW,WIP
RG85PA35153,PC,GW,WIP
RG85PA35153Y,PC,GW,WIP
RG85PA35183,PC,GW,WIP
RG85PA35183Y,PC,GW,WIP
RG85PA35188,PC,GW,WIP
RG85PA35188Y,PC,GW,WIP
RG85PA35263,PC,GW,WIP
RG85PA35263Y,PC,GW,WIP
RG85PA38153,PC,GW,WIP
RG85PA38153Y,PC,GW,WIP
RG85PA38183,PC,GW,WIP
RG85PA38183Y,PC,GW,WIP
RG85PA38263,PC,GW,WIP
RG85PA38263Y,PC,GW,WIP
RG85PS25153,PC,GW,WIP
RG85PS25153Y,PC,GW,WIP
RG85PS25263,PC,GW,WIP
RG85PS25263Y,PC,GW,WIP
RG85PS32153,PC,GW,WIP
RG85PS32153Y,PC,GW,WIP
RG85PS35083,PC,GW,WIP
RG85PS35083Y,PC,GW,WIP
RG85PS35153,PC,GW,WIP
RG85PS35153Y,PC,GW,WIP
RG85PS35183,PC,GW,WIP
RG85PS35183Y,PC,GW,WIP
RG85PS35263,PC,GW,WIP
RG85PS35263Y,PC,GW,WIP
RG85PS38083,PC,GW,WIP
RG85PS38083Y,PC,GW,WIP
RG85PS38153,PC,GW,WIP
RG85PS38153Y,PC,GW,WIP
RG85PS38183,PC,GW,WIP
RG85PS38183Y,PC,GW,WIP
RG90V0395,EA,IK,HFG
RG90V0405,EA,IK,HFG
RG90V0420,EA,IK,HFG
RG90V0760,EA,IK,HFG
RG90X0395V,PC,IK,WIP
RG90X0405V,PC,IK,WIP
RG90X0405VB,PC,IK,WIP
RG90X0420V,PC,IK,WIP
RG90X0445,PC,GW,RM
RG90X0740,PC,GW,WIP
RG90X0740B,PC,GW,WIP
RG90X0760V,PC,IK,WIP
RG90X0760VB,PC,IK,WIP
RG90X0780V,PC,IK,WIP
RG90X1146,PC,GW,WIP
RG90X1446,PC,GW,WIP
RG90X1446B,PC,GW,WIP
RG90X1746,PC,GW,WIP
RG90X1746B,PC,GW,WIP
RG90X2130,PC,GW,WIP
RG90X2530,PC,GW,WIP
RG90X2530B,PC,GW,WIP
RH*4AL1000CL,PC,RFC,WIP
RH*4AL1000M,EA,RFC,FG
RH*4AL1000PL,PC,RFC,WIP
RH*4AL1000SL,PC,RFC,WIP
RH*4AL1000UL,PC,RFC,WIP
RH*4AL2000CL,PC,RFC,WIP
RH*4AL2000M,EA,RFC,FG
RH*4AL2000PL,PC,RFC,WIP
RH*4AL2000SL,PC,RFC,WIP
RH*4AL2000UL,PC,RFC,WIP
RH*4AL3000CL,PC,RFC,WIP
RH*4AL3000M,EA,RFC,FG
RH*4AL3000PL,PC,RFC,WIP
RH*4AL3000SL,PC,RFC,WIP
RH*4AL3000UL,PC,RFC,WIP
RH*4AP4561CL,PC,RFC,WIP
RH*4AP4561M,EA,RFC,FG
RH*4AP4561PL,PC,RFC,WIP
RH*4AP4561SL,PC,RFC,WIP
RH*4AP4561UL,PC,RFC,WIP
RH*4AP5561CL,PC,RFC,WIP
RH*4AP5561M,EA,RFC,FG
RH*4AP5561PL,PC,RFC,WIP
RH*4AP5561SL,PC,RFC,WIP
RH*4AP5561UL,PC,RFC,WIP
RH*4APR241CL,PC,RFC,WIP
RH*4APR241M,EA,RFC,FG
RH*4APR241PL,PC,RFC,WIP
RH*4APR241SL,PC,RFC,WIP
RH*4APR241UL,PC,RFC,WIP
RH*4AR1000CL,PC,RFC,WIP
RH*4AR1000M,EA,RFC,FG
RH*4AR1000PL,PC,RFC,WIP
RH*4AR1000SL,PC,RFC,WIP
RH*4AR1000UL,PC,RFC,WIP
RH*4AR2000CL,PC,RFC,WIP
RH*4AR2000M,EA,RFC,FG
RH*4AR2000PL,PC,RFC,WIP
RH*4AR2000SL,PC,RFC,WIP
RH*4AR2000UL,PC,RFC,WIP
RH*4ARJP00CL,PC,RFC,WIP
RH*4ARJP00M,EA,RFC,FG
RH*4ARJP00PL,PC,RFC,WIP
RH*4ARJP00SL,PC,RFC,WIP
RH*4ARJP00UL,PC,RFC,WIP
RH*4BPIN00CL,PC,RFC,WIP
RH*4BPIN00M,EA,RFC,FG
RH*4BPIN00PL,PC,RFC,WIP
RH*4BPIN00SL,PC,RFC,WIP
RH*4BPIN00UL,PC,RFC,WIP
RH*4BPJP00CL,PC,RFC,WIP
RH*4BPJP00M,EA,RFC,FG
RH*4BPJP00PL,PC,RFC,WIP
RH*4BPJP00SL,PC,RFC,WIP
RH*4BPJP00UL,PC,RFC,WIP
RH*4CL3500CL,PC,RFC,WIP
RH*4CL3500M,EA,RFC,FG
RH*4CL3500PL,PC,RFC,WIP
RH*4CL3500SL,PC,RFC,WIP
RH*4CL3500UL,PC,RFC,WIP
RH*4CL4000CL,PC,RFC,WIP
RH*4CL4000M,EA,RFC,FG
RH*4CL4000PL,PC,RFC,WIP
RH*4CL4000SL,PC,RFC,WIP
RH*4CL4000UL,PC,RFC,WIP
RH*4CL5000CL,PC,RFC,WIP
RH*4CL5000M,EA,RFC,FG
RH*4CL5000PL,PC,RFC,WIP
RH*4CL5000SL,PC,RFC,WIP
RH*4CL5000UL,PC,RFC,WIP
RH*4CR3500CL,PC,RFC,WIP
RH*4CR3500M,EA,RFC,FG
RH*4CR3500PL,PC,RFC,WIP
RH*4CR3500SL,PC,RFC,WIP
RH*4CR3500UL,PC,RFC,WIP
RH*4CR4000CL,PC,RFC,WIP
RH*4CR4000M,EA,RFC,FG
RH*4CR4000PL,PC,RFC,WIP
RH*4CR4000SL,PC,RFC,WIP
RH*4CR4000UL,PC,RFC,WIP
RH*4CR5000CL,PC,RFC,WIP
RH*4CR5000M,EA,RFC,FG
RH*4CR5000PL,PC,RFC,WIP
RH*4CR5000SL,PC,RFC,WIP
RH*4CR5000UL,PC,RFC,WIP
RH*4JL3500CL,PC,RFC,WIP
RH*4JL3500M,EA,RFC,FG
RH*4JL3500PL,PC,RFC,WIP
RH*4JL3500SL,PC,RFC,WIP
RH*4JL3500UL,PC,RFC,WIP
RH*4JL4000CL,PC,RFC,WIP
RH*4JL4000M,EA,RFC,FG
RH*4JL4000PL,PC,RFC,WIP
RH*4JL4000SL,PC,RFC,WIP
RH*4JL4000UL,PC,RFC,WIP
RH*4JR3500CL,PC,RFC,WIP
RH*4JR3500M,EA,RFC,FG
RH*4JR3500PL,PC,RFC,WIP
RH*4JR3500SL,PC,RFC,WIP
RH*4JR3500UL,PC,RFC,WIP
RH*4JR4000CL,PC,RFC,WIP
RH*4JR4000M,EA,RFC,FG
RH*4JR4000PL,PC,RFC,WIP
RH*4JR4000SL,PC,RFC,WIP
RH*4JR4000UL,PC,RFC,WIP
RH*4MP2520CL,PC,RFC,WIP
RH*4MP2520M,EA,RFC,FG
RH*4MP2520PL,PC,RFC,WIP
RH*4MP2520SL,PC,RFC,WIP
RH*4MP2520UL,PC,RFC,WIP
RH*4MP2528CL,PC,RFC,WIP
RH*4MP2528M,EA,RFC,FG
RH*4MP2528PL,PC,RFC,WIP
RH*4MP2528SL,PC,RFC,WIP
RH*4MP2528UL,PC,RFC,WIP
RH*4MP3020CL,PC,RFC,WIP
RH*4MP3020M,EA,RFC,FG
RH*4MP3020PL,PC,RFC,WIP
RH*4MP3020SL,PC,RFC,WIP
RH*4MP3020UL,PC,RFC,WIP
RH*4MP3028CL,PC,RFC,WIP
RH*4MP3028M,EA,RFC,FG
RH*4MP3028PL,PC,RFC,WIP
RH*4MP3028SL,PC,RFC,WIP
RH*4MP3028UL,PC,RFC,WIP
RH*4MP3520CL,PC,RFC,WIP
RH*4MP3520M,EA,RFC,FG
RH*4MP3520PL,PC,RFC,WIP
RH*4MP3520SL,PC,RFC,WIP
RH*4MP3520UL,PC,RFC,WIP
RH*4MP3521CL,PC,RFC,WIP
RH*4MP3521M,EA,RFC,FG
RH*4MP3521PL,PC,RFC,WIP
RH*4MP3521SL,PC,RFC,WIP
RH*4MP3521UL,PC,RFC,WIP
RH*4MP4020CL,PC,RFC,WIP
RH*4MP4020M,EA,RFC,FG
RH*4MP4020PL,PC,RFC,WIP
RH*4MP4020SL,PC,RFC,WIP
RH*4MP4020UL,PC,RFC,WIP
RH*4PR2008CL,PC,RFC,WIP
RH*4PR2008M,EA,RFC,FG
RH*4PR2008PL,PC,RFC,WIP
RH*4PR2008SL,PC,RFC,WIP
RH*4PR2008UL,PC,RFC,WIP
RH*4PR2508CL,PC,RFC,WIP
RH*4PR2508M,EA,RFC,FG
RH*4PR2508PL,PC,RFC,WIP
RH*4PR2508SL,PC,RFC,WIP
RH*4PR2508UL,PC,RFC,WIP
RH*4SP0061CL,PC,RFC,WIP
RH*4SP0061M,EA,RFC,FG
RH*4SP0061PL,PC,RFC,WIP
RH*4SP0061SL,PC,RFC,WIP
RH*4SP0061UL,PC,RFC,WIP
RH*4SP0068CL,PC,RFC,WIP
RH*4SP0068M,EA,RFC,FG
RH*4SP0068PL,PC,RFC,WIP
RH*4SP0068SL,PC,RFC,WIP
RH*4SP0068UL,PC,RFC,WIP
RH*4SP0069CL,PC,RFC,WIP
RH*4SP0069M,EA,RFC,FG
RH*4SP0069PL,PC,RFC,WIP
RH*4SP0069SL,PC,RFC,WIP
RH*4SP0069UL,PC,RFC,WIP
RH*4SP006GCL,PC,RFC,WIP
RH*4SP006GM,EA,RFC,FG
RH*4SP006GPL,PC,RFC,WIP
RH*4SP006GSL,PC,RFC,WIP
RH*4SP006GUL,PC,RFC,WIP
RH*4ST0109CL,PC,RFC,WIP
RH*4ST0109M,EA,RFC,FG
RH*4ST0109PL,PC,RFC,WIP
RH*4ST0109SL,PC,RFC,WIP
RH*4ST0109UL,PC,RFC,WIP
RH*4ST0161CL,PC,RFC,WIP
RH*4ST0161M,EA,RFC,FG
RH*4ST0161PL,PC,RFC,WIP
RH*4ST0161SL,PC,RFC,WIP
RH*4ST0161UL,PC,RFC,WIP
RH*4ST016GCL,PC,RFC,WIP
RH*4ST016GM,EA,RFC,FG
RH*4ST016GPL,PC,RFC,WIP
RH*4ST016GSL,PC,RFC,WIP
RH*4ST016GUL,PC,RFC,WIP
RH*5AL1000CL,PC,RFC,WIP
RH*5AL1000M,EA,RFC,FG
RH*5AL1000PL,PC,RFC,WIP
RH*5AL1000SL,PC,RFC,WIP
RH*5AL1000UL,PC,RFC,WIP
RH*5AL2000CL,PC,RFC,WIP
RH*5AL2000M,EA,RFC,FG
RH*5AL2000PL,PC,RFC,WIP
RH*5AL2000SL,PC,RFC,WIP
RH*5AL2000UL,PC,RFC,WIP
RH*5AL3000CL,PC,RFC,WIP
RH*5AL3000M,EA,RFC,FG
RH*5AL3000PL,PC,RFC,WIP
RH*5AL3000SL,PC,RFC,WIP
RH*5AL3000UL,PC,RFC,WIP
RH*5AP4561CL,PC,RFC,WIP
RH*5AP4561HE,PC,RFC,WIP
RH*5AP4561IE,PC,RFC,WIP
RH*5AP4561M,EA,RFC,FG
RH*5AP4561NE,PC,RFC,WIP
RH*5AP4561PL,PC,RFC,WIP
RH*5AP4561SL,PC,RFC,WIP
RH*5AP4561TE,PC,RFC,WIP
RH*5AP4561UL,PC,RFC,WIP
RH*5AP5561CL,PC,RFC,WIP
RH*5AP5561HE,PC,RFC,WIP
RH*5AP5561IE,PC,RFC,WIP
RH*5AP5561M,EA,RFC,FG
RH*5AP5561NE,PC,RFC,WIP
RH*5AP5561PL,PC,RFC,WIP
RH*5AP5561SL,PC,RFC,WIP
RH*5AP5561TE,PC,RFC,WIP
RH*5AP5561UL,PC,RFC,WIP
RH*5APR241CL,PC,RFC,WIP
RH*5APR241HE,PC,RFC,WIP
RH*5APR241IE,PC,RFC,WIP
RH*5APR241M,EA,RFC,FG
RH*5APR241NE,PC,RFC,WIP
RH*5APR241PL,PC,RFC,WIP
RH*5APR241SL,PC,RFC,WIP
RH*5APR241TE,PC,RFC,WIP
RH*5APR241UL,PC,RFC,WIP
RH*5AR1000CL,PC,RFC,WIP
RH*5AR1000M,EA,RFC,FG
RH*5AR1000PL,PC,RFC,WIP
RH*5AR1000SL,PC,RFC,WIP
RH*5AR1000UL,PC,RFC,WIP
RH*5AR2000CL,PC,RFC,WIP
RH*5AR2000M,EA,RFC,FG
RH*5AR2000PL,PC,RFC,WIP
RH*5AR2000SL,PC,RFC,WIP
RH*5AR2000UL,PC,RFC,WIP
RH*5AR3000CL,PC,RFC,WIP
RH*5AR3000M,EA,RFC,FG
RH*5AR3000PL,PC,RFC,WIP
RH*5AR3000SL,PC,RFC,WIP
RH*5AR3000UL,PC,RFC,WIP
RH*5ARJP00CL,PC,RFC,WIP
RH*5ARJP00M,EA,RFC,FG
RH*5ARJP00PL,PC,RFC,WIP
RH*5ARJP00SL,PC,RFC,WIP
RH*5ARJP00UL,PC,RFC,WIP
RH*5BA1500HE,PC,RFC,WIP
RH*5BA1500IE,PC,RFC,WIP
RH*5BA1500NE,PC,RFC,WIP
RH*5BA1500TE,PC,RFC,WIP
RH*5BA2500HE,PC,RFC,WIP
RH*5BA2500IE,PC,RFC,WIP
RH*5BA2500NE,PC,RFC,WIP
RH*5BA2500TE,PC,RFC,WIP
RH*5BA3500HE,PC,RFC,WIP
RH*5BA3500IE,PC,RFC,WIP
RH*5BA3500NE,PC,RFC,WIP
RH*5BA3500TE,PC,RFC,WIP
RH*5BB1500HE,PC,RFC,WIP
RH*5BB1500IE,PC,RFC,WIP
RH*5BB1500NE,PC,RFC,WIP
RH*5BB1500TE,PC,RFC,WIP
RH*5BB2500HE,PC,RFC,WIP
RH*5BB2500IE,PC,RFC,WIP
RH*5BB2500NE,PC,RFC,WIP
RH*5BB2500TE,PC,RFC,WIP
RH*5BE1500HE,PC,RFC,WIP
RH*5BE1500IE,PC,RFC,WIP
RH*5BE1500NE,PC,RFC,WIP
RH*5BE1500TE,PC,RFC,WIP
RH*5BE2500HE,PC,RFC,WIP
RH*5BE2500IE,PC,RFC,WIP
RH*5BE2500NE,PC,RFC,WIP
RH*5BE2500TE,PC,RFC,WIP
RH*5BG1500HE,PC,RFC,WIP
RH*5BG1500IE,PC,RFC,WIP
RH*5BG1500NE,PC,RFC,WIP
RH*5BG1500TE,PC,RFC,WIP
RH*5BH1500HE,PC,RFC,WIP
RH*5BH1500IE,PC,RFC,WIP
RH*5BH1500NE,PC,RFC,WIP
RH*5BH1500TE,PC,RFC,WIP
RH*5BL3520CL,PC,RFC,WIP
RH*5BL3520M,EA,RFC,FG
RH*5BL3520PL,PC,RFC,WIP
RH*5BL3520SL,PC,RFC,WIP
RH*5BL3520UL,PC,RFC,WIP
RH*5BL4020CL,PC,RFC,WIP
RH*5BL4020M,EA,RFC,FG
RH*5BL4020PL,PC,RFC,WIP
RH*5BL4020SL,PC,RFC,WIP
RH*5BL4020UL,PC,RFC,WIP
RH*5BLK410CL,PC,RFC,WIP
RH*5BLK410M,EA,RFC,FG
RH*5BLK410PL,PC,RFC,WIP
RH*5BLK410SL,PC,RFC,WIP
RH*5BLK410UL,PC,RFC,WIP
RH*5BLK411CL,PC,RFC,WIP
RH*5BLK411M,EA,RFC,FG
RH*5BLK411PL,PC,RFC,WIP
RH*5BLK411SL,PC,RFC,WIP
RH*5BLK411UL,PC,RFC,WIP
RH*5BPIM00CL,PC,RFC,WIP
RH*5BPIM00M,EA,RFC,FG
RH*5BPIM00PL,PC,RFC,WIP
RH*5BPIM00SL,PC,RFC,WIP
RH*5BPIM00UL,PC,RFC,WIP
RH*5BPIN00CL,PC,RFC,WIP
RH*5BPIN00M,EA,RFC,FG
RH*5BPIN00PL,PC,RFC,WIP
RH*5BPIN00SL,PC,RFC,WIP
RH*5BPIN00UL,PC,RFC,WIP
RH*5BPIR00CL,PC,RFC,WIP
RH*5BPIR00M,EA,RFC,FG
RH*5BPIR00PL,PC,RFC,WIP
RH*5BPIR00SL,PC,RFC,WIP
RH*5BPIR00UL,PC,RFC,WIP
RH*5BPJL00CL,PC,RFC,WIP
RH*5BPJL00M,EA,RFC,FG
RH*5BPJL00PL,PC,RFC,WIP
RH*5BPJL00SL,PC,RFC,WIP
RH*5BPJL00UL,PC,RFC,WIP
RH*5BPJP00CL,PC,RFC,WIP
RH*5BPJP00M,EA,RFC,FG
RH*5BPJP00PL,PC,RFC,WIP
RH*5BPJP00SL,PC,RFC,WIP
RH*5BPJP00UL,PC,RFC,WIP
RH*5BPJR00CL,PC,RFC,WIP
RH*5BPJR00M,EA,RFC,FG
RH*5BPJR00PL,PC,RFC,WIP
RH*5BPJR00SL,PC,RFC,WIP
RH*5BPJR00UL,PC,RFC,WIP
RH*5BPRB01CL,PC,RFC,WIP
RH*5BPRB01M,EA,RFC,FG
RH*5BPRB01PL,PC,RFC,WIP
RH*5BPRB01SL,PC,RFC,WIP
RH*5BPRB01UL,PC,RFC,WIP
RH*5BU3500CL,PC,RFC,WIP
RH*5BU3500M,EA,RFC,FG
RH*5BU3500PL,PC,RFC,WIP
RH*5BU3500SL,PC,RFC,WIP
RH*5BU3500UL,PC,RFC,WIP
RH*5CAS100CL,PC,RFC,WIP
RH*5CAS100M,EA,RFC,FG
RH*5CAS100PL,PC,RFC,WIP
RH*5CAS100SL,PC,RFC,WIP
RH*5CAS100UL,PC,RFC,WIP
RH*5CL3500CL,PC,RFC,WIP
RH*5CL3500M,EA,RFC,FG
RH*5CL3500PL,PC,RFC,WIP
RH*5CL3500SL,PC,RFC,WIP
RH*5CL3500UL,PC,RFC,WIP
RH*5CL4000CL,PC,RFC,WIP
RH*5CL4000M,EA,RFC,FG
RH*5CL4000PL,PC,RFC,WIP
RH*5CL4000SL,PC,RFC,WIP
RH*5CL4000UL,PC,RFC,WIP
RH*5CL4001CL,PC,RFC,WIP
RH*5CL4001M,EA,RFC,FG
RH*5CL4001PL,PC,RFC,WIP
RH*5CL4001SL,PC,RFC,WIP
RH*5CL4001UL,PC,RFC,WIP
RH*5CL4500CL,PC,RFC,WIP
RH*5CL4500M,EA,RFC,FG
RH*5CL4500PL,PC,RFC,WIP
RH*5CL4500SL,PC,RFC,WIP
RH*5CL4500UL,PC,RFC,WIP
RH*5CL5000CL,PC,RFC,WIP
RH*5CL5000M,EA,RFC,FG
RH*5CL5000PL,PC,RFC,WIP
RH*5CL5000SL,PC,RFC,WIP
RH*5CL5000UL,PC,RFC,WIP
RH*5CL5001CL,PC,RFC,WIP
RH*5CL5001M,EA,RFC,FG
RH*5CL5001PL,PC,RFC,WIP
RH*5CL5001SL,PC,RFC,WIP
RH*5CL5001UL,PC,RFC,WIP
RH*5CL6000CL,PC,RFC,WIP
RH*5CL6000M,EA,RFC,FG
RH*5CL6000PL,PC,RFC,WIP
RH*5CL6000SL,PC,RFC,WIP
RH*5CL6000UL,PC,RFC,WIP
RH*5CL6001CL,PC,RFC,WIP
RH*5CL6001M,EA,RFC,FG
RH*5CL6001PL,PC,RFC,WIP
RH*5CL6001SL,PC,RFC,WIP
RH*5CL6001UL,PC,RFC,WIP
RH*5CR3500CL,PC,RFC,WIP
RH*5CR3500M,EA,RFC,FG
RH*5CR3500PL,PC,RFC,WIP
RH*5CR3500SL,PC,RFC,WIP
RH*5CR3500UL,PC,RFC,WIP
RH*5CR3521CL,PC,RFC,WIP
RH*5CR3521M,EA,RFC,FG
RH*5CR3521PL,PC,RFC,WIP
RH*5CR3521SL,PC,RFC,WIP
RH*5CR3521UL,PC,RFC,WIP
RH*5CR3528CL,PC,RFC,WIP
RH*5CR3528M,EA,RFC,FG
RH*5CR3528PL,PC,RFC,WIP
RH*5CR3528SL,PC,RFC,WIP
RH*5CR3528UL,PC,RFC,WIP
RH*5CR4000CL,PC,RFC,WIP
RH*5CR4000M,EA,RFC,FG
RH*5CR4000PL,PC,RFC,WIP
RH*5CR4000SL,PC,RFC,WIP
RH*5CR4000UL,PC,RFC,WIP
RH*5CR4001CL,PC,RFC,WIP
RH*5CR4001M,EA,RFC,FG
RH*5CR4001PL,PC,RFC,WIP
RH*5CR4001SL,PC,RFC,WIP
RH*5CR4001UL,PC,RFC,WIP
RH*5CR4500CL,PC,RFC,WIP
RH*5CR4500M,EA,RFC,FG
RH*5CR4500PL,PC,RFC,WIP
RH*5CR4500SL,PC,RFC,WIP
RH*5CR4500UL,PC,RFC,WIP
RH*5CR5000CL,PC,RFC,WIP
RH*5CR5000M,EA,RFC,FG
RH*5CR5000PL,PC,RFC,WIP
RH*5CR5000SL,PC,RFC,WIP
RH*5CR5000UL,PC,RFC,WIP
RH*5FJ1000CL,PC,RFC,WIP
RH*5FJ1000M,EA,RFC,FG
RH*5FJ1000PL,PC,RFC,WIP
RH*5FJ1000SL,PC,RFC,WIP
RH*5FJ1000UL,PC,RFC,WIP
RH*5JL3500CL,PC,RFC,WIP
RH*5JL3500M,EA,RFC,FG
RH*5JL3500PL,PC,RFC,WIP
RH*5JL3500SL,PC,RFC,WIP
RH*5JL3500UL,PC,RFC,WIP
RH*5JL4000CL,PC,RFC,WIP
RH*5JL4000M,EA,RFC,FG
RH*5JL4000PL,PC,RFC,WIP
RH*5JL4000SL,PC,RFC,WIP
RH*5JL4000UL,PC,RFC,WIP
RH*5JL5000CL,PC,RFC,WIP
RH*5JL5000M,EA,RFC,FG
RH*5JL5000PL,PC,RFC,WIP
RH*5JL5000SL,PC,RFC,WIP
RH*5JL5000UL,PC,RFC,WIP
RH*5JR3500CL,PC,RFC,WIP
RH*5JR3500M,EA,RFC,FG
RH*5JR3500PL,PC,RFC,WIP
RH*5JR3500SL,PC,RFC,WIP
RH*5JR3500UL,PC,RFC,WIP
RH*5JR4000CL,PC,RFC,WIP
RH*5JR4000M,EA,RFC,FG
RH*5JR4000PL,PC,RFC,WIP
RH*5JR4000SL,PC,RFC,WIP
RH*5JR4000UL,PC,RFC,WIP
RH*5JR5000CL,PC,RFC,WIP
RH*5JR5000M,EA,RFC,FG
RH*5JR5000PL,PC,RFC,WIP
RH*5JR5000SL,PC,RFC,WIP
RH*5JR5000UL,PC,RFC,WIP
RH*5JR6000CL,PC,RFC,WIP
RH*5JR6000M,EA,RFC,FG
RH*5JR6000PL,PC,RFC,WIP
RH*5JR6000SL,PC,RFC,WIP
RH*5JR6000UL,PC,RFC,WIP
RH*5MP2520CL,PC,RFC,WIP
RH*5MP2520M,EA,RFC,FG
RH*5MP2520PL,PC,RFC,WIP
RH*5MP2520SL,PC,RFC,WIP
RH*5MP2520UL,PC,RFC,WIP
RH*5MP2528CL,PC,RFC,WIP
RH*5MP2528M,EA,RFC,FG
RH*5MP2528PL,PC,RFC,WIP
RH*5MP2528SL,PC,RFC,WIP
RH*5MP2528UL,PC,RFC,WIP
RH*5MP3020CL,PC,RFC,WIP
RH*5MP3020M,EA,RFC,FG
RH*5MP3020PL,PC,RFC,WIP
RH*5MP3020SL,PC,RFC,WIP
RH*5MP3020UL,PC,RFC,WIP
RH*5MP3500CL,PC,RFC,WIP
RH*5MP3500M,EA,RFC,FG
RH*5MP3500PL,PC,RFC,WIP
RH*5MP3500SL,PC,RFC,WIP
RH*5MP3500UL,PC,RFC,WIP
RH*5MP3520CL,PC,RFC,WIP
RH*5MP3520M,EA,RFC,FG
RH*5MP3520PL,PC,RFC,WIP
RH*5MP3520SL,PC,RFC,WIP
RH*5MP3520UL,PC,RFC,WIP
RH*5MP4001CL,PC,RFC,WIP
RH*5MP4001M,EA,RFC,FG
RH*5MP4001PL,PC,RFC,WIP
RH*5MP4001SL,PC,RFC,WIP
RH*5MP4001UL,PC,RFC,WIP
RH*5MP4020CL,PC,RFC,WIP
RH*5MP4020M,EA,RFC,FG
RH*5MP4020PL,PC,RFC,WIP
RH*5MP4020SL,PC,RFC,WIP
RH*5MP4020UL,PC,RFC,WIP
RH*5SP0061CL,PC,RFC,WIP
RH*5SP0061HE,PC,RFC,WIP
RH*5SP0061IE,PC,RFC,WIP
RH*5SP0061M,EA,RFC,FG
RH*5SP0061NE,PC,RFC,WIP
RH*5SP0061PL,PC,RFC,WIP
RH*5SP0061SL,PC,RFC,WIP
RH*5SP0061TE,PC,RFC,WIP
RH*5SP0061UL,PC,RFC,WIP
RH*5SP0068CL,PC,RFC,WIP
RH*5SP0068HE,PC,RFC,WIP
RH*5SP0068IE,PC,RFC,WIP
RH*5SP0068M,EA,RFC,FG
RH*5SP0068NE,PC,RFC,WIP
RH*5SP0068PL,PC,RFC,WIP
RH*5SP0068SL,PC,RFC,WIP
RH*5SP0068TE,PC,RFC,WIP
RH*5SP0068UL,PC,RFC,WIP
RH*5SP006GCL,PC,RFC,WIP
RH*5SP006GHE,PC,RFC,WIP
RH*5SP006GIE,PC,RFC,WIP
RH*5SP006GM,EA,RFC,FG
RH*5SP006GNE,PC,RFC,WIP
RH*5SP006GPL,PC,RFC,WIP
RH*5SP006GSL,PC,RFC,WIP
RH*5SP006GTE,PC,RFC,WIP
RH*5SP006GUL,PC,RFC,WIP
RH*5TIG110CL,PC,RFC,WIP
RH*5TIG110M,EA,RFC,FG
RH*5TIG110PL,PC,RFC,WIP
RH*5TIG110SL,PC,RFC,WIP
RH*5TIG110UL,PC,RFC,WIP
RH*5TIG111CL,PC,RFC,WIP
RH*5TIG111M,EA,RFC,FG
RH*5TIG111PL,PC,RFC,WIP
RH*5TIG111SL,PC,RFC,WIP
RH*5TIG111UL,PC,RFC,WIP
RH*5TR3510CL,PC,RFC,WIP
RH*5TR3510M,EA,RFC,FG
RH*5TR3510PL,PC,RFC,WIP
RH*5TR3510SL,PC,RFC,WIP
RH*5TR3510UL,PC,RFC,WIP
RH*5TR4000CL,PC,RFC,WIP
RH*5TR4000M,EA,RFC,FG
RH*5TR4000PL,PC,RFC,WIP
RH*5TR4000SL,PC,RFC,WIP
RH*5TR4000UL,PC,RFC,WIP
RH*5TR4001CL,PC,RFC,WIP
RH*5TR4001M,EA,RFC,FG
RH*5TR4001PL,PC,RFC,WIP
RH*5TR4001SL,PC,RFC,WIP
RH*5TR4001UL,PC,RFC,WIP
RH*5TR4010CL,PC,RFC,WIP
RH*5TR4010M,EA,RFC,FG
RH*5TR4010PL,PC,RFC,WIP
RH*5TR4010SL,PC,RFC,WIP
RH*5TR4010UL,PC,RFC,WIP
RH*5TR4500CL,PC,RFC,WIP
RH*5TR4500M,EA,RFC,FG
RH*5TR4500PL,PC,RFC,WIP
RH*5TR4500SL,PC,RFC,WIP
RH*5TR4500UL,PC,RFC,WIP
RH*5TR5000CL,PC,RFC,WIP
RH*5TR5000M,EA,RFC,FG
RH*5TR5000PL,PC,RFC,WIP
RH*5TR5000SL,PC,RFC,WIP
RH*5TR5000UL,PC,RFC,WIP
RH*5TR5001CL,PC,RFC,WIP
RH*5TR5001M,EA,RFC,FG
RH*5TR5001PL,PC,RFC,WIP
RH*5TR5001SL,PC,RFC,WIP
RH*5TR5001UL,PC,RFC,WIP
RH*6AL1000CL,PC,RFC,WIP
RH*6AL1000M,EA,RFC,FG
RH*6AL1000PL,PC,RFC,WIP
RH*6AL1000SL,PC,RFC,WIP
RH*6AL1000UL,PC,RFC,WIP
RH*6AL2000CL,PC,RFC,WIP
RH*6AL2000M,EA,RFC,FG
RH*6AL2000PL,PC,RFC,WIP
RH*6AL2000SL,PC,RFC,WIP
RH*6AL2000UL,PC,RFC,WIP
RH*6AL3000CL,PC,RFC,WIP
RH*6AL3000M,EA,RFC,FG
RH*6AL3000PL,PC,RFC,WIP
RH*6AL3000SL,PC,RFC,WIP
RH*6AL3000UL,PC,RFC,WIP
RH*6AP4561CL,PC,RFC,WIP
RH*6AP4561HE,PC,RFC,WIP
RH*6AP4561IE,PC,RFC,WIP
RH*6AP4561M,EA,RFC,FG
RH*6AP4561NE,PC,RFC,WIP
RH*6AP4561PL,PC,RFC,WIP
RH*6AP4561SL,PC,RFC,WIP
RH*6AP4561TE,PC,RFC,WIP
RH*6AP4561UL,PC,RFC,WIP
RH*6AP5561CL,PC,RFC,WIP
RH*6AP5561M,EA,RFC,FG
RH*6AP5561M.,EA,RFC,FG
RH*6AP5561PL,PC,RFC,WIP
RH*6AP5561SL,PC,RFC,WIP
RH*6AP5561UL,PC,RFC,WIP
RH*6APR241CL,PC,RFC,WIP
RH*6APR241M,EA,RFC,FG
RH*6APR241PL,PC,RFC,WIP
RH*6APR241SL,PC,RFC,WIP
RH*6APR241UL,PC,RFC,WIP
RH*6AR1000CL,PC,RFC,WIP
RH*6AR1000M,EA,RFC,FG
RH*6AR1000PL,PC,RFC,WIP
RH*6AR1000SL,PC,RFC,WIP
RH*6AR1000UL,PC,RFC,WIP
RH*6AR2000CL,PC,RFC,WIP
RH*6AR2000M,EA,RFC,FG
RH*6AR2000PL,PC,RFC,WIP
RH*6AR2000SL,PC,RFC,WIP
RH*6AR2000UL,PC,RFC,WIP
RH*6AR3000CL,PC,RFC,WIP
RH*6AR3000M,EA,RFC,FG
RH*6AR3000PL,PC,RFC,WIP
RH*6AR3000SL,PC,RFC,WIP
RH*6AR3000UL,PC,RFC,WIP
RH*6ARJP00CL,PC,RFC,WIP
RH*6ARJP00M,EA,RFC,FG
RH*6ARJP00PL,PC,RFC,WIP
RH*6ARJP00SL,PC,RFC,WIP
RH*6ARJP00UL,PC,RFC,WIP
RH*6BLK410CL,PC,RFC,WIP
RH*6BLK410M,EA,RFC,FG
RH*6BLK410PL,PC,RFC,WIP
RH*6BLK410SL,PC,RFC,WIP
RH*6BLK410UL,PC,RFC,WIP
RH*6BPIN00CL,PC,RFC,WIP
RH*6BPIN00M,EA,RFC,FG
RH*6BPIN00PL,PC,RFC,WIP
RH*6BPIN00SL,PC,RFC,WIP
RH*6BPIN00UL,PC,RFC,WIP
RH*6BPIR00CL,PC,RFC,WIP
RH*6BPIR00M,EA,RFC,FG
RH*6BPIR00PL,PC,RFC,WIP
RH*6BPIR00SL,PC,RFC,WIP
RH*6BPIR00UL,PC,RFC,WIP
RH*6BPJL00CL,PC,RFC,WIP
RH*6BPJL00M,EA,RFC,FG
RH*6BPJL00PL,PC,RFC,WIP
RH*6BPJL00SL,PC,RFC,WIP
RH*6BPJL00UL,PC,RFC,WIP
RH*6BPJR00CL,PC,RFC,WIP
RH*6BPJR00M,EA,RFC,FG
RH*6BPJR00PL,PC,RFC,WIP
RH*6BPJR00SL,PC,RFC,WIP
RH*6BPJR00UL,PC,RFC,WIP
RH*6CL3500CL,PC,RFC,WIP
RH*6CL3500M,EA,RFC,FG
RH*6CL3500PL,PC,RFC,WIP
RH*6CL3500SL,PC,RFC,WIP
RH*6CL3500UL,PC,RFC,WIP
RH*6CL4000CL,PC,RFC,WIP
RH*6CL4000M,EA,RFC,FG
RH*6CL4000PL,PC,RFC,WIP
RH*6CL4000SL,PC,RFC,WIP
RH*6CL4000UL,PC,RFC,WIP
RH*6CL4020CL,PC,RFC,WIP
RH*6CL4020M,EA,RFC,FG
RH*6CL4020PL,PC,RFC,WIP
RH*6CL4020SL,PC,RFC,WIP
RH*6CL4020UL,PC,RFC,WIP
RH*6CL4500CL,PC,RFC,WIP
RH*6CL4500M,EA,RFC,FG
RH*6CL4500PL,PC,RFC,WIP
RH*6CL4500SL,PC,RFC,WIP
RH*6CL4500UL,PC,RFC,WIP
RH*6CL5000CL,PC,RFC,WIP
RH*6CL5000M,EA,RFC,FG
RH*6CL5000PL,PC,RFC,WIP
RH*6CL5000SL,PC,RFC,WIP
RH*6CL5000UL,PC,RFC,WIP
RH*6CL6000CL,PC,RFC,WIP
RH*6CL6000M,EA,RFC,FG
RH*6CL6000PL,PC,RFC,WIP
RH*6CL6000SL,PC,RFC,WIP
RH*6CL6000UL,PC,RFC,WIP
RH*6CR3500CL,PC,RFC,WIP
RH*6CR3500M,EA,RFC,FG
RH*6CR3500PL,PC,RFC,WIP
RH*6CR3500SL,PC,RFC,WIP
RH*6CR3500UL,PC,RFC,WIP
RH*6CR4000CL,PC,RFC,WIP
RH*6CR4000M,EA,RFC,FG
RH*6CR4000PL,PC,RFC,WIP
RH*6CR4000SL,PC,RFC,WIP
RH*6CR4000UL,PC,RFC,WIP
RH*6CR4020CL,PC,RFC,WIP
RH*6CR4020M,EA,RFC,FG
RH*6CR4020PL,PC,RFC,WIP
RH*6CR4020SL,PC,RFC,WIP
RH*6CR4020UL,PC,RFC,WIP
RH*6CR4500CL,PC,RFC,WIP
RH*6CR4500M,EA,RFC,FG
RH*6CR4500PL,PC,RFC,WIP
RH*6CR4500SL,PC,RFC,WIP
RH*6CR4500UL,PC,RFC,WIP
RH*6CR5000CL,PC,RFC,WIP
RH*6CR5000M,EA,RFC,FG
RH*6CR5000PL,PC,RFC,WIP
RH*6CR5000SL,PC,RFC,WIP
RH*6CR5000UL,PC,RFC,WIP
RH*6CR6000CL,PC,RFC,WIP
RH*6CR6000M,EA,RFC,FG
RH*6CR6000PL,PC,RFC,WIP
RH*6CR6000SL,PC,RFC,WIP
RH*6CR6000UL,PC,RFC,WIP
RH*6JL3500CL,PC,RFC,WIP
RH*6JL3500M,EA,RFC,FG
RH*6JL3500PL,PC,RFC,WIP
RH*6JL3500SL,PC,RFC,WIP
RH*6JL3500UL,PC,RFC,WIP
RH*6JL4000CL,PC,RFC,WIP
RH*6JL4000M,EA,RFC,FG
RH*6JL4000PL,PC,RFC,WIP
RH*6JL4000SL,PC,RFC,WIP
RH*6JL4000UL,PC,RFC,WIP
RH*6JL5000CL,PC,RFC,WIP
RH*6JL5000M,EA,RFC,FG
RH*6JL5000PL,PC,RFC,WIP
RH*6JL5000SL,PC,RFC,WIP
RH*6JL5000UL,PC,RFC,WIP
RH*6JR3500CL,PC,RFC,WIP
RH*6JR3500M,EA,RFC,FG
RH*6JR3500PL,PC,RFC,WIP
RH*6JR3500SL,PC,RFC,WIP
RH*6JR3500UL,PC,RFC,WIP
RH*6JR4000CL,PC,RFC,WIP
RH*6JR4000M,EA,RFC,FG
RH*6JR4000PL,PC,RFC,WIP
RH*6JR4000SL,PC,RFC,WIP
RH*6JR4000UL,PC,RFC,WIP
RH*6JR5000CL,PC,RFC,WIP
RH*6JR5000M,EA,RFC,FG
RH*6JR5000PL,PC,RFC,WIP
RH*6JR5000SL,PC,RFC,WIP
RH*6JR5000UL,PC,RFC,WIP
RH*6JR6000CL,PC,RFC,WIP
RH*6JR6000M,EA,RFC,FG
RH*6JR6000PL,PC,RFC,WIP
RH*6JR6000SL,PC,RFC,WIP
RH*6JR6000UL,PC,RFC,WIP
RH*6MP2520CL,PC,RFC,WIP
RH*6MP2520M,EA,RFC,FG
RH*6MP2520PL,PC,RFC,WIP
RH*6MP2520SL,PC,RFC,WIP
RH*6MP2520UL,PC,RFC,WIP
RH*6MP3020CL,PC,RFC,WIP
RH*6MP3020M,EA,RFC,FG
RH*6MP3020PL,PC,RFC,WIP
RH*6MP3020SL,PC,RFC,WIP
RH*6MP3020UL,PC,RFC,WIP
RH*6MP3500CL,PC,RFC,WIP
RH*6MP3500M,EA,RFC,FG
RH*6MP3500PL,PC,RFC,WIP
RH*6MP3500SL,PC,RFC,WIP
RH*6MP3500UL,PC,RFC,WIP
RH*6MP3520CL,PC,RFC,WIP
RH*6MP3520M,EA,RFC,FG
RH*6MP3520PL,PC,RFC,WIP
RH*6MP3520SL,PC,RFC,WIP
RH*6MP3520UL,PC,RFC,WIP
RH*6MP4020CL,PC,RFC,WIP
RH*6MP4020M,EA,RFC,FG
RH*6MP4020PL,PC,RFC,WIP
RH*6MP4020SL,PC,RFC,WIP
RH*6MP4020UL,PC,RFC,WIP
RH*6SP0061CL,PC,RFC,WIP
RH*6SP0061M,EA,RFC,FG
RH*6SP0061PL,PC,RFC,WIP
RH*6SP0061SL,PC,RFC,WIP
RH*6SP0061UL,PC,RFC,WIP
RH*6TIG110CL,PC,RFC,WIP
RH*6TIG110M,EA,RFC,FG
RH*6TIG110PL,PC,RFC,WIP
RH*6TIG110SL,PC,RFC,WIP
RH*6TIG110UL,PC,RFC,WIP
RH*6TR3500CL,PC,RFC,WIP
RH*6TR3500M,EA,RFC,FG
RH*6TR3500PL,PC,RFC,WIP
RH*6TR3500SL,PC,RFC,WIP
RH*6TR3500UL,PC,RFC,WIP
RH*6TR4000CL,PC,RFC,WIP
RH*6TR4000M,EA,RFC,FG
RH*6TR4000PL,PC,RFC,WIP
RH*6TR4000SL,PC,RFC,WIP
RH*6TR4000UL,PC,RFC,WIP
RH*6TR5000CL,PC,RFC,WIP
RH*6TR5000M,EA,RFC,FG
RH*6TR5000PL,PC,RFC,WIP
RH*6TR5000SL,PC,RFC,WIP
RH*6TR5000UL,PC,RFC,WIP
RH*AB44108CL,PC,RFC,WIP
RH*AB44108M,EA,RFC,FG
RH*AB44108PL,PC,RFC,WIP
RH*AB44108SL,PC,RFC,WIP
RH*AB44108UL,PC,RFC,WIP
RH*AB4410GCL,PC,RFC,WIP
RH*AB4410GM,EA,RFC,FG
RH*AB4410GPL,PC,RFC,WIP
RH*AB4410GSL,PC,RFC,WIP
RH*AB4410GUL,PC,RFC,WIP
RH*AB45108CL,PC,RFC,WIP
RH*AB45108M,EA,RFC,FG
RH*AB45108PL,PC,RFC,WIP
RH*AB45108SL,PC,RFC,WIP
RH*AB45108UL,PC,RFC,WIP
RH*AB4510GCL,PC,RFC,WIP
RH*AB4510GM,EA,RFC,FG
RH*AB4510GPL,PC,RFC,WIP
RH*AB4510GSL,PC,RFC,WIP
RH*AB4510GUL,PC,RFC,WIP
RH*AB54108CL,PC,RFC,WIP
RH*AB54108M,EA,RFC,FG
RH*AB54108PL,PC,RFC,WIP
RH*AB54108SL,PC,RFC,WIP
RH*AB54108UL,PC,RFC,WIP
RH*AB5410GCL,PC,RFC,WIP
RH*AB5410GM,EA,RFC,FG
RH*AB5410GPL,PC,RFC,WIP
RH*AB5410GSL,PC,RFC,WIP
RH*AB5410GUL,PC,RFC,WIP
RH*AB55108CL,PC,RFC,WIP
RH*AB55108M,EA,RFC,FG
RH*AB55108PL,PC,RFC,WIP
RH*AB55108SL,PC,RFC,WIP
RH*AB55108UL,PC,RFC,WIP
RH*AB5510GCL,PC,RFC,WIP
RH*AB5510GM,EA,RFC,FG
RH*AB5510GPL,PC,RFC,WIP
RH*AB5510GSL,PC,RFC,WIP
RH*AB5510GUL,PC,RFC,WIP
RH*AB64108CL,PC,RFC,WIP
RH*AB64108M,EA,RFC,FG
RH*AB64108PL,PC,RFC,WIP
RH*AB64108SL,PC,RFC,WIP
RH*AB64108UL,PC,RFC,WIP
RH*AB65108CL,PC,RFC,WIP
RH*AB65108M,EA,RFC,FG
RH*AB65108PL,PC,RFC,WIP
RH*AB65108SL,PC,RFC,WIP
RH*AB65108UL,PC,RFC,WIP
RH*AC3510GCL,PC,RFC,WIP
RH*AC3510GM,EA,RFC,FG
RH*AC3510GPL,PC,RFC,WIP
RH*AC3510GSL,PC,RFC,WIP
RH*AC3510GUL,PC,RFC,WIP
RH*AC4410GCL,PC,RFC,WIP
RH*AC4410GM,EA,RFC,FG
RH*AC4410GPL,PC,RFC,WIP
RH*AC4410GSL,PC,RFC,WIP
RH*AC4410GUL,PC,RFC,WIP
RH*AC4510GCL,PC,RFC,WIP
RH*AC4510GM,EA,RFC,FG
RH*AC4510GPL,PC,RFC,WIP
RH*AC4510GSL,PC,RFC,WIP
RH*AC4510GUL,PC,RFC,WIP
RH*AD44108CL,PC,RFC,WIP
RH*AD44108M,EA,RFC,FG
RH*AD44108PL,PC,RFC,WIP
RH*AD44108SL,PC,RFC,WIP
RH*AD44108UL,PC,RFC,WIP
RH*AD4410GCL,PC,RFC,WIP
RH*AD4410GM,EA,RFC,FG
RH*AD4410GPL,PC,RFC,WIP
RH*AD4410GSL,PC,RFC,WIP
RH*AD4410GUL,PC,RFC,WIP
RH*AD5410GCL,PC,RFC,WIP
RH*AD5410GM,EA,RFC,FG
RH*AD5410GPL,PC,RFC,WIP
RH*AD5410GSL,PC,RFC,WIP
RH*AD5410GUL,PC,RFC,WIP
RH*AD5510GCL,PC,RFC,WIP
RH*AD5510GM,EA,RFC,FG
RH*AD5510GPL,PC,RFC,WIP
RH*AD5510GSL,PC,RFC,WIP
RH*AD5510GUL,PC,RFC,WIP
RH*AD6410GCL,PC,RFC,WIP
RH*AD6410GM,EA,RFC,FG
RH*AD6410GPL,PC,RFC,WIP
RH*AD6410GSL,PC,RFC,WIP
RH*AD6410GUL,PC,RFC,WIP
RH*AD6510GCL,PC,RFC,WIP
RH*AD6510GM,EA,RFC,FG
RH*AD6510GPL,PC,RFC,WIP
RH*AD6510GSL,PC,RFC,WIP
RH*AD6510GUL,PC,RFC,WIP
RH*AE44108CL,PC,RFC,WIP
RH*AE44108M,EA,RFC,FG
RH*AE44108PL,PC,RFC,WIP
RH*AE44108SL,PC,RFC,WIP
RH*AE44108UL,PC,RFC,WIP
RH*AE4410GCL,PC,RFC,WIP
RH*AE4410GM,EA,RFC,FG
RH*AE4410GPL,PC,RFC,WIP
RH*AE4410GSL,PC,RFC,WIP
RH*AE4410GUL,PC,RFC,WIP
RH*AE4510GCL,PC,RFC,WIP
RH*AE4510GM,EA,RFC,FG
RH*AE4510GPL,PC,RFC,WIP
RH*AE4510GSL,PC,RFC,WIP
RH*AE4510GUL,PC,RFC,WIP
RH*AE55108CL,PC,RFC,WIP
RH*AE55108M,EA,RFC,FG
RH*AE55108PL,PC,RFC,WIP
RH*AE55108SL,PC,RFC,WIP
RH*AE55108UL,PC,RFC,WIP
RH*AED510GCL,PC,RFC,WIP
RH*AED510GM,EA,RFC,FG
RH*AED510GPL,PC,RFC,WIP
RH*AED510GSL,PC,RFC,WIP
RH*AED510GUL,PC,RFC,WIP
RH*AF15110CL,PC,RFC,WIP
RH*AF15110M,EA,RFC,FG
RH*AF15110PL,PC,RFC,WIP
RH*AF15110SL,PC,RFC,WIP
RH*AF15110UL,PC,RFC,WIP
RH*AG34108CL,PC,RFC,WIP
RH*AG34108M,EA,RFC,FG
RH*AG34108PL,PC,RFC,WIP
RH*AG34108SL,PC,RFC,WIP
RH*AG34108UL,PC,RFC,WIP
RH*AG94107CL,PC,RFC,WIP
RH*AG94107M,EA,RFC,FG
RH*AG94107PL,PC,RFC,WIP
RH*AG94107SL,PC,RFC,WIP
RH*AG94107UL,PC,RFC,WIP
RH*AG95107CL,PC,RFC,WIP
RH*AG95107M,EA,RFC,FG
RH*AG95107PL,PC,RFC,WIP
RH*AG95107SL,PC,RFC,WIP
RH*AG95107UL,PC,RFC,WIP
RH*AGF4108CL,PC,RFC,WIP
RH*AGF4108M,EA,RFC,FG
RH*AGF4108PL,PC,RFC,WIP
RH*AGF4108SL,PC,RFC,WIP
RH*AGF4108UL,PC,RFC,WIP
RH*AUB5108CL,PC,RFC,WIP
RH*AUB5108M,EA,RFC,FG
RH*AUB5108PL,PC,RFC,WIP
RH*AUB5108SL,PC,RFC,WIP
RH*AUB5108UL,PC,RFC,WIP
RH*BA14110CL,PC,RFC,WIP
RH*BA14110M,EA,RFC,FG
RH*BA14110PL,PC,RFC,WIP
RH*BA14110SL,PC,RFC,WIP
RH*BA14110UL,PC,RFC,WIP
RH*BA15110CL,PC,RFC,WIP
RH*BA15110M,EA,RFC,FG
RH*BA15110PL,PC,RFC,WIP
RH*BA15110SL,PC,RFC,WIP
RH*BA15110UL,PC,RFC,WIP
RH*BA24110CL,PC,RFC,WIP
RH*BA24110M,EA,RFC,FG
RH*BA24110PL,PC,RFC,WIP
RH*BA24110SL,PC,RFC,WIP
RH*BA24110UL,PC,RFC,WIP
RH*BA25110CL,PC,RFC,WIP
RH*BA25110M,EA,RFC,FG
RH*BA25110PL,PC,RFC,WIP
RH*BA25110SL,PC,RFC,WIP
RH*BA25110UL,PC,RFC,WIP
RH*BA34110CL,PC,RFC,WIP
RH*BA34110M,EA,RFC,FG
RH*BA34110PL,PC,RFC,WIP
RH*BA34110SL,PC,RFC,WIP
RH*BA34110UL,PC,RFC,WIP
RH*BA35110CL,PC,RFC,WIP
RH*BA35110M,EA,RFC,FG
RH*BA35110PL,PC,RFC,WIP
RH*BA35110SL,PC,RFC,WIP
RH*BA35110UL,PC,RFC,WIP
RH*BB14110CL,PC,RFC,WIP
RH*BB14110M,EA,RFC,FG
RH*BB14110PL,PC,RFC,WIP
RH*BB14110SL,PC,RFC,WIP
RH*BB14110UL,PC,RFC,WIP
RH*BB15110CL,PC,RFC,WIP
RH*BB15110M,EA,RFC,FG
RH*BB15110PL,PC,RFC,WIP
RH*BB15110SL,PC,RFC,WIP
RH*BB15110UL,PC,RFC,WIP
RH*BB24110CL,PC,RFC,WIP
RH*BB24110M,EA,RFC,FG
RH*BB24110PL,PC,RFC,WIP
RH*BB24110SL,PC,RFC,WIP
RH*BB24110UL,PC,RFC,WIP
RH*BB25110CL,PC,RFC,WIP
RH*BB25110M,EA,RFC,FG
RH*BB25110PL,PC,RFC,WIP
RH*BB25110SL,PC,RFC,WIP
RH*BB25110UL,PC,RFC,WIP
RH*BC14110CL,PC,RFC,WIP
RH*BC14110M,EA,RFC,FG
RH*BC14110PL,PC,RFC,WIP
RH*BC14110SL,PC,RFC,WIP
RH*BC14110UL,PC,RFC,WIP
RH*BE14110CL,PC,RFC,WIP
RH*BE14110M,EA,RFC,FG
RH*BE14110PL,PC,RFC,WIP
RH*BE14110SL,PC,RFC,WIP
RH*BE14110UL,PC,RFC,WIP
RH*BE15110CL,PC,RFC,WIP
RH*BE15110M,EA,RFC,FG
RH*BE15110PL,PC,RFC,WIP
RH*BE15110SL,PC,RFC,WIP
RH*BE15110UL,PC,RFC,WIP
RH*BE24110CL,PC,RFC,WIP
RH*BE24110M,EA,RFC,FG
RH*BE24110PL,PC,RFC,WIP
RH*BE24110SL,PC,RFC,WIP
RH*BE24110UL,PC,RFC,WIP
RH*BE25110CL,PC,RFC,WIP
RH*BE25110M,EA,RFC,FG
RH*BE25110PL,PC,RFC,WIP
RH*BE25110SL,PC,RFC,WIP
RH*BE25110UL,PC,RFC,WIP
RH*BG14110CL,PC,RFC,WIP
RH*BG14110M,EA,RFC,FG
RH*BG14110PL,PC,RFC,WIP
RH*BG14110SL,PC,RFC,WIP
RH*BG14110UL,PC,RFC,WIP
RH*BG15110CL,PC,RFC,WIP
RH*BG15110M,EA,RFC,FG
RH*BG15110PL,PC,RFC,WIP
RH*BG15110SL,PC,RFC,WIP
RH*BG15110UL,PC,RFC,WIP
RH*BH14110CL,PC,RFC,WIP
RH*BH14110M,EA,RFC,FG
RH*BH14110PL,PC,RFC,WIP
RH*BH14110SL,PC,RFC,WIP
RH*BH14110UL,PC,RFC,WIP
RH*BH15110CL,PC,RFC,WIP
RH*BH15110M,EA,RFC,FG
RH*BH15110PL,PC,RFC,WIP
RH*BH15110SL,PC,RFC,WIP
RH*BH15110UL,PC,RFC,WIP
RH*BR75100CL,PC,RFC,WIP
RH*BR75100M,EA,RFC,FG
RH*BR75100PL,PC,RFC,WIP
RH*BR75100SL,PC,RFC,WIP
RH*BR75100UL,PC,RFC,WIP
RH*BR95100CL,PC,RFC,WIP
RH*BR95100M,EA,RFC,FG
RH*BR95100PL,PC,RFC,WIP
RH*BR95100SL,PC,RFC,WIP
RH*BR95100UL,PC,RFC,WIP
RH+4AL1000CL,PC,RFC,WIP
RH+4AL1000CS,PC,RFC,WIP
RH+4AL1000M,EA,RFC,FG
RH+4AL1000PL,PC,RFC,WIP
RH+4AL1000PS,PC,RFC,WIP
RH+4AL1000SL,PC,RFC,WIP
RH+4AL1000UL,PC,RFC,WIP
RH+4AL1000US,PC,RFC,WIP
RH+4AL2000CL,PC,RFC,WIP
RH+4AL2000CS,PC,RFC,WIP
RH+4AL2000M,EA,RFC,FG
RH+4AL2000PL,PC,RFC,WIP
RH+4AL2000PS,PC,RFC,WIP
RH+4AL2000SL,PC,RFC,WIP
RH+4AL2000UL,PC,RFC,WIP
RH+4AL2000US,PC,RFC,WIP
RH+4AL3000CL,PC,RFC,WIP
RH+4AL3000M,EA,RFC,FG
RH+4AL3000PL,PC,RFC,WIP
RH+4AL3000SL,PC,RFC,WIP
RH+4AL3000UL,PC,RFC,WIP
RH+4AP4561CL,PC,RFC,WIP
RH+4AP4561CS,PC,RFC,WIP
RH+4AP4561M,EA,RFC,FG
RH+4AP4561PL,PC,RFC,WIP
RH+4AP4561PS,PC,RFC,WIP
RH+4AP4561SL,PC,RFC,WIP
RH+4AP4561UL,PC,RFC,WIP
RH+4AP4561US,PC,RFC,WIP
RH+4AP5561CL,PC,RFC,WIP
RH+4AP5561CS,PC,RFC,WIP
RH+4AP5561M,EA,RFC,FG
RH+4AP5561PL,PC,RFC,WIP
RH+4AP5561PS,PC,RFC,WIP
RH+4AP5561SL,PC,RFC,WIP
RH+4AP5561UL,PC,RFC,WIP
RH+4AP5561US,PC,RFC,WIP
RH+4APR241CL,PC,RFC,WIP
RH+4APR241CS,PC,RFC,WIP
RH+4APR241M,EA,RFC,FG
RH+4APR241PL,PC,RFC,WIP
RH+4APR241PS,PC,RFC,WIP
RH+4APR241SL,PC,RFC,WIP
RH+4APR241UL,PC,RFC,WIP
RH+4APR241US,PC,RFC,WIP
RH+4AR1000CL,PC,RFC,WIP
RH+4AR1000CS,PC,RFC,WIP
RH+4AR1000M,EA,RFC,FG
RH+4AR1000PL,PC,RFC,WIP
RH+4AR1000PS,PC,RFC,WIP
RH+4AR1000SL,PC,RFC,WIP
RH+4AR1000UL,PC,RFC,WIP
RH+4AR1000US,PC,RFC,WIP
RH+4AR2000CL,PC,RFC,WIP
RH+4AR2000CS,PC,RFC,WIP
RH+4AR2000M,EA,RFC,FG
RH+4AR2000PL,PC,RFC,WIP
RH+4AR2000PS,PC,RFC,WIP
RH+4AR2000SL,PC,RFC,WIP
RH+4AR2000UL,PC,RFC,WIP
RH+4AR2000US,PC,RFC,WIP
RH+4ARJP00CL,PC,RFC,WIP
RH+4ARJP00M,EA,RFC,FG
RH+4ARJP00PL,PC,RFC,WIP
RH+4ARJP00SL,PC,RFC,WIP
RH+4ARJP00UL,PC,RFC,WIP
RH+4BPIN00CL,PC,RFC,WIP
RH+4BPIN00CS,PC,RFC,WIP
RH+4BPIN00M,EA,RFC,FG
RH+4BPIN00PL,PC,RFC,WIP
RH+4BPIN00PS,PC,RFC,WIP
RH+4BPIN00SL,PC,RFC,WIP
RH+4BPIN00UL,PC,RFC,WIP
RH+4BPIN00US,PC,RFC,WIP
RH+4BPJP00CL,PC,RFC,WIP
RH+4BPJP00M,EA,RFC,FG
RH+4BPJP00PL,PC,RFC,WIP
RH+4BPJP00SL,PC,RFC,WIP
RH+4BPJP00UL,PC,RFC,WIP
RH+4CL3500CL,PC,RFC,WIP
RH+4CL3500CS,PC,RFC,WIP
RH+4CL3500M,EA,RFC,FG
RH+4CL3500PL,PC,RFC,WIP
RH+4CL3500PS,PC,RFC,WIP
RH+4CL3500SL,PC,RFC,WIP
RH+4CL3500UL,PC,RFC,WIP
RH+4CL3500US,PC,RFC,WIP
RH+4CL4000CL,PC,RFC,WIP
RH+4CL4000CS,PC,RFC,WIP
RH+4CL4000M,EA,RFC,FG
RH+4CL4000PL,PC,RFC,WIP
RH+4CL4000PS,PC,RFC,WIP
RH+4CL4000SL,PC,RFC,WIP
RH+4CL4000UL,PC,RFC,WIP
RH+4CL4000US,PC,RFC,WIP
RH+4CL5000CL,PC,RFC,WIP
RH+4CL5000M,EA,RFC,FG
RH+4CL5000PL,PC,RFC,WIP
RH+4CL5000SL,PC,RFC,WIP
RH+4CL5000UL,PC,RFC,WIP
RH+4CR3500CL,PC,RFC,WIP
RH+4CR3500CS,PC,RFC,WIP
RH+4CR3500M,EA,RFC,FG
RH+4CR3500PL,PC,RFC,WIP
RH+4CR3500PS,PC,RFC,WIP
RH+4CR3500SL,PC,RFC,WIP
RH+4CR3500UL,PC,RFC,WIP
RH+4CR3500US,PC,RFC,WIP
RH+4CR4000CL,PC,RFC,WIP
RH+4CR4000CS,PC,RFC,WIP
RH+4CR4000M,EA,RFC,FG
RH+4CR4000PL,PC,RFC,WIP
RH+4CR4000PS,PC,RFC,WIP
RH+4CR4000SL,PC,RFC,WIP
RH+4CR4000UL,PC,RFC,WIP
RH+4CR4000US,PC,RFC,WIP
RH+4CR5000CL,PC,RFC,WIP
RH+4CR5000M,EA,RFC,FG
RH+4CR5000PL,PC,RFC,WIP
RH+4CR5000SL,PC,RFC,WIP
RH+4CR5000UL,PC,RFC,WIP
RH+4JL3500CL,PC,RFC,WIP
RH+4JL3500CS,PC,RFC,WIP
RH+4JL3500M,EA,RFC,FG
RH+4JL3500PL,PC,RFC,WIP
RH+4JL3500PS,PC,RFC,WIP
RH+4JL3500SL,PC,RFC,WIP
RH+4JL3500UL,PC,RFC,WIP
RH+4JL3500US,PC,RFC,WIP
RH+4JL4000CL,PC,RFC,WIP
RH+4JL4000CS,PC,RFC,WIP
RH+4JL4000M,EA,RFC,FG
RH+4JL4000PL,PC,RFC,WIP
RH+4JL4000PS,PC,RFC,WIP
RH+4JL4000SL,PC,RFC,WIP
RH+4JL4000UL,PC,RFC,WIP
RH+4JL4000US,PC,RFC,WIP
RH+4JR3500CL,PC,RFC,WIP
RH+4JR3500CS,PC,RFC,WIP
RH+4JR3500M,EA,RFC,FG
RH+4JR3500PL,PC,RFC,WIP
RH+4JR3500PS,PC,RFC,WIP
RH+4JR3500SL,PC,RFC,WIP
RH+4JR3500UL,PC,RFC,WIP
RH+4JR3500US,PC,RFC,WIP
RH+4JR4000CL,PC,RFC,WIP
RH+4JR4000CS,PC,RFC,WIP
RH+4JR4000M,EA,RFC,FG
RH+4JR4000PL,PC,RFC,WIP
RH+4JR4000PS,PC,RFC,WIP
RH+4JR4000SL,PC,RFC,WIP
RH+4JR4000UL,PC,RFC,WIP
RH+4JR4000US,PC,RFC,WIP
RH+4MP2520CL,PC,RFC,WIP
RH+4MP2520CS,PC,RFC,WIP
RH+4MP2520M,EA,RFC,FG
RH+4MP2520PL,PC,RFC,WIP
RH+4MP2520PS,PC,RFC,WIP
RH+4MP2520SL,PC,RFC,WIP
RH+4MP2520UL,PC,RFC,WIP
RH+4MP2520US,PC,RFC,WIP
RH+4MP2528CL,PC,RFC,WIP
RH+4MP2528M,EA,RFC,FG
RH+4MP2528PL,PC,RFC,WIP
RH+4MP2528SL,PC,RFC,WIP
RH+4MP2528UL,PC,RFC,WIP
RH+4MP3020CL,PC,RFC,WIP
RH+4MP3020CS,PC,RFC,WIP
RH+4MP3020M,EA,RFC,FG
RH+4MP3020PL,PC,RFC,WIP
RH+4MP3020PS,PC,RFC,WIP
RH+4MP3020SL,PC,RFC,WIP
RH+4MP3020UL,PC,RFC,WIP
RH+4MP3020US,PC,RFC,WIP
RH+4MP3028CL,PC,RFC,WIP
RH+4MP3028CS,PC,RFC,WIP
RH+4MP3028M,EA,RFC,FG
RH+4MP3028PL,PC,RFC,WIP
RH+4MP3028PS,PC,RFC,WIP
RH+4MP3028SL,PC,RFC,WIP
RH+4MP3028UL,PC,RFC,WIP
RH+4MP3028US,PC,RFC,WIP
RH+4MP3520CL,PC,RFC,WIP
RH+4MP3520M,EA,RFC,FG
RH+4MP3520PL,PC,RFC,WIP
RH+4MP3520SL,PC,RFC,WIP
RH+4MP3520UL,PC,RFC,WIP
RH+4MP3521CL,PC,RFC,WIP
RH+4MP3521M,EA,RFC,FG
RH+4MP3521PL,PC,RFC,WIP
RH+4MP3521SL,PC,RFC,WIP
RH+4MP3521UL,PC,RFC,WIP
RH+4MP4020CL,PC,RFC,WIP
RH+4MP4020CS,PC,RFC,WIP
RH+4MP4020M,EA,RFC,FG
RH+4MP4020PL,PC,RFC,WIP
RH+4MP4020PS,PC,RFC,WIP
RH+4MP4020SL,PC,RFC,WIP
RH+4MP4020UL,PC,RFC,WIP
RH+4MP4020US,PC,RFC,WIP
RH+4PR2008CL,PC,RFC,WIP
RH+4PR2008CS,PC,RFC,WIP
RH+4PR2008M,EA,RFC,FG
RH+4PR2008PL,PC,RFC,WIP
RH+4PR2008PS,PC,RFC,WIP
RH+4PR2008SL,PC,RFC,WIP
RH+4PR2008UL,PC,RFC,WIP
RH+4PR2008US,PC,RFC,WIP
RH+4PR2508CL,PC,RFC,WIP
RH+4PR2508CS,PC,RFC,WIP
RH+4PR2508M,EA,RFC,FG
RH+4PR2508PL,PC,RFC,WIP
RH+4PR2508PS,PC,RFC,WIP
RH+4PR2508SL,PC,RFC,WIP
RH+4PR2508UL,PC,RFC,WIP
RH+4PR2508US,PC,RFC,WIP
RH+4SP0061CL,PC,RFC,WIP
RH+4SP0061CS,PC,RFC,WIP
RH+4SP0061M,EA,RFC,FG
RH+4SP0061PL,PC,RFC,WIP
RH+4SP0061PS,PC,RFC,WIP
RH+4SP0061SL,PC,RFC,WIP
RH+4SP0061UL,PC,RFC,WIP
RH+4SP0061US,PC,RFC,WIP
RH+4SP0068CL,PC,RFC,WIP
RH+4SP0068CS,PC,RFC,WIP
RH+4SP0068M,EA,RFC,FG
RH+4SP0068PL,PC,RFC,WIP
RH+4SP0068PS,PC,RFC,WIP
RH+4SP0068SL,PC,RFC,WIP
RH+4SP0068UL,PC,RFC,WIP
RH+4SP0068US,PC,RFC,WIP
RH+4SP0069CL,PC,RFC,WIP
RH+4SP0069M,EA,RFC,FG
RH+4SP0069PL,PC,RFC,WIP
RH+4SP0069SL,PC,RFC,WIP
RH+4SP0069UL,PC,RFC,WIP
RH+4SP006GCL,PC,RFC,WIP
RH+4SP006GM,EA,RFC,FG
RH+4SP006GPL,PC,RFC,WIP
RH+4SP006GSL,PC,RFC,WIP
RH+4SP006GUL,PC,RFC,WIP
RH+4ST0109CL,PC,RFC,WIP
RH+4ST0109M,EA,RFC,FG
RH+4ST0109PL,PC,RFC,WIP
RH+4ST0109SL,PC,RFC,WIP
RH+4ST0109UL,PC,RFC,WIP
RH+4ST0161CL,PC,RFC,WIP
RH+4ST0161M,EA,RFC,FG
RH+4ST0161PL,PC,RFC,WIP
RH+4ST0161SL,PC,RFC,WIP
RH+4ST0161UL,PC,RFC,WIP
RH+4ST016GCL,PC,RFC,WIP
RH+4ST016GM,EA,RFC,FG
RH+4ST016GPL,PC,RFC,WIP
RH+4ST016GSL,PC,RFC,WIP
RH+4ST016GUL,PC,RFC,WIP
RH+5AL1000CL,PC,RFC,WIP
RH+5AL1000CS,PC,RFC,WIP
RH+5AL1000M,EA,RFC,FG
RH+5AL1000PL,PC,RFC,WIP
RH+5AL1000PS,PC,RFC,WIP
RH+5AL1000SL,PC,RFC,WIP
RH+5AL1000UL,PC,RFC,WIP
RH+5AL1000US,PC,RFC,WIP
RH+5AL2000CL,PC,RFC,WIP
RH+5AL2000CS,PC,RFC,WIP
RH+5AL2000M,EA,RFC,FG
RH+5AL2000PL,PC,RFC,WIP
RH+5AL2000PS,PC,RFC,WIP
RH+5AL2000SL,PC,RFC,WIP
RH+5AL2000UL,PC,RFC,WIP
RH+5AL2000US,PC,RFC,WIP
RH+5AL3000CL,PC,RFC,WIP
RH+5AL3000CS,PC,RFC,WIP
RH+5AL3000M,EA,RFC,FG
RH+5AL3000PL,PC,RFC,WIP
RH+5AL3000PS,PC,RFC,WIP
RH+5AL3000SL,PC,RFC,WIP
RH+5AL3000UL,PC,RFC,WIP
RH+5AL3000US,PC,RFC,WIP
RH+5AP4561CL,PC,RFC,WIP
RH+5AP4561CS,PC,RFC,WIP
RH+5AP4561H,PC,RFC,WIP
RH+5AP4561I,PC,RFC,WIP
RH+5AP4561M,EA,RFC,FG
RH+5AP4561N,PC,RFC,WIP
RH+5AP4561PL,PC,RFC,WIP
RH+5AP4561PS,PC,RFC,WIP
RH+5AP4561SL,PC,RFC,WIP
RH+5AP4561T,PC,RFC,WIP
RH+5AP4561UL,PC,RFC,WIP
RH+5AP4561US,PC,RFC,WIP
RH+5AP5561CL,PC,RFC,WIP
RH+5AP5561CS,PC,RFC,WIP
RH+5AP5561H,PC,RFC,WIP
RH+5AP5561I,PC,RFC,WIP
RH+5AP5561M,EA,RFC,FG
RH+5AP5561N,PC,RFC,WIP
RH+5AP5561PL,PC,RFC,WIP
RH+5AP5561PS,PC,RFC,WIP
RH+5AP5561SL,PC,RFC,WIP
RH+5AP5561T,PC,RFC,WIP
RH+5AP5561UL,PC,RFC,WIP
RH+5AP5561US,PC,RFC,WIP
RH+5APR241CL,PC,RFC,WIP
RH+5APR241CS,PC,RFC,WIP
RH+5APR241H,PC,RFC,WIP
RH+5APR241I,PC,RFC,WIP
RH+5APR241M,EA,RFC,FG
RH+5APR241N,PC,RFC,WIP
RH+5APR241PL,PC,RFC,WIP
RH+5APR241PS,PC,RFC,WIP
RH+5APR241SL,PC,RFC,WIP
RH+5APR241T,PC,RFC,WIP
RH+5APR241UL,PC,RFC,WIP
RH+5APR241US,PC,RFC,WIP
RH+5AR1000CL,PC,RFC,WIP
RH+5AR1000CS,PC,RFC,WIP
RH+5AR1000M,EA,RFC,FG
RH+5AR1000PL,PC,RFC,WIP
RH+5AR1000PS,PC,RFC,WIP
RH+5AR1000SL,PC,RFC,WIP
RH+5AR1000UL,PC,RFC,WIP
RH+5AR1000US,PC,RFC,WIP
RH+5AR2000CL,PC,RFC,WIP
RH+5AR2000CS,PC,RFC,WIP
RH+5AR2000M,EA,RFC,FG
RH+5AR2000PL,PC,RFC,WIP
RH+5AR2000PS,PC,RFC,WIP
RH+5AR2000SL,PC,RFC,WIP
RH+5AR2000UL,PC,RFC,WIP
RH+5AR2000US,PC,RFC,WIP
RH+5AR3000CL,PC,RFC,WIP
RH+5AR3000CS,PC,RFC,WIP
RH+5AR3000M,EA,RFC,FG
RH+5AR3000PL,PC,RFC,WIP
RH+5AR3000PS,PC,RFC,WIP
RH+5AR3000SL,PC,RFC,WIP
RH+5AR3000UL,PC,RFC,WIP
RH+5AR3000US,PC,RFC,WIP
RH+5ARJP00CL,PC,RFC,WIP
RH+5ARJP00M,EA,RFC,FG
RH+5ARJP00PL,PC,RFC,WIP
RH+5ARJP00SL,PC,RFC,WIP
RH+5ARJP00UL,PC,RFC,WIP
RH+5BL3520CL,PC,RFC,WIP
RH+5BL3520M,EA,RFC,FG
RH+5BL3520PL,PC,RFC,WIP
RH+5BL3520SL,PC,RFC,WIP
RH+5BL3520UL,PC,RFC,WIP
RH+5BL4020CL,PC,RFC,WIP
RH+5BL4020M,EA,RFC,FG
RH+5BL4020PL,PC,RFC,WIP
RH+5BL4020SL,PC,RFC,WIP
RH+5BL4020UL,PC,RFC,WIP
RH+5BLK410CL,PC,RFC,WIP
RH+5BLK410M,EA,RFC,FG
RH+5BLK410PL,PC,RFC,WIP
RH+5BLK410SL,PC,RFC,WIP
RH+5BLK410UL,PC,RFC,WIP
RH+5BLK411CL,PC,RFC,WIP
RH+5BLK411M,EA,RFC,FG
RH+5BLK411PL,PC,RFC,WIP
RH+5BLK411SL,PC,RFC,WIP
RH+5BLK411UL,PC,RFC,WIP
RH+5BPIM00CL,PC,RFC,WIP
RH+5BPIM00M,EA,RFC,FG
RH+5BPIM00PL,PC,RFC,WIP
RH+5BPIM00SL,PC,RFC,WIP
RH+5BPIM00UL,PC,RFC,WIP
RH+5BPIN00CL,PC,RFC,WIP
RH+5BPIN00CS,PC,RFC,WIP
RH+5BPIN00M,EA,RFC,FG
RH+5BPIN00PL,PC,RFC,WIP
RH+5BPIN00PS,PC,RFC,WIP
RH+5BPIN00SL,PC,RFC,WIP
RH+5BPIN00UL,PC,RFC,WIP
RH+5BPIN00US,PC,RFC,WIP
RH+5BPIR00CL,PC,RFC,WIP
RH+5BPIR00CS,PC,RFC,WIP
RH+5BPIR00M,EA,RFC,FG
RH+5BPIR00PL,PC,RFC,WIP
RH+5BPIR00PS,PC,RFC,WIP
RH+5BPIR00SL,PC,RFC,WIP
RH+5BPIR00UL,PC,RFC,WIP
RH+5BPIR00US,PC,RFC,WIP
RH+5BPJL00CL,PC,RFC,WIP
RH+5BPJL00CS,PC,RFC,WIP
RH+5BPJL00M,EA,RFC,FG
RH+5BPJL00PL,PC,RFC,WIP
RH+5BPJL00PS,PC,RFC,WIP
RH+5BPJL00SL,PC,RFC,WIP
RH+5BPJL00UL,PC,RFC,WIP
RH+5BPJL00US,PC,RFC,WIP
RH+5BPJP00CL,PC,RFC,WIP
RH+5BPJP00M,EA,RFC,FG
RH+5BPJP00PL,PC,RFC,WIP
RH+5BPJP00SL,PC,RFC,WIP
RH+5BPJP00UL,PC,RFC,WIP
RH+5BPJR00CL,PC,RFC,WIP
RH+5BPJR00CS,PC,RFC,WIP
RH+5BPJR00M,EA,RFC,FG
RH+5BPJR00PL,PC,RFC,WIP
RH+5BPJR00PS,PC,RFC,WIP
RH+5BPJR00SL,PC,RFC,WIP
RH+5BPJR00UL,PC,RFC,WIP
RH+5BPJR00US,PC,RFC,WIP
RH+5BPRB01CL,PC,RFC,WIP
RH+5BPRB01M,EA,RFC,FG
RH+5BPRB01PL,PC,RFC,WIP
RH+5BPRB01SL,PC,RFC,WIP
RH+5BPRB01UL,PC,RFC,WIP
RH+5BU3500CL,PC,RFC,WIP
RH+5BU3500M,EA,RFC,FG
RH+5BU3500PL,PC,RFC,WIP
RH+5BU3500SL,PC,RFC,WIP
RH+5BU3500UL,PC,RFC,WIP
RH+5CAS100CL,PC,RFC,WIP
RH+5CAS100CS,PC,RFC,WIP
RH+5CAS100M,EA,RFC,FG
RH+5CAS100PL,PC,RFC,WIP
RH+5CAS100PS,PC,RFC,WIP
RH+5CAS100SL,PC,RFC,WIP
RH+5CAS100UL,PC,RFC,WIP
RH+5CAS100US,PC,RFC,WIP
RH+5CL3500CL,PC,RFC,WIP
RH+5CL3500CS,PC,RFC,WIP
RH+5CL3500M,EA,RFC,FG
RH+5CL3500PL,PC,RFC,WIP
RH+5CL3500PS,PC,RFC,WIP
RH+5CL3500SL,PC,RFC,WIP
RH+5CL3500UL,PC,RFC,WIP
RH+5CL3500US,PC,RFC,WIP
RH+5CL4000CL,PC,RFC,WIP
RH+5CL4000CS,PC,RFC,WIP
RH+5CL4000M,EA,RFC,FG
RH+5CL4000PL,PC,RFC,WIP
RH+5CL4000PS,PC,RFC,WIP
RH+5CL4000SL,PC,RFC,WIP
RH+5CL4000UL,PC,RFC,WIP
RH+5CL4000US,PC,RFC,WIP
RH+5CL4001CL,PC,RFC,WIP
RH+5CL4001M,EA,RFC,FG
RH+5CL4001PL,PC,RFC,WIP
RH+5CL4001SL,PC,RFC,WIP
RH+5CL4001UL,PC,RFC,WIP
RH+5CL4500CL,PC,RFC,WIP
RH+5CL4500M,EA,RFC,FG
RH+5CL4500PL,PC,RFC,WIP
RH+5CL4500SL,PC,RFC,WIP
RH+5CL4500UL,PC,RFC,WIP
RH+5CL5000CL,PC,RFC,WIP
RH+5CL5000CS,PC,RFC,WIP
RH+5CL5000M,EA,RFC,FG
RH+5CL5000PL,PC,RFC,WIP
RH+5CL5000PS,PC,RFC,WIP
RH+5CL5000SL,PC,RFC,WIP
RH+5CL5000UL,PC,RFC,WIP
RH+5CL5000US,PC,RFC,WIP
RH+5CL5001CL,PC,RFC,WIP
RH+5CL5001M,EA,RFC,FG
RH+5CL5001PL,PC,RFC,WIP
RH+5CL5001SL,PC,RFC,WIP
RH+5CL5001UL,PC,RFC,WIP
RH+5CL6000CL,PC,RFC,WIP
RH+5CL6000CS,PC,RFC,WIP
RH+5CL6000M,EA,RFC,FG
RH+5CL6000PL,PC,RFC,WIP
RH+5CL6000PS,PC,RFC,WIP
RH+5CL6000SL,PC,RFC,WIP
RH+5CL6000UL,PC,RFC,WIP
RH+5CL6000US,PC,RFC,WIP
RH+5CL6001CL,PC,RFC,WIP
RH+5CL6001M,EA,RFC,FG
RH+5CL6001PL,PC,RFC,WIP
RH+5CL6001SL,PC,RFC,WIP
RH+5CL6001UL,PC,RFC,WIP
RH+5CR3500CL,PC,RFC,WIP
RH+5CR3500CS,PC,RFC,WIP
RH+5CR3500M,EA,RFC,FG
RH+5CR3500PL,PC,RFC,WIP
RH+5CR3500PS,PC,RFC,WIP
RH+5CR3500SL,PC,RFC,WIP
RH+5CR3500UL,PC,RFC,WIP
RH+5CR3500US,PC,RFC,WIP
RH+5CR3521CL,PC,RFC,WIP
RH+5CR3521M,EA,RFC,FG
RH+5CR3521PL,PC,RFC,WIP
RH+5CR3521SL,PC,RFC,WIP
RH+5CR3521UL,PC,RFC,WIP
RH+5CR3528CL,PC,RFC,WIP
RH+5CR3528CS,PC,RFC,WIP
RH+5CR3528M,EA,RFC,FG
RH+5CR3528PL,PC,RFC,WIP
RH+5CR3528PS,PC,RFC,WIP
RH+5CR3528SL,PC,RFC,WIP
RH+5CR3528UL,PC,RFC,WIP
RH+5CR3528US,PC,RFC,WIP
RH+5CR4000CL,PC,RFC,WIP
RH+5CR4000CS,PC,RFC,WIP
RH+5CR4000M,EA,RFC,FG
RH+5CR4000PL,PC,RFC,WIP
RH+5CR4000PS,PC,RFC,WIP
RH+5CR4000SL,PC,RFC,WIP
RH+5CR4000UL,PC,RFC,WIP
RH+5CR4000US,PC,RFC,WIP
RH+5CR4001CL,PC,RFC,WIP
RH+5CR4001M,EA,RFC,FG
RH+5CR4001PL,PC,RFC,WIP
RH+5CR4001SL,PC,RFC,WIP
RH+5CR4001UL,PC,RFC,WIP
RH+5CR4500CL,PC,RFC,WIP
RH+5CR4500M,EA,RFC,FG
RH+5CR4500PL,PC,RFC,WIP
RH+5CR4500SL,PC,RFC,WIP
RH+5CR4500UL,PC,RFC,WIP
RH+5CR5000CL,PC,RFC,WIP
RH+5CR5000CS,PC,RFC,WIP
RH+5CR5000M,EA,RFC,FG
RH+5CR5000PL,PC,RFC,WIP
RH+5CR5000PS,PC,RFC,WIP
RH+5CR5000SL,PC,RFC,WIP
RH+5CR5000UL,PC,RFC,WIP
RH+5CR5000US,PC,RFC,WIP
RH+5FJ1000CL,PC,RFC,WIP
RH+5FJ1000CS,PC,RFC,WIP
RH+5FJ1000M,EA,RFC,FG
RH+5FJ1000PL,PC,RFC,WIP
RH+5FJ1000PS,PC,RFC,WIP
RH+5FJ1000SL,PC,RFC,WIP
RH+5FJ1000UL,PC,RFC,WIP
RH+5FJ1000US,PC,RFC,WIP
RH+5JL3500CL,PC,RFC,WIP
RH+5JL3500CS,PC,RFC,WIP
RH+5JL3500M,EA,RFC,FG
RH+5JL3500PL,PC,RFC,WIP
RH+5JL3500PS,PC,RFC,WIP
RH+5JL3500SL,PC,RFC,WIP
RH+5JL3500UL,PC,RFC,WIP
RH+5JL3500US,PC,RFC,WIP
RH+5JL4000CL,PC,RFC,WIP
RH+5JL4000CS,PC,RFC,WIP
RH+5JL4000M,EA,RFC,FG
RH+5JL4000PL,PC,RFC,WIP
RH+5JL4000PS,PC,RFC,WIP
RH+5JL4000SL,PC,RFC,WIP
RH+5JL4000UL,PC,RFC,WIP
RH+5JL4000US,PC,RFC,WIP
RH+5JL5000CL,PC,RFC,WIP
RH+5JL5000CS,PC,RFC,WIP
RH+5JL5000M,EA,RFC,FG
RH+5JL5000PL,PC,RFC,WIP
RH+5JL5000PS,PC,RFC,WIP
RH+5JL5000SL,PC,RFC,WIP
RH+5JL5000UL,PC,RFC,WIP
RH+5JL5000US,PC,RFC,WIP
RH+5JR3500CL,PC,RFC,WIP
RH+5JR3500CS,PC,RFC,WIP
RH+5JR3500M,EA,RFC,FG
RH+5JR3500PL,PC,RFC,WIP
RH+5JR3500PS,PC,RFC,WIP
RH+5JR3500SL,PC,RFC,WIP
RH+5JR3500UL,PC,RFC,WIP
RH+5JR3500US,PC,RFC,WIP
RH+5JR4000CL,PC,RFC,WIP
RH+5JR4000CS,PC,RFC,WIP
RH+5JR4000M,EA,RFC,FG
RH+5JR4000PL,PC,RFC,WIP
RH+5JR4000PS,PC,RFC,WIP
RH+5JR4000SL,PC,RFC,WIP
RH+5JR4000UL,PC,RFC,WIP
RH+5JR4000US,PC,RFC,WIP
RH+5JR5000CL,PC,RFC,WIP
RH+5JR5000CS,PC,RFC,WIP
RH+5JR5000M,EA,RFC,FG
RH+5JR5000PL,PC,RFC,WIP
RH+5JR5000PS,PC,RFC,WIP
RH+5JR5000SL,PC,RFC,WIP
RH+5JR5000UL,PC,RFC,WIP
RH+5JR5000US,PC,RFC,WIP
RH+5JR6000CL,PC,RFC,WIP
RH+5JR6000CS,PC,RFC,WIP
RH+5JR6000M,EA,RFC,FG
RH+5JR6000PL,PC,RFC,WIP
RH+5JR6000PS,PC,RFC,WIP
RH+5JR6000SL,PC,RFC,WIP
RH+5JR6000UL,PC,RFC,WIP
RH+5JR6000US,PC,RFC,WIP
RH+5MP2520CL,PC,RFC,WIP
RH+5MP2520CS,PC,RFC,WIP
RH+5MP2520M,EA,RFC,FG
RH+5MP2520PL,PC,RFC,WIP
RH+5MP2520PS,PC,RFC,WIP
RH+5MP2520SL,PC,RFC,WIP
RH+5MP2520UL,PC,RFC,WIP
RH+5MP2520US,PC,RFC,WIP
RH+5MP2528CL,PC,RFC,WIP
RH+5MP2528CS,PC,RFC,WIP
RH+5MP2528M,EA,RFC,FG
RH+5MP2528PL,PC,RFC,WIP
RH+5MP2528PS,PC,RFC,WIP
RH+5MP2528SL,PC,RFC,WIP
RH+5MP2528UL,PC,RFC,WIP
RH+5MP2528US,PC,RFC,WIP
RH+5MP3020CL,PC,RFC,WIP
RH+5MP3020CS,PC,RFC,WIP
RH+5MP3020M,EA,RFC,FG
RH+5MP3020PL,PC,RFC,WIP
RH+5MP3020PS,PC,RFC,WIP
RH+5MP3020SL,PC,RFC,WIP
RH+5MP3020UL,PC,RFC,WIP
RH+5MP3020US,PC,RFC,WIP
RH+5MP3500CL,PC,RFC,WIP
RH+5MP3500M,EA,RFC,FG
RH+5MP3500PL,PC,RFC,WIP
RH+5MP3500SL,PC,RFC,WIP
RH+5MP3500UL,PC,RFC,WIP
RH+5MP3520CL,PC,RFC,WIP
RH+5MP3520CS,PC,RFC,WIP
RH+5MP3520M,EA,RFC,FG
RH+5MP3520PL,PC,RFC,WIP
RH+5MP3520PS,PC,RFC,WIP
RH+5MP3520SL,PC,RFC,WIP
RH+5MP3520UL,PC,RFC,WIP
RH+5MP3520US,PC,RFC,WIP
RH+5MP4001CL,PC,RFC,WIP
RH+5MP4001M,EA,RFC,FG
RH+5MP4001PL,PC,RFC,WIP
RH+5MP4001SL,PC,RFC,WIP
RH+5MP4001UL,PC,RFC,WIP
RH+5MP4020CL,PC,RFC,WIP
RH+5MP4020CS,PC,RFC,WIP
RH+5MP4020M,EA,RFC,FG
RH+5MP4020PL,PC,RFC,WIP
RH+5MP4020PS,PC,RFC,WIP
RH+5MP4020SL,PC,RFC,WIP
RH+5MP4020UL,PC,RFC,WIP
RH+5MP4020US,PC,RFC,WIP
RH+5SP0061CL,PC,RFC,WIP
RH+5SP0061CS,PC,RFC,WIP
RH+5SP0061H,PC,RFC,WIP
RH+5SP0061I,PC,RFC,WIP
RH+5SP0061M,EA,RFC,FG
RH+5SP0061N,PC,RFC,WIP
RH+5SP0061PL,PC,RFC,WIP
RH+5SP0061PS,PC,RFC,WIP
RH+5SP0061SL,PC,RFC,WIP
RH+5SP0061T,PC,RFC,WIP
RH+5SP0061UL,PC,RFC,WIP
RH+5SP0061US,PC,RFC,WIP
RH+5SP0068CL,PC,RFC,WIP
RH+5SP0068CS,PC,RFC,WIP
RH+5SP0068H,PC,RFC,WIP
RH+5SP0068I,PC,RFC,WIP
RH+5SP0068M,EA,RFC,FG
RH+5SP0068N,PC,RFC,WIP
RH+5SP0068PL,PC,RFC,WIP
RH+5SP0068PS,PC,RFC,WIP
RH+5SP0068SL,PC,RFC,WIP
RH+5SP0068T,PC,RFC,WIP
RH+5SP0068UL,PC,RFC,WIP
RH+5SP0068US,PC,RFC,WIP
RH+5SP006GCL,PC,RFC,WIP
RH+5SP006GM,EA,RFC,FG
RH+5SP006GPL,PC,RFC,WIP
RH+5SP006GSL,PC,RFC,WIP
RH+5SP006GUL,PC,RFC,WIP
RH+5TIG110CL,PC,RFC,WIP
RH+5TIG110CS,PC,RFC,WIP
RH+5TIG110M,EA,RFC,FG
RH+5TIG110PL,PC,RFC,WIP
RH+5TIG110PS,PC,RFC,WIP
RH+5TIG110SL,PC,RFC,WIP
RH+5TIG110UL,PC,RFC,WIP
RH+5TIG110US,PC,RFC,WIP
RH+5TIG111CL,PC,RFC,WIP
RH+5TIG111M,EA,RFC,FG
RH+5TIG111PL,PC,RFC,WIP
RH+5TIG111SL,PC,RFC,WIP
RH+5TIG111UL,PC,RFC,WIP
RH+5TR3510CL,PC,RFC,WIP
RH+5TR3510M,EA,RFC,FG
RH+5TR3510PL,PC,RFC,WIP
RH+5TR3510SL,PC,RFC,WIP
RH+5TR3510UL,PC,RFC,WIP
RH+5TR4000CL,PC,RFC,WIP
RH+5TR4000M,EA,RFC,FG
RH+5TR4000PL,PC,RFC,WIP
RH+5TR4000SL,PC,RFC,WIP
RH+5TR4000UL,PC,RFC,WIP
RH+5TR4001CL,PC,RFC,WIP
RH+5TR4001M,EA,RFC,FG
RH+5TR4001PL,PC,RFC,WIP
RH+5TR4001SL,PC,RFC,WIP
RH+5TR4001UL,PC,RFC,WIP
RH+5TR4010CL,PC,RFC,WIP
RH+5TR4010M,EA,RFC,FG
RH+5TR4010PL,PC,RFC,WIP
RH+5TR4010SL,PC,RFC,WIP
RH+5TR4010UL,PC,RFC,WIP
RH+5TR4500CL,PC,RFC,WIP
RH+5TR4500M,EA,RFC,FG
RH+5TR4500PL,PC,RFC,WIP
RH+5TR4500SL,PC,RFC,WIP
RH+5TR4500UL,PC,RFC,WIP
RH+5TR5000CL,PC,RFC,WIP
RH+5TR5000M,EA,RFC,FG
RH+5TR5000PL,PC,RFC,WIP
RH+5TR5000SL,PC,RFC,WIP
RH+5TR5000UL,PC,RFC,WIP
RH+5TR5001CL,PC,RFC,WIP
RH+5TR5001M,EA,RFC,FG
RH+5TR5001PL,PC,RFC,WIP
RH+5TR5001SL,PC,RFC,WIP
RH+5TR5001UL,PC,RFC,WIP
RH+6AL1000CB,PC,RFC,WIP
RH+6AL1000CL,PC,RFC,WIP
RH+6AL1000CS,PC,RFC,WIP
RH+6AL1000M,EA,RFC,FG
RH+6AL1000PB,PC,RFC,WIP
RH+6AL1000PL,PC,RFC,WIP
RH+6AL1000PS,PC,RFC,WIP
RH+6AL1000SL,PC,RFC,WIP
RH+6AL1000UB,PC,RFC,WIP
RH+6AL1000UL,PC,RFC,WIP
RH+6AL1000US,PC,RFC,WIP
RH+6AL2000CB,PC,RFC,WIP
RH+6AL2000CL,PC,RFC,WIP
RH+6AL2000CS,PC,RFC,WIP
RH+6AL2000M,EA,RFC,FG
RH+6AL2000PB,PC,RFC,WIP
RH+6AL2000PL,PC,RFC,WIP
RH+6AL2000PS,PC,RFC,WIP
RH+6AL2000SL,PC,RFC,WIP
RH+6AL2000UB,PC,RFC,WIP
RH+6AL2000UL,PC,RFC,WIP
RH+6AL2000US,PC,RFC,WIP
RH+6AL3000CB,PC,RFC,WIP
RH+6AL3000CL,PC,RFC,WIP
RH+6AL3000CS,PC,RFC,WIP
RH+6AL3000M,EA,RFC,FG
RH+6AL3000PB,PC,RFC,WIP
RH+6AL3000PL,PC,RFC,WIP
RH+6AL3000PS,PC,RFC,WIP
RH+6AL3000SL,PC,RFC,WIP
RH+6AL3000UB,PC,RFC,WIP
RH+6AL3000UL,PC,RFC,WIP
RH+6AL3000US,PC,RFC,WIP
RH+6AP4561CL,PC,RFC,WIP
RH+6AP4561CS,PC,RFC,WIP
RH+6AP4561H,PC,RFC,WIP
RH+6AP4561I,PC,RFC,WIP
RH+6AP4561M,EA,RFC,FG
RH+6AP4561N,PC,RFC,WIP
RH+6AP4561PL,PC,RFC,WIP
RH+6AP4561PS,PC,RFC,WIP
RH+6AP4561SL,PC,RFC,WIP
RH+6AP4561T,PC,RFC,WIP
RH+6AP4561UL,PC,RFC,WIP
RH+6AP4561US,PC,RFC,WIP
RH+6AP5561CS,PC,RFC,WIP
RH+6AP5561M,EA,RFC,FG
RH+6AP5561PS,PC,RFC,WIP
RH+6AP5561SL,PC,RFC,WIP
RH+6AP5561US,PC,RFC,WIP
RH+6APR241CL,PC,RFC,WIP
RH+6APR241CS,PC,RFC,WIP
RH+6APR241M,EA,RFC,FG
RH+6APR241PL,PC,RFC,WIP
RH+6APR241PS,PC,RFC,WIP
RH+6APR241SL,PC,RFC,WIP
RH+6APR241UL,PC,RFC,WIP
RH+6APR241US,PC,RFC,WIP
RH+6AR1000CB,PC,RFC,WIP
RH+6AR1000CL,PC,RFC,WIP
RH+6AR1000CS,PC,RFC,WIP
RH+6AR1000M,EA,RFC,FG
RH+6AR1000PB,PC,RFC,WIP
RH+6AR1000PL,PC,RFC,WIP
RH+6AR1000PS,PC,RFC,WIP
RH+6AR1000SL,PC,RFC,WIP
RH+6AR1000UB,PC,RFC,WIP
RH+6AR1000UL,PC,RFC,WIP
RH+6AR1000US,PC,RFC,WIP
RH+6AR2000CB,PC,RFC,WIP
RH+6AR2000CL,PC,RFC,WIP
RH+6AR2000CS,PC,RFC,WIP
RH+6AR2000M,EA,RFC,FG
RH+6AR2000PB,PC,RFC,WIP
RH+6AR2000PL,PC,RFC,WIP
RH+6AR2000PS,PC,RFC,WIP
RH+6AR2000SL,PC,RFC,WIP
RH+6AR2000UB,PC,RFC,WIP
RH+6AR2000UL,PC,RFC,WIP
RH+6AR2000US,PC,RFC,WIP
RH+6AR3000CB,PC,RFC,WIP
RH+6AR3000CL,PC,RFC,WIP
RH+6AR3000CS,PC,RFC,WIP
RH+6AR3000M,EA,RFC,FG
RH+6AR3000PB,PC,RFC,WIP
RH+6AR3000PL,PC,RFC,WIP
RH+6AR3000PS,PC,RFC,WIP
RH+6AR3000SL,PC,RFC,WIP
RH+6AR3000UB,PC,RFC,WIP
RH+6AR3000UL,PC,RFC,WIP
RH+6AR3000US,PC,RFC,WIP
RH+6ARJP00CL,PC,RFC,WIP
RH+6ARJP00M,EA,RFC,FG
RH+6ARJP00PL,PC,RFC,WIP
RH+6ARJP00SL,PC,RFC,WIP
RH+6ARJP00UL,PC,RFC,WIP
RH+6BLK410CL,PC,RFC,WIP
RH+6BLK410M,EA,RFC,FG
RH+6BLK410PL,PC,RFC,WIP
RH+6BLK410SL,PC,RFC,WIP
RH+6BLK410UL,PC,RFC,WIP
RH+6BPIN00CB,PC,RFC,WIP
RH+6BPIN00CL,PC,RFC,WIP
RH+6BPIN00CS,PC,RFC,WIP
RH+6BPIN00M,EA,RFC,FG
RH+6BPIN00PB,PC,RFC,WIP
RH+6BPIN00PL,PC,RFC,WIP
RH+6BPIN00PS,PC,RFC,WIP
RH+6BPIN00SL,PC,RFC,WIP
RH+6BPIN00UB,PC,RFC,WIP
RH+6BPIN00UL,PC,RFC,WIP
RH+6BPIN00US,PC,RFC,WIP
RH+6BPIR00CB,PC,RFC,WIP
RH+6BPIR00CL,PC,RFC,WIP
RH+6BPIR00CS,PC,RFC,WIP
RH+6BPIR00M,EA,RFC,FG
RH+6BPIR00PB,PC,RFC,WIP
RH+6BPIR00PL,PC,RFC,WIP
RH+6BPIR00PS,PC,RFC,WIP
RH+6BPIR00SL,PC,RFC,WIP
RH+6BPIR00UB,PC,RFC,WIP
RH+6BPIR00UL,PC,RFC,WIP
RH+6BPIR00US,PC,RFC,WIP
RH+6BPJL00CB,PC,RFC,WIP
RH+6BPJL00CL,PC,RFC,WIP
RH+6BPJL00CS,PC,RFC,WIP
RH+6BPJL00M,EA,RFC,FG
RH+6BPJL00PB,PC,RFC,WIP
RH+6BPJL00PL,PC,RFC,WIP
RH+6BPJL00PS,PC,RFC,WIP
RH+6BPJL00SL,PC,RFC,WIP
RH+6BPJL00UB,PC,RFC,WIP
RH+6BPJL00UL,PC,RFC,WIP
RH+6BPJL00US,PC,RFC,WIP
RH+6BPJR00CB,PC,RFC,WIP
RH+6BPJR00CL,PC,RFC,WIP
RH+6BPJR00CS,PC,RFC,WIP
RH+6BPJR00M,EA,RFC,FG
RH+6BPJR00PB,PC,RFC,WIP
RH+6BPJR00PL,PC,RFC,WIP
RH+6BPJR00PS,PC,RFC,WIP
RH+6BPJR00SL,PC,RFC,WIP
RH+6BPJR00UB,PC,RFC,WIP
RH+6BPJR00UL,PC,RFC,WIP
RH+6BPJR00US,PC,RFC,WIP
RH+6CL3500CB,PC,RFC,WIP
RH+6CL3500CL,PC,RFC,WIP
RH+6CL3500CS,PC,RFC,WIP
RH+6CL3500M,EA,RFC,FG
RH+6CL3500PB,PC,RFC,WIP
RH+6CL3500PL,PC,RFC,WIP
RH+6CL3500PS,PC,RFC,WIP
RH+6CL3500SL,PC,RFC,WIP
RH+6CL3500UB,PC,RFC,WIP
RH+6CL3500UL,PC,RFC,WIP
RH+6CL3500US,PC,RFC,WIP
RH+6CL4000CB,PC,RFC,WIP
RH+6CL4000CL,PC,RFC,WIP
RH+6CL4000CS,PC,RFC,WIP
RH+6CL4000M,EA,RFC,FG
RH+6CL4000PB,PC,RFC,WIP
RH+6CL4000PL,PC,RFC,WIP
RH+6CL4000PS,PC,RFC,WIP
RH+6CL4000SL,PC,RFC,WIP
RH+6CL4000UB,PC,RFC,WIP
RH+6CL4000UL,PC,RFC,WIP
RH+6CL4000US,PC,RFC,WIP
RH+6CL4020CL,PC,RFC,WIP
RH+6CL4020M,EA,RFC,FG
RH+6CL4020PL,PC,RFC,WIP
RH+6CL4020SL,PC,RFC,WIP
RH+6CL4020UL,PC,RFC,WIP
RH+6CL4500CL,PC,RFC,WIP
RH+6CL4500M,EA,RFC,FG
RH+6CL4500PL,PC,RFC,WIP
RH+6CL4500SL,PC,RFC,WIP
RH+6CL4500UL,PC,RFC,WIP
RH+6CL5000CB,PC,RFC,WIP
RH+6CL5000CL,PC,RFC,WIP
RH+6CL5000CS,PC,RFC,WIP
RH+6CL5000M,EA,RFC,FG
RH+6CL5000PB,PC,RFC,WIP
RH+6CL5000PL,PC,RFC,WIP
RH+6CL5000PS,PC,RFC,WIP
RH+6CL5000SL,PC,RFC,WIP
RH+6CL5000UB,PC,RFC,WIP
RH+6CL5000UL,PC,RFC,WIP
RH+6CL5000US,PC,RFC,WIP
RH+6CL6000CB,PC,RFC,WIP
RH+6CL6000CL,PC,RFC,WIP
RH+6CL6000CS,PC,RFC,WIP
RH+6CL6000M,EA,RFC,FG
RH+6CL6000PB,PC,RFC,WIP
RH+6CL6000PL,PC,RFC,WIP
RH+6CL6000PS,PC,RFC,WIP
RH+6CL6000SL,PC,RFC,WIP
RH+6CL6000UB,PC,RFC,WIP
RH+6CL6000UL,PC,RFC,WIP
RH+6CL6000US,PC,RFC,WIP
RH+6CR3500CB,PC,RFC,WIP
RH+6CR3500CL,PC,RFC,WIP
RH+6CR3500CS,PC,RFC,WIP
RH+6CR3500M,EA,RFC,FG
RH+6CR3500PB,PC,RFC,WIP
RH+6CR3500PL,PC,RFC,WIP
RH+6CR3500PS,PC,RFC,WIP
RH+6CR3500SL,PC,RFC,WIP
RH+6CR3500UB,PC,RFC,WIP
RH+6CR3500UL,PC,RFC,WIP
RH+6CR3500US,PC,RFC,WIP
RH+6CR4000CB,PC,RFC,WIP
RH+6CR4000CL,PC,RFC,WIP
RH+6CR4000CS,PC,RFC,WIP
RH+6CR4000M,EA,RFC,FG
RH+6CR4000PB,PC,RFC,WIP
RH+6CR4000PL,PC,RFC,WIP
RH+6CR4000PS,PC,RFC,WIP
RH+6CR4000SL,PC,RFC,WIP
RH+6CR4000UB,PC,RFC,WIP
RH+6CR4000UL,PC,RFC,WIP
RH+6CR4000US,PC,RFC,WIP
RH+6CR4020CL,PC,RFC,WIP
RH+6CR4020M,EA,RFC,FG
RH+6CR4020PL,PC,RFC,WIP
RH+6CR4020SL,PC,RFC,WIP
RH+6CR4020UL,PC,RFC,WIP
RH+6CR4500CL,PC,RFC,WIP
RH+6CR4500M,EA,RFC,FG
RH+6CR4500PL,PC,RFC,WIP
RH+6CR4500SL,PC,RFC,WIP
RH+6CR4500UL,PC,RFC,WIP
RH+6CR5000CB,PC,RFC,WIP
RH+6CR5000CL,PC,RFC,WIP
RH+6CR5000CS,PC,RFC,WIP
RH+6CR5000M,EA,RFC,FG
RH+6CR5000PB,PC,RFC,WIP
RH+6CR5000PL,PC,RFC,WIP
RH+6CR5000PS,PC,RFC,WIP
RH+6CR5000SL,PC,RFC,WIP
RH+6CR5000UB,PC,RFC,WIP
RH+6CR5000UL,PC,RFC,WIP
RH+6CR5000US,PC,RFC,WIP
RH+6CR6000CL,PC,RFC,WIP
RH+6CR6000M,EA,RFC,FG
RH+6CR6000PL,PC,RFC,WIP
RH+6CR6000SL,PC,RFC,WIP
RH+6CR6000UL,PC,RFC,WIP
RH+6JL3500CB,PC,RFC,WIP
RH+6JL3500CL,PC,RFC,WIP
RH+6JL3500CS,PC,RFC,WIP
RH+6JL3500M,EA,RFC,FG
RH+6JL3500PB,PC,RFC,WIP
RH+6JL3500PL,PC,RFC,WIP
RH+6JL3500PS,PC,RFC,WIP
RH+6JL3500SL,PC,RFC,WIP
RH+6JL3500UB,PC,RFC,WIP
RH+6JL3500UL,PC,RFC,WIP
RH+6JL3500US,PC,RFC,WIP
RH+6JL4000CB,PC,RFC,WIP
RH+6JL4000CL,PC,RFC,WIP
RH+6JL4000CS,PC,RFC,WIP
RH+6JL4000M,EA,RFC,FG
RH+6JL4000PB,PC,RFC,WIP
RH+6JL4000PL,PC,RFC,WIP
RH+6JL4000PS,PC,RFC,WIP
RH+6JL4000SL,PC,RFC,WIP
RH+6JL4000UB,PC,RFC,WIP
RH+6JL4000UL,PC,RFC,WIP
RH+6JL4000US,PC,RFC,WIP
RH+6JL5000CB,PC,RFC,WIP
RH+6JL5000CL,PC,RFC,WIP
RH+6JL5000CS,PC,RFC,WIP
RH+6JL5000M,EA,RFC,FG
RH+6JL5000PB,PC,RFC,WIP
RH+6JL5000PL,PC,RFC,WIP
RH+6JL5000PS,PC,RFC,WIP
RH+6JL5000SL,PC,RFC,WIP
RH+6JL5000UB,PC,RFC,WIP
RH+6JL5000UL,PC,RFC,WIP
RH+6JL5000US,PC,RFC,WIP
RH+6JR3500CB,PC,RFC,WIP
RH+6JR3500CL,PC,RFC,WIP
RH+6JR3500CS,PC,RFC,WIP
RH+6JR3500M,EA,RFC,FG
RH+6JR3500PB,PC,RFC,WIP
RH+6JR3500PL,PC,RFC,WIP
RH+6JR3500PS,PC,RFC,WIP
RH+6JR3500SL,PC,RFC,WIP
RH+6JR3500UB,PC,RFC,WIP
RH+6JR3500UL,PC,RFC,WIP
RH+6JR3500US,PC,RFC,WIP
RH+6JR4000CB,PC,RFC,WIP
RH+6JR4000CL,PC,RFC,WIP
RH+6JR4000CS,PC,RFC,WIP
RH+6JR4000M,EA,RFC,FG
RH+6JR4000PB,PC,RFC,WIP
RH+6JR4000PL,PC,RFC,WIP
RH+6JR4000PS,PC,RFC,WIP
RH+6JR4000SL,PC,RFC,WIP
RH+6JR4000UB,PC,RFC,WIP
RH+6JR4000UL,PC,RFC,WIP
RH+6JR4000US,PC,RFC,WIP
RH+6JR5000CB,PC,RFC,WIP
RH+6JR5000CL,PC,RFC,WIP
RH+6JR5000CS,PC,RFC,WIP
RH+6JR5000M,EA,RFC,FG
RH+6JR5000PB,PC,RFC,WIP
RH+6JR5000PL,PC,RFC,WIP
RH+6JR5000PS,PC,RFC,WIP
RH+6JR5000SL,PC,RFC,WIP
RH+6JR5000UB,PC,RFC,WIP
RH+6JR5000UL,PC,RFC,WIP
RH+6JR5000US,PC,RFC,WIP
RH+6JR6000CB,PC,RFC,WIP
RH+6JR6000CL,PC,RFC,WIP
RH+6JR6000CS,PC,RFC,WIP
RH+6JR6000M,EA,RFC,FG
RH+6JR6000PB,PC,RFC,WIP
RH+6JR6000PL,PC,RFC,WIP
RH+6JR6000PS,PC,RFC,WIP
RH+6JR6000SL,PC,RFC,WIP
RH+6JR6000UB,PC,RFC,WIP
RH+6JR6000UL,PC,RFC,WIP
RH+6JR6000US,PC,RFC,WIP
RH+6MP2520CB,PC,RFC,WIP
RH+6MP2520CL,PC,RFC,WIP
RH+6MP2520CS,PC,RFC,WIP
RH+6MP2520M,EA,RFC,FG
RH+6MP2520PB,PC,RFC,WIP
RH+6MP2520PL,PC,RFC,WIP
RH+6MP2520PS,PC,RFC,WIP
RH+6MP2520SL,PC,RFC,WIP
RH+6MP2520UB,PC,RFC,WIP
RH+6MP2520UL,PC,RFC,WIP
RH+6MP2520US,PC,RFC,WIP
RH+6MP3020CB,PC,RFC,WIP
RH+6MP3020CL,PC,RFC,WIP
RH+6MP3020CS,PC,RFC,WIP
RH+6MP3020M,EA,RFC,FG
RH+6MP3020PB,PC,RFC,WIP
RH+6MP3020PL,PC,RFC,WIP
RH+6MP3020PS,PC,RFC,WIP
RH+6MP3020SL,PC,RFC,WIP
RH+6MP3020UB,PC,RFC,WIP
RH+6MP3020UL,PC,RFC,WIP
RH+6MP3020US,PC,RFC,WIP
RH+6MP3500CL,PC,RFC,WIP
RH+6MP3500M,EA,RFC,FG
RH+6MP3500PL,PC,RFC,WIP
RH+6MP3500SL,PC,RFC,WIP
RH+6MP3500UL,PC,RFC,WIP
RH+6MP3520CB,PC,RFC,WIP
RH+6MP3520CL,PC,RFC,WIP
RH+6MP3520CS,PC,RFC,WIP
RH+6MP3520M,EA,RFC,FG
RH+6MP3520PB,PC,RFC,WIP
RH+6MP3520PL,PC,RFC,WIP
RH+6MP3520PS,PC,RFC,WIP
RH+6MP3520SL,PC,RFC,WIP
RH+6MP3520UB,PC,RFC,WIP
RH+6MP3520UL,PC,RFC,WIP
RH+6MP3520US,PC,RFC,WIP
RH+6MP4020CB,PC,RFC,WIP
RH+6MP4020CL,PC,RFC,WIP
RH+6MP4020CS,PC,RFC,WIP
RH+6MP4020M,EA,RFC,FG
RH+6MP4020PB,PC,RFC,WIP
RH+6MP4020PL,PC,RFC,WIP
RH+6MP4020PS,PC,RFC,WIP
RH+6MP4020SL,PC,RFC,WIP
RH+6MP4020UB,PC,RFC,WIP
RH+6MP4020UL,PC,RFC,WIP
RH+6MP4020US,PC,RFC,WIP
RH+6SP0061CL,PC,RFC,WIP
RH+6SP0061CS,PC,RFC,WIP
RH+6SP0061M,EA,RFC,FG
RH+6SP0061PL,PC,RFC,WIP
RH+6SP0061PS,PC,RFC,WIP
RH+6SP0061SL,PC,RFC,WIP
RH+6SP0061UL,PC,RFC,WIP
RH+6SP0061US,PC,RFC,WIP
RH+6TIG110CL,PC,RFC,WIP
RH+6TIG110M,EA,RFC,FG
RH+6TIG110PL,PC,RFC,WIP
RH+6TIG110SL,PC,RFC,WIP
RH+6TIG110UL,PC,RFC,WIP
RH+6TR3500CL,PC,RFC,WIP
RH+6TR3500M,EA,RFC,FG
RH+6TR3500PL,PC,RFC,WIP
RH+6TR3500SL,PC,RFC,WIP
RH+6TR3500UL,PC,RFC,WIP
RH+6TR4000CB,PC,RFC,WIP
RH+6TR4000CL,PC,RFC,WIP
RH+6TR4000CS,PC,RFC,WIP
RH+6TR4000M,EA,RFC,FG
RH+6TR4000PB,PC,RFC,WIP
RH+6TR4000PL,PC,RFC,WIP
RH+6TR4000PS,PC,RFC,WIP
RH+6TR4000SL,PC,RFC,WIP
RH+6TR4000UB,PC,RFC,WIP
RH+6TR4000UL,PC,RFC,WIP
RH+6TR4000US,PC,RFC,WIP
RH+6TR5000CL,PC,RFC,WIP
RH+6TR5000M,EA,RFC,FG
RH+6TR5000PL,PC,RFC,WIP
RH+6TR5000SL,PC,RFC,WIP
RH+6TR5000UL,PC,RFC,WIP
RH+AB44108CL,PC,RFC,WIP
RH+AB44108CS,PC,RFC,WIP
RH+AB44108M,EA,RFC,FG
RH+AB44108PL,PC,RFC,WIP
RH+AB44108PS,PC,RFC,WIP
RH+AB44108SL,PC,RFC,WIP
RH+AB44108UL,PC,RFC,WIP
RH+AB44108US,PC,RFC,WIP
RH+AB4410GCL,PC,RFC,WIP
RH+AB4410GCS,PC,RFC,WIP
RH+AB4410GM,EA,RFC,FG
RH+AB4410GPL,PC,RFC,WIP
RH+AB4410GPS,PC,RFC,WIP
RH+AB4410GSL,PC,RFC,WIP
RH+AB4410GUL,PC,RFC,WIP
RH+AB4410GUS,PC,RFC,WIP
RH+AB45108CL,PC,RFC,WIP
RH+AB45108CS,PC,RFC,WIP
RH+AB45108M,EA,RFC,FG
RH+AB45108PL,PC,RFC,WIP
RH+AB45108PS,PC,RFC,WIP
RH+AB45108SL,PC,RFC,WIP
RH+AB45108UL,PC,RFC,WIP
RH+AB45108US,PC,RFC,WIP
RH+AB4510GCL,PC,RFC,WIP
RH+AB4510GCS,PC,RFC,WIP
RH+AB4510GM,EA,RFC,FG
RH+AB4510GPL,PC,RFC,WIP
RH+AB4510GPS,PC,RFC,WIP
RH+AB4510GSL,PC,RFC,WIP
RH+AB4510GUL,PC,RFC,WIP
RH+AB4510GUS,PC,RFC,WIP
RH+AB54108CL,PC,RFC,WIP
RH+AB54108CS,PC,RFC,WIP
RH+AB54108M,EA,RFC,FG
RH+AB54108PL,PC,RFC,WIP
RH+AB54108PS,PC,RFC,WIP
RH+AB54108SL,PC,RFC,WIP
RH+AB54108UL,PC,RFC,WIP
RH+AB54108US,PC,RFC,WIP
RH+AB5410GCL,PC,RFC,WIP
RH+AB5410GCS,PC,RFC,WIP
RH+AB5410GM,EA,RFC,FG
RH+AB5410GPL,PC,RFC,WIP
RH+AB5410GPS,PC,RFC,WIP
RH+AB5410GSL,PC,RFC,WIP
RH+AB5410GUL,PC,RFC,WIP
RH+AB5410GUS,PC,RFC,WIP
RH+AB55108CL,PC,RFC,WIP
RH+AB55108CS,PC,RFC,WIP
RH+AB55108M,EA,RFC,FG
RH+AB55108PL,PC,RFC,WIP
RH+AB55108PS,PC,RFC,WIP
RH+AB55108SL,PC,RFC,WIP
RH+AB55108UL,PC,RFC,WIP
RH+AB55108US,PC,RFC,WIP
RH+AB5510GCL,PC,RFC,WIP
RH+AB5510GCS,PC,RFC,WIP
RH+AB5510GM,EA,RFC,FG
RH+AB5510GPL,PC,RFC,WIP
RH+AB5510GPS,PC,RFC,WIP
RH+AB5510GSL,PC,RFC,WIP
RH+AB5510GUL,PC,RFC,WIP
RH+AB5510GUS,PC,RFC,WIP
RH+AB64108CL,PC,RFC,WIP
RH+AB64108CS,PC,RFC,WIP
RH+AB64108M,EA,RFC,FG
RH+AB64108PL,PC,RFC,WIP
RH+AB64108PS,PC,RFC,WIP
RH+AB64108SL,PC,RFC,WIP
RH+AB64108UL,PC,RFC,WIP
RH+AB64108US,PC,RFC,WIP
RH+AB65108CL,PC,RFC,WIP
RH+AB65108CS,PC,RFC,WIP
RH+AB65108M,EA,RFC,FG
RH+AB65108PL,PC,RFC,WIP
RH+AB65108PS,PC,RFC,WIP
RH+AB65108SL,PC,RFC,WIP
RH+AB65108UL,PC,RFC,WIP
RH+AB65108US,PC,RFC,WIP
RH+AC3510GCL,PC,RFC,WIP
RH+AC3510GCS,PC,RFC,WIP
RH+AC3510GM,EA,RFC,FG
RH+AC3510GPL,PC,RFC,WIP
RH+AC3510GPS,PC,RFC,WIP
RH+AC3510GSL,PC,RFC,WIP
RH+AC3510GUL,PC,RFC,WIP
RH+AC3510GUS,PC,RFC,WIP
RH+AC4410GCL,PC,RFC,WIP
RH+AC4410GCS,PC,RFC,WIP
RH+AC4410GM,EA,RFC,FG
RH+AC4410GPL,PC,RFC,WIP
RH+AC4410GPS,PC,RFC,WIP
RH+AC4410GSL,PC,RFC,WIP
RH+AC4410GUL,PC,RFC,WIP
RH+AC4410GUS,PC,RFC,WIP
RH+AC4510GCL,PC,RFC,WIP
RH+AC4510GM,EA,RFC,FG
RH+AC4510GPL,PC,RFC,WIP
RH+AC4510GSL,PC,RFC,WIP
RH+AC4510GUL,PC,RFC,WIP
RH+AD44108CL,PC,RFC,WIP
RH+AD44108CS,PC,RFC,WIP
RH+AD44108M,EA,RFC,FG
RH+AD44108PL,PC,RFC,WIP
RH+AD44108PS,PC,RFC,WIP
RH+AD44108SL,PC,RFC,WIP
RH+AD44108UL,PC,RFC,WIP
RH+AD44108US,PC,RFC,WIP
RH+AD4410GCL,PC,RFC,WIP
RH+AD4410GCS,PC,RFC,WIP
RH+AD4410GM,EA,RFC,FG
RH+AD4410GPL,PC,RFC,WIP
RH+AD4410GPS,PC,RFC,WIP
RH+AD4410GSL,PC,RFC,WIP
RH+AD4410GUL,PC,RFC,WIP
RH+AD4410GUS,PC,RFC,WIP
RH+AD5410GCL,PC,RFC,WIP
RH+AD5410GCS,PC,RFC,WIP
RH+AD5410GM,EA,RFC,FG
RH+AD5410GPL,PC,RFC,WIP
RH+AD5410GPS,PC,RFC,WIP
RH+AD5410GSL,PC,RFC,WIP
RH+AD5410GUL,PC,RFC,WIP
RH+AD5410GUS,PC,RFC,WIP
RH+AD5510GCL,PC,RFC,WIP
RH+AD5510GM,EA,RFC,FG
RH+AD5510GPL,PC,RFC,WIP
RH+AD5510GSL,PC,RFC,WIP
RH+AD5510GUL,PC,RFC,WIP
RH+AD6410GCL,PC,RFC,WIP
RH+AD6410GCS,PC,RFC,WIP
RH+AD6410GM,EA,RFC,FG
RH+AD6410GPL,PC,RFC,WIP
RH+AD6410GPS,PC,RFC,WIP
RH+AD6410GSL,PC,RFC,WIP
RH+AD6410GUL,PC,RFC,WIP
RH+AD6410GUS,PC,RFC,WIP
RH+AD6510GCL,PC,RFC,WIP
RH+AD6510GCS,PC,RFC,WIP
RH+AD6510GM,EA,RFC,FG
RH+AD6510GPL,PC,RFC,WIP
RH+AD6510GPS,PC,RFC,WIP
RH+AD6510GSL,PC,RFC,WIP
RH+AD6510GUL,PC,RFC,WIP
RH+AD6510GUS,PC,RFC,WIP
RH+AE44108CL,PC,RFC,WIP
RH+AE44108M,EA,RFC,FG
RH+AE44108PL,PC,RFC,WIP
RH+AE44108SL,PC,RFC,WIP
RH+AE44108UL,PC,RFC,WIP
RH+AE4410GCL,PC,RFC,WIP
RH+AE4410GM,EA,RFC,FG
RH+AE4410GPL,PC,RFC,WIP
RH+AE4410GSL,PC,RFC,WIP
RH+AE4410GUL,PC,RFC,WIP
RH+AE4510GCL,PC,RFC,WIP
RH+AE4510GM,EA,RFC,FG
RH+AE4510GPL,PC,RFC,WIP
RH+AE4510GSL,PC,RFC,WIP
RH+AE4510GUL,PC,RFC,WIP
RH+AE55108CL,PC,RFC,WIP
RH+AE55108M,EA,RFC,FG
RH+AE55108PL,PC,RFC,WIP
RH+AE55108SL,PC,RFC,WIP
RH+AE55108UL,PC,RFC,WIP
RH+AED510GCL,PC,RFC,WIP
RH+AED510GM,EA,RFC,FG
RH+AED510GPL,PC,RFC,WIP
RH+AED510GSL,PC,RFC,WIP
RH+AED510GUL,PC,RFC,WIP
RH+AF15110CL,PC,RFC,WIP
RH+AF15110M,EA,RFC,FG
RH+AF15110PL,PC,RFC,WIP
RH+AF15110SL,PC,RFC,WIP
RH+AF15110UL,PC,RFC,WIP
RH+AG34108CL,PC,RFC,WIP
RH+AG34108CS,PC,RFC,WIP
RH+AG34108M,EA,RFC,FG
RH+AG34108PL,PC,RFC,WIP
RH+AG34108PS,PC,RFC,WIP
RH+AG34108SL,PC,RFC,WIP
RH+AG34108UL,PC,RFC,WIP
RH+AG34108US,PC,RFC,WIP
RH+AG94107CL,PC,RFC,WIP
RH+AG94107CS,PC,RFC,WIP
RH+AG94107M,EA,RFC,FG
RH+AG94107PL,PC,RFC,WIP
RH+AG94107PS,PC,RFC,WIP
RH+AG94107SL,PC,RFC,WIP
RH+AG94107UL,PC,RFC,WIP
RH+AG94107US,PC,RFC,WIP
RH+AG95107CL,PC,RFC,WIP
RH+AG95107CS,PC,RFC,WIP
RH+AG95107M,EA,RFC,FG
RH+AG95107PL,PC,RFC,WIP
RH+AG95107PS,PC,RFC,WIP
RH+AG95107SL,PC,RFC,WIP
RH+AG95107UL,PC,RFC,WIP
RH+AG95107US,PC,RFC,WIP
RH+AGF4108CL,PC,RFC,WIP
RH+AGF4108CS,PC,RFC,WIP
RH+AGF4108M,EA,RFC,FG
RH+AGF4108PL,PC,RFC,WIP
RH+AGF4108PS,PC,RFC,WIP
RH+AGF4108SL,PC,RFC,WIP
RH+AGF4108UL,PC,RFC,WIP
RH+AGF4108US,PC,RFC,WIP
RH+AUB5108CL,PC,RFC,WIP
RH+AUB5108M,EA,RFC,FG
RH+AUB5108PL,PC,RFC,WIP
RH+AUB5108SL,PC,RFC,WIP
RH+AUB5108UL,PC,RFC,WIP
RH+BA14110CL,PC,RFC,WIP
RH+BA14110CS,PC,RFC,WIP
RH+BA14110M,EA,RFC,FG
RH+BA14110PL,PC,RFC,WIP
RH+BA14110PS,PC,RFC,WIP
RH+BA14110SL,PC,RFC,WIP
RH+BA14110UL,PC,RFC,WIP
RH+BA14110US,PC,RFC,WIP
RH+BA15110CL,PC,RFC,WIP
RH+BA15110M,EA,RFC,FG
RH+BA15110PL,PC,RFC,WIP
RH+BA15110SL,PC,RFC,WIP
RH+BA15110UL,PC,RFC,WIP
RH+BA24110CL,PC,RFC,WIP
RH+BA24110CS,PC,RFC,WIP
RH+BA24110M,EA,RFC,FG
RH+BA24110PL,PC,RFC,WIP
RH+BA24110PS,PC,RFC,WIP
RH+BA24110SL,PC,RFC,WIP
RH+BA24110UL,PC,RFC,WIP
RH+BA24110US,PC,RFC,WIP
RH+BA25110CL,PC,RFC,WIP
RH+BA25110M,EA,RFC,FG
RH+BA25110PL,PC,RFC,WIP
RH+BA25110SL,PC,RFC,WIP
RH+BA25110UL,PC,RFC,WIP
RH+BA34110CL,PC,RFC,WIP
RH+BA34110CS,PC,RFC,WIP
RH+BA34110M,EA,RFC,FG
RH+BA34110PL,PC,RFC,WIP
RH+BA34110PS,PC,RFC,WIP
RH+BA34110SL,PC,RFC,WIP
RH+BA34110UL,PC,RFC,WIP
RH+BA34110US,PC,RFC,WIP
RH+BA35110CL,PC,RFC,WIP
RH+BA35110M,EA,RFC,FG
RH+BA35110PL,PC,RFC,WIP
RH+BA35110SL,PC,RFC,WIP
RH+BA35110UL,PC,RFC,WIP
RH+BB14110CL,PC,RFC,WIP
RH+BB14110CS,PC,RFC,WIP
RH+BB14110M,EA,RFC,FG
RH+BB14110PL,PC,RFC,WIP
RH+BB14110PS,PC,RFC,WIP
RH+BB14110SL,PC,RFC,WIP
RH+BB14110UL,PC,RFC,WIP
RH+BB14110US,PC,RFC,WIP
RH+BB15110CL,PC,RFC,WIP
RH+BB15110M,EA,RFC,FG
RH+BB15110PL,PC,RFC,WIP
RH+BB15110SL,PC,RFC,WIP
RH+BB15110UL,PC,RFC,WIP
RH+BB24110CL,PC,RFC,WIP
RH+BB24110CS,PC,RFC,WIP
RH+BB24110M,EA,RFC,FG
RH+BB24110PL,PC,RFC,WIP
RH+BB24110PS,PC,RFC,WIP
RH+BB24110SL,PC,RFC,WIP
RH+BB24110UL,PC,RFC,WIP
RH+BB24110US,PC,RFC,WIP
RH+BB25110CL,PC,RFC,WIP
RH+BB25110M,EA,RFC,FG
RH+BB25110PL,PC,RFC,WIP
RH+BB25110SL,PC,RFC,WIP
RH+BB25110UL,PC,RFC,WIP
RH+BC14110CL,PC,RFC,WIP
RH+BC14110M,EA,RFC,FG
RH+BC14110PL,PC,RFC,WIP
RH+BC14110SL,PC,RFC,WIP
RH+BC14110UL,PC,RFC,WIP
RH+BE14110CL,PC,RFC,WIP
RH+BE14110CS,PC,RFC,WIP
RH+BE14110M,EA,RFC,FG
RH+BE14110PL,PC,RFC,WIP
RH+BE14110PS,PC,RFC,WIP
RH+BE14110SL,PC,RFC,WIP
RH+BE14110UL,PC,RFC,WIP
RH+BE14110US,PC,RFC,WIP
RH+BE15110CL,PC,RFC,WIP
RH+BE15110M,EA,RFC,FG
RH+BE15110PL,PC,RFC,WIP
RH+BE15110SL,PC,RFC,WIP
RH+BE15110UL,PC,RFC,WIP
RH+BE24110CL,PC,RFC,WIP
RH+BE24110CS,PC,RFC,WIP
RH+BE24110M,EA,RFC,FG
RH+BE24110PL,PC,RFC,WIP
RH+BE24110PS,PC,RFC,WIP
RH+BE24110SL,PC,RFC,WIP
RH+BE24110UL,PC,RFC,WIP
RH+BE24110US,PC,RFC,WIP
RH+BG14110CL,PC,RFC,WIP
RH+BG14110M,EA,RFC,FG
RH+BG14110PL,PC,RFC,WIP
RH+BG14110SL,PC,RFC,WIP
RH+BG14110UL,PC,RFC,WIP
RH+BG15110CL,PC,RFC,WIP
RH+BG15110M,EA,RFC,FG
RH+BG15110PL,PC,RFC,WIP
RH+BG15110SL,PC,RFC,WIP
RH+BG15110UL,PC,RFC,WIP
RH+BH14110CL,PC,RFC,WIP
RH+BH14110CS,PC,RFC,WIP
RH+BH14110M,EA,RFC,FG
RH+BH14110PL,PC,RFC,WIP
RH+BH14110PS,PC,RFC,WIP
RH+BH14110SL,PC,RFC,WIP
RH+BH14110UL,PC,RFC,WIP
RH+BH14110US,PC,RFC,WIP
RH+BH15110CL,PC,RFC,WIP
RH+BH15110M,EA,RFC,FG
RH+BH15110PL,PC,RFC,WIP
RH+BH15110SL,PC,RFC,WIP
RH+BH15110UL,PC,RFC,WIP
RH+BR75100CL,PC,RFC,WIP
RH+BR75100M,EA,RFC,FG
RH+BR75100PL,PC,RFC,WIP
RH+BR75100SL,PC,RFC,WIP
RH+BR75100UL,PC,RFC,WIP
RH+BR95100CL,PC,RFC,WIP
RH+BR95100M,EA,RFC,FG
RH+BR95100PL,PC,RFC,WIP
RH+BR95100SL,PC,RFC,WIP
RH+BR95100UL,PC,RFC,WIP
RHC4AL1000,PC,RFC,WIP
RHC4AL1000A,PC,RFC,WIP
RHC4AL1000K,PC,RFC,WIP
RHC4AL2000,PC,RFC,WIP
RHC4AL2000A,PC,RFC,WIP
RHC4AL2000K,PC,RFC,WIP
RHC4AL3000,PC,RFC,WIP
RHC4AL3000A,PC,RFC,WIP
RHC4AL3000K,PC,RFC,WIP
RHC4AP4561,PC,RFC,WIP
RHC4AP4561A,PC,RFC,WIP
RHC4AP4561C,PC,RFC,WIP
RHC4AP4561K,PC,RFC,WIP
RHC4AP5561,PC,RFC,WIP
RHC4AP5561A,PC,RFC,WIP
RHC4AP5561C,PC,RFC,WIP
RHC4AP5561K,PC,RFC,WIP
RHC4AP5561V,PC,RFC,WIP
RHC4APR241,PC,RFC,WIP
RHC4APR241C,PC,RFC,WIP
RHC4APR241K,PC,RFC,WIP
RHC4AR1000,PC,RFC,WIP
RHC4AR1000A,PC,RFC,WIP
RHC4AR1000K,PC,RFC,WIP
RHC4AR2000,PC,RFC,WIP
RHC4AR2000A,PC,RFC,WIP
RHC4AR2000K,PC,RFC,WIP
RHC4ARJP00,PC,RFC,WIP
RHC4ARJP00A,PC,RFC,WIP
RHC4ARJP00K,PC,RFC,WIP
RHC4BPIN00,PC,RFC,WIP
RHC4BPIN00A,PC,RFC,WIP
RHC4BPIN00K,PC,RFC,WIP
RHC4BPJP00,PC,RFC,WIP
RHC4BPJP00A,PC,RFC,WIP
RHC4BPJP00K,PC,RFC,WIP
RHC4CL3500,PC,RFC,WIP
RHC4CL3500A,PC,RFC,WIP
RHC4CL3500K,PC,RFC,WIP
RHC4CL4000,PC,RFC,WIP
RHC4CL4000A,PC,RFC,WIP
RHC4CL4000K,PC,RFC,WIP
RHC4CL5000,PC,RFC,WIP
RHC4CL5000A,PC,RFC,WIP
RHC4CL5000K,PC,RFC,WIP
RHC4CR3500,PC,RFC,WIP
RHC4CR3500A,PC,RFC,WIP
RHC4CR3500K,PC,RFC,WIP
RHC4CR4000,PC,RFC,WIP
RHC4CR4000A,PC,RFC,WIP
RHC4CR4000K,PC,RFC,WIP
RHC4CR5000,PC,RFC,WIP
RHC4CR5000A,PC,RFC,WIP
RHC4CR5000K,PC,RFC,WIP
RHC4JL3500,PC,RFC,WIP
RHC4JL3500A,PC,RFC,WIP
RHC4JL3500K,PC,RFC,WIP
RHC4JL4000,PC,RFC,WIP
RHC4JL4000A,PC,RFC,WIP
RHC4JL4000K,PC,RFC,WIP
RHC4JR3500,PC,RFC,WIP
RHC4JR3500A,PC,RFC,WIP
RHC4JR3500K,PC,RFC,WIP
RHC4JR4000,PC,RFC,WIP
RHC4JR4000A,PC,RFC,WIP
RHC4JR4000K,PC,RFC,WIP
RHC4MP2520,PC,RFC,WIP
RHC4MP2520A,PC,RFC,WIP
RHC4MP2520K,PC,RFC,WIP
RHC4MP2528,PC,RFC,WIP
RHC4MP2528A,PC,RFC,WIP
RHC4MP2528K,PC,RFC,WIP
RHC4MP3020,PC,RFC,WIP
RHC4MP3020A,PC,RFC,WIP
RHC4MP3020K,PC,RFC,WIP
RHC4MP3028,PC,RFC,WIP
RHC4MP3028A,PC,RFC,WIP
RHC4MP3028K,PC,RFC,WIP
RHC4MP3520,PC,RFC,WIP
RHC4MP3520A,PC,RFC,WIP
RHC4MP3520K,PC,RFC,WIP
RHC4MP3521,PC,RFC,WIP
RHC4MP3521K,PC,RFC,WIP
RHC4MP4020,PC,RFC,WIP
RHC4MP4020A,PC,RFC,WIP
RHC4MP4020K,PC,RFC,WIP
RHC4PR2008,PC,RFC,WIP
RHC4PR2008A,PC,RFC,WIP
RHC4PR2008K,PC,RFC,WIP
RHC4PR2508,PC,RFC,WIP
RHC4PR2508A,PC,RFC,WIP
RHC4PR2508K,PC,RFC,WIP
RHC4SP0061,PC,RFC,WIP
RHC4SP0061A,PC,RFC,WIP
RHC4SP0061C,PC,RFC,WIP
RHC4SP0061K,PC,RFC,WIP
RHC4SP0068,PC,RFC,WIP
RHC4SP0068A,PC,RFC,WIP
RHC4SP0068C,PC,RFC,WIP
RHC4SP0068K,PC,RFC,WIP
RHC4SP0069,PC,RFC,WIP
RHC4SP0069K,PC,RFC,WIP
RHC4SP006G,PC,RFC,WIP
RHC4SP006GA,PC,RFC,WIP
RHC4SP006GK,PC,RFC,WIP
RHC4ST0109,PC,RFC,WIP
RHC4ST0109K,PC,RFC,WIP
RHC4ST0161,PC,RFC,WIP
RHC4ST0161K,PC,RFC,WIP
RHC4ST016G,PC,RFC,WIP
RHC4ST016GK,PC,RFC,WIP
RHC5AL1000,PC,RFC,WIP
RHC5AL1000A,PC,RFC,WIP
RHC5AL1000K,PC,RFC,WIP
RHC5AL2000,PC,RFC,WIP
RHC5AL2000A,PC,RFC,WIP
RHC5AL2000K,PC,RFC,WIP
RHC5AL3000,PC,RFC,WIP
RHC5AL3000A,PC,RFC,WIP
RHC5AL3000K,PC,RFC,WIP
RHC5AP4561,PC,RFC,WIP
RHC5AP4561K,PC,RFC,WIP
RHC5AP5561,PC,RFC,WIP
RHC5AP5561K,PC,RFC,WIP
RHC5APR241,PC,RFC,WIP
RHC5APR241K,PC,RFC,WIP
RHC5AR1000,PC,RFC,WIP
RHC5AR1000A,PC,RFC,WIP
RHC5AR1000K,PC,RFC,WIP
RHC5AR2000,PC,RFC,WIP
RHC5AR2000A,PC,RFC,WIP
RHC5AR2000K,PC,RFC,WIP
RHC5AR3000,PC,RFC,WIP
RHC5AR3000A,PC,RFC,WIP
RHC5AR3000K,PC,RFC,WIP
RHC5ARJP00,PC,RFC,WIP
RHC5ARJP00A,PC,RFC,WIP
RHC5ARJP00K,PC,RFC,WIP
RHC5BL3520,PC,RFC,WIP
RHC5BL3520A,PC,RFC,WIP
RHC5BL3520K,PC,RFC,WIP
RHC5BL4020,PC,RFC,WIP
RHC5BL4020A,PC,RFC,WIP
RHC5BL4020K,PC,RFC,WIP
RHC5BLK410,PC,RFC,WIP
RHC5BLK410A,PC,RFC,WIP
RHC5BLK410K,PC,RFC,WIP
RHC5BLK411,PC,RFC,WIP
RHC5BLK411K,PC,RFC,WIP
RHC5BPIM00,PC,RFC,WIP
RHC5BPIM00A,PC,RFC,WIP
RHC5BPIM00K,PC,RFC,WIP
RHC5BPIN00,PC,RFC,WIP
RHC5BPIN00A,PC,RFC,WIP
RHC5BPIN00K,PC,RFC,WIP
RHC5BPIR00,PC,RFC,WIP
RHC5BPIR00A,PC,RFC,WIP
RHC5BPIR00K,PC,RFC,WIP
RHC5BPJL00,PC,RFC,WIP
RHC5BPJL00A,PC,RFC,WIP
RHC5BPJL00K,PC,RFC,WIP
RHC5BPJP00,PC,RFC,WIP
RHC5BPJP00A,PC,RFC,WIP
RHC5BPJP00K,PC,RFC,WIP
RHC5BPJR00,PC,RFC,WIP
RHC5BPJR00A,PC,RFC,WIP
RHC5BPJR00K,PC,RFC,WIP
RHC5BPRB01,PC,RFC,WIP
RHC5BPRB01K,PC,RFC,WIP
RHC5BU3500,PC,RFC,WIP
RHC5BU3500A,PC,RFC,WIP
RHC5BU3500K,PC,RFC,WIP
RHC5CAS100,PC,RFC,WIP
RHC5CAS100A,PC,RFC,WIP
RHC5CAS100K,PC,RFC,WIP
RHC5CL3500,PC,RFC,WIP
RHC5CL3500A,PC,RFC,WIP
RHC5CL3500K,PC,RFC,WIP
RHC5CL4000,PC,RFC,WIP
RHC5CL4000A,PC,RFC,WIP
RHC5CL4000K,PC,RFC,WIP
RHC5CL4001,PC,RFC,WIP
RHC5CL4001K,PC,RFC,WIP
RHC5CL4500,PC,RFC,WIP
RHC5CL4500A,PC,RFC,WIP
RHC5CL4500K,PC,RFC,WIP
RHC5CL5000,PC,RFC,WIP
RHC5CL5000A,PC,RFC,WIP
RHC5CL5000K,PC,RFC,WIP
RHC5CL5001,PC,RFC,WIP
RHC5CL5001K,PC,RFC,WIP
RHC5CL6000,PC,RFC,WIP
RHC5CL6000A,PC,RFC,WIP
RHC5CL6000K,PC,RFC,WIP
RHC5CL6001,PC,RFC,WIP
RHC5CL6001K,PC,RFC,WIP
RHC5CR3500,PC,RFC,WIP
RHC5CR3500A,PC,RFC,WIP
RHC5CR3500K,PC,RFC,WIP
RHC5CR3521,PC,RFC,WIP
RHC5CR3521K,PC,RFC,WIP
RHC5CR3528,PC,RFC,WIP
RHC5CR3528A,PC,RFC,WIP
RHC5CR3528K,PC,RFC,WIP
RHC5CR4000,PC,RFC,WIP
RHC5CR4000A,PC,RFC,WIP
RHC5CR4000K,PC,RFC,WIP
RHC5CR4001,PC,RFC,WIP
RHC5CR4001K,PC,RFC,WIP
RHC5CR4500,PC,RFC,WIP
RHC5CR4500A,PC,RFC,WIP
RHC5CR4500K,PC,RFC,WIP
RHC5CR5000,PC,RFC,WIP
RHC5CR5000A,PC,RFC,WIP
RHC5CR5000K,PC,RFC,WIP
RHC5FJ1000,PC,RFC,WIP
RHC5FJ1000A,PC,RFC,WIP
RHC5FJ1000K,PC,RFC,WIP
RHC5JL3500,PC,RFC,WIP
RHC5JL3500A,PC,RFC,WIP
RHC5JL3500K,PC,RFC,WIP
RHC5JL4000,PC,RFC,WIP
RHC5JL4000A,PC,RFC,WIP
RHC5JL4000K,PC,RFC,WIP
RHC5JL5000,PC,RFC,WIP
RHC5JL5000A,PC,RFC,WIP
RHC5JL5000K,PC,RFC,WIP
RHC5JR3500,PC,RFC,WIP
RHC5JR3500A,PC,RFC,WIP
RHC5JR3500K,PC,RFC,WIP
RHC5JR4000,PC,RFC,WIP
RHC5JR4000A,PC,RFC,WIP
RHC5JR4000K,PC,RFC,WIP
RHC5JR5000,PC,RFC,WIP
RHC5JR5000A,PC,RFC,WIP
RHC5JR5000K,PC,RFC,WIP
RHC5JR6000,PC,RFC,WIP
RHC5JR6000A,PC,RFC,WIP
RHC5JR6000K,PC,RFC,WIP
RHC5MP2520,PC,RFC,WIP
RHC5MP2520A,PC,RFC,WIP
RHC5MP2520K,PC,RFC,WIP
RHC5MP2528,PC,RFC,WIP
RHC5MP2528A,PC,RFC,WIP
RHC5MP2528K,PC,RFC,WIP
RHC5MP3020,PC,RFC,WIP
RHC5MP3020A,PC,RFC,WIP
RHC5MP3020K,PC,RFC,WIP
RHC5MP3500,PC,RFC,WIP
RHC5MP3500A,PC,RFC,WIP
RHC5MP3500K,PC,RFC,WIP
RHC5MP3520,PC,RFC,WIP
RHC5MP3520A,PC,RFC,WIP
RHC5MP3520K,PC,RFC,WIP
RHC5MP4001,PC,RFC,WIP
RHC5MP4001K,PC,RFC,WIP
RHC5MP4020,PC,RFC,WIP
RHC5MP4020A,PC,RFC,WIP
RHC5MP4020K,PC,RFC,WIP
RHC5SP0061,PC,RFC,WIP
RHC5SP0061K,PC,RFC,WIP
RHC5SP0068,PC,RFC,WIP
RHC5SP0068K,PC,RFC,WIP
RHC5SP006G,PC,RFC,WIP
RHC5SP006GK,PC,RFC,WIP
RHC5TIG110,PC,RFC,WIP
RHC5TIG110A,PC,RFC,WIP
RHC5TIG110K,PC,RFC,WIP
RHC5TIG111,PC,RFC,WIP
RHC5TIG111K,PC,RFC,WIP
RHC5TR3510,PC,RFC,WIP
RHC5TR3510A,PC,RFC,WIP
RHC5TR3510K,PC,RFC,WIP
RHC5TR4000,PC,RFC,WIP
RHC5TR4000A,PC,RFC,WIP
RHC5TR4000K,PC,RFC,WIP
RHC5TR4001,PC,RFC,WIP
RHC5TR4001K,PC,RFC,WIP
RHC5TR4010,PC,RFC,WIP
RHC5TR4010A,PC,RFC,WIP
RHC5TR4010K,PC,RFC,WIP
RHC5TR4500,PC,RFC,WIP
RHC5TR4500A,PC,RFC,WIP
RHC5TR4500K,PC,RFC,WIP
RHC5TR5000,PC,RFC,WIP
RHC5TR5000A,PC,RFC,WIP
RHC5TR5000K,PC,RFC,WIP
RHC5TR5001,PC,RFC,WIP
RHC5TR5001K,PC,RFC,WIP
RHC6AL1000,PC,RFC,WIP
RHC6AL1000A,PC,RFC,WIP
RHC6AL1000B,PC,RFC,WIP
RHC6AL1000K,PC,RFC,WIP
RHC6AL2000,PC,RFC,WIP
RHC6AL2000A,PC,RFC,WIP
RHC6AL2000B,PC,RFC,WIP
RHC6AL2000K,PC,RFC,WIP
RHC6AL3000,PC,RFC,WIP
RHC6AL3000A,PC,RFC,WIP
RHC6AL3000B,PC,RFC,WIP
RHC6AL3000K,PC,RFC,WIP
RHC6AP4561,PC,RFC,WIP
RHC6AP4561C,PC,RFC,WIP
RHC6AP4561K,PC,RFC,WIP
RHC6AP5561,PC,RFC,WIP
RHC6AP5561C,PC,RFC,WIP
RHC6AP5561K,PC,RFC,WIP
RHC6APR241,PC,RFC,WIP
RHC6APR241C,PC,RFC,WIP
RHC6APR241K,PC,RFC,WIP
RHC6AR1000,PC,RFC,WIP
RHC6AR1000A,PC,RFC,WIP
RHC6AR1000B,PC,RFC,WIP
RHC6AR1000K,PC,RFC,WIP
RHC6AR2000,PC,RFC,WIP
RHC6AR2000A,PC,RFC,WIP
RHC6AR2000B,PC,RFC,WIP
RHC6AR2000K,PC,RFC,WIP
RHC6AR3000,PC,RFC,WIP
RHC6AR3000A,PC,RFC,WIP
RHC6AR3000B,PC,RFC,WIP
RHC6AR3000K,PC,RFC,WIP
RHC6ARJP00,PC,RFC,WIP
RHC6ARJP00A,PC,RFC,WIP
RHC6ARJP00K,PC,RFC,WIP
RHC6BLK410,PC,RFC,WIP
RHC6BLK410A,PC,RFC,WIP
RHC6BLK410K,PC,RFC,WIP
RHC6BPIN00,PC,RFC,WIP
RHC6BPIN00A,PC,RFC,WIP
RHC6BPIN00B,PC,RFC,WIP
RHC6BPIN00K,PC,RFC,WIP
RHC6BPIR00,PC,RFC,WIP
RHC6BPIR00A,PC,RFC,WIP
RHC6BPIR00B,PC,RFC,WIP
RHC6BPIR00K,PC,RFC,WIP
RHC6BPJL00,PC,RFC,WIP
RHC6BPJL00A,PC,RFC,WIP
RHC6BPJL00B,PC,RFC,WIP
RHC6BPJL00K,PC,RFC,WIP
RHC6BPJR00,PC,RFC,WIP
RHC6BPJR00A,PC,RFC,WIP
RHC6BPJR00B,PC,RFC,WIP
RHC6BPJR00K,PC,RFC,WIP
RHC6CL3500,PC,RFC,WIP
RHC6CL3500A,PC,RFC,WIP
RHC6CL3500B,PC,RFC,WIP
RHC6CL3500K,PC,RFC,WIP
RHC6CL4000,PC,RFC,WIP
RHC6CL4000A,PC,RFC,WIP
RHC6CL4000B,PC,RFC,WIP
RHC6CL4000K,PC,RFC,WIP
RHC6CL4020,PC,RFC,WIP
RHC6CL4020A,PC,RFC,WIP
RHC6CL4020K,PC,RFC,WIP
RHC6CL4500,PC,RFC,WIP
RHC6CL4500A,PC,RFC,WIP
RHC6CL4500K,PC,RFC,WIP
RHC6CL5000,PC,RFC,WIP
RHC6CL5000A,PC,RFC,WIP
RHC6CL5000B,PC,RFC,WIP
RHC6CL5000K,PC,RFC,WIP
RHC6CL6000,PC,RFC,WIP
RHC6CL6000A,PC,RFC,WIP
RHC6CL6000B,PC,RFC,WIP
RHC6CL6000K,PC,RFC,WIP
RHC6CR3500,PC,RFC,WIP
RHC6CR3500A,PC,RFC,WIP
RHC6CR3500B,PC,RFC,WIP
RHC6CR3500K,PC,RFC,WIP
RHC6CR4000,PC,RFC,WIP
RHC6CR4000A,PC,RFC,WIP
RHC6CR4000B,PC,RFC,WIP
RHC6CR4000K,PC,RFC,WIP
RHC6CR4020,PC,RFC,WIP
RHC6CR4020A,PC,RFC,WIP
RHC6CR4020K,PC,RFC,WIP
RHC6CR4500,PC,RFC,WIP
RHC6CR4500A,PC,RFC,WIP
RHC6CR4500K,PC,RFC,WIP
RHC6CR5000,PC,RFC,WIP
RHC6CR5000A,PC,RFC,WIP
RHC6CR5000B,PC,RFC,WIP
RHC6CR5000K,PC,RFC,WIP
RHC6CR6000,PC,RFC,WIP
RHC6CR6000A,PC,RFC,WIP
RHC6CR6000K,PC,RFC,WIP
RHC6JL3500,PC,RFC,WIP
RHC6JL3500A,PC,RFC,WIP
RHC6JL3500B,PC,RFC,WIP
RHC6JL3500K,PC,RFC,WIP
RHC6JL4000,PC,RFC,WIP
RHC6JL4000A,PC,RFC,WIP
RHC6JL4000B,PC,RFC,WIP
RHC6JL4000K,PC,RFC,WIP
RHC6JL5000,PC,RFC,WIP
RHC6JL5000A,PC,RFC,WIP
RHC6JL5000B,PC,RFC,WIP
RHC6JL5000K,PC,RFC,WIP
RHC6JR3500,PC,RFC,WIP
RHC6JR3500A,PC,RFC,WIP
RHC6JR3500B,PC,RFC,WIP
RHC6JR3500K,PC,RFC,WIP
RHC6JR4000,PC,RFC,WIP
RHC6JR4000A,PC,RFC,WIP
RHC6JR4000B,PC,RFC,WIP
RHC6JR4000K,PC,RFC,WIP
RHC6JR5000,PC,RFC,WIP
RHC6JR5000A,PC,RFC,WIP
RHC6JR5000B,PC,RFC,WIP
RHC6JR5000K,PC,RFC,WIP
RHC6JR6000,PC,RFC,WIP
RHC6JR6000A,PC,RFC,WIP
RHC6JR6000B,PC,RFC,WIP
RHC6JR6000K,PC,RFC,WIP
RHC6MP2520,PC,RFC,WIP
RHC6MP2520A,PC,RFC,WIP
RHC6MP2520B,PC,RFC,WIP
RHC6MP2520K,PC,RFC,WIP
RHC6MP3020,PC,RFC,WIP
RHC6MP3020A,PC,RFC,WIP
RHC6MP3020B,PC,RFC,WIP
RHC6MP3020K,PC,RFC,WIP
RHC6MP3500,PC,RFC,WIP
RHC6MP3500A,PC,RFC,WIP
RHC6MP3500K,PC,RFC,WIP
RHC6MP3520,PC,RFC,WIP
RHC6MP3520A,PC,RFC,WIP
RHC6MP3520B,PC,RFC,WIP
RHC6MP3520K,PC,RFC,WIP
RHC6MP4020,PC,RFC,WIP
RHC6MP4020A,PC,RFC,WIP
RHC6MP4020B,PC,RFC,WIP
RHC6MP4020K,PC,RFC,WIP
RHC6SP0061,PC,RFC,WIP
RHC6SP0061C,PC,RFC,WIP
RHC6SP0061K,PC,RFC,WIP
RHC6TIG110,PC,RFC,WIP
RHC6TIG110A,PC,RFC,WIP
RHC6TIG110K,PC,RFC,WIP
RHC6TR3500,PC,RFC,WIP
RHC6TR3500A,PC,RFC,WIP
RHC6TR3500K,PC,RFC,WIP
RHC6TR4000,PC,RFC,WIP
RHC6TR4000A,PC,RFC,WIP
RHC6TR4000B,PC,RFC,WIP
RHC6TR4000K,PC,RFC,WIP
RHC6TR5000,PC,RFC,WIP
RHC6TR5000A,PC,RFC,WIP
RHC6TR5000K,PC,RFC,WIP
RHCAB44108,PC,RFC,WIP
RHCAB44108A,PC,RFC,WIP
RHCAB44108K,PC,RFC,WIP
RHCAB4410G,PC,RFC,WIP
RHCAB4410GA,PC,RFC,WIP
RHCAB4410GK,PC,RFC,WIP
RHCAB45108,PC,RFC,WIP
RHCAB45108A,PC,RFC,WIP
RHCAB45108K,PC,RFC,WIP
RHCAB4510G,PC,RFC,WIP
RHCAB4510GA,PC,RFC,WIP
RHCAB4510GK,PC,RFC,WIP
RHCAB54108,PC,RFC,WIP
RHCAB54108A,PC,RFC,WIP
RHCAB54108K,PC,RFC,WIP
RHCAB5410G,PC,RFC,WIP
RHCAB5410GA,PC,RFC,WIP
RHCAB5410GK,PC,RFC,WIP
RHCAB55108,PC,RFC,WIP
RHCAB55108A,PC,RFC,WIP
RHCAB55108K,PC,RFC,WIP
RHCAB5510G,PC,RFC,WIP
RHCAB5510GA,PC,RFC,WIP
RHCAB5510GK,PC,RFC,WIP
RHCAB64108,PC,RFC,WIP
RHCAB64108A,PC,RFC,WIP
RHCAB64108K,PC,RFC,WIP
RHCAB65108,PC,RFC,WIP
RHCAB65108A,PC,RFC,WIP
RHCAB65108K,PC,RFC,WIP
RHCAC3510G,PC,RFC,WIP
RHCAC3510GA,PC,RFC,WIP
RHCAC3510GK,PC,RFC,WIP
RHCAC4410G,PC,RFC,WIP
RHCAC4410GA,PC,RFC,WIP
RHCAC4410GK,PC,RFC,WIP
RHCAC4510G,PC,RFC,WIP
RHCAC4510GA,PC,RFC,WIP
RHCAC4510GK,PC,RFC,WIP
RHCAD44108,PC,RFC,WIP
RHCAD44108A,PC,RFC,WIP
RHCAD44108K,PC,RFC,WIP
RHCAD4410G,PC,RFC,WIP
RHCAD4410GA,PC,RFC,WIP
RHCAD4410GK,PC,RFC,WIP
RHCAD5410G,PC,RFC,WIP
RHCAD5410GA,PC,RFC,WIP
RHCAD5410GK,PC,RFC,WIP
RHCAD5510G,PC,RFC,WIP
RHCAD5510GA,PC,RFC,WIP
RHCAD5510GK,PC,RFC,WIP
RHCAD6410G,PC,RFC,WIP
RHCAD6410GA,PC,RFC,WIP
RHCAD6410GK,PC,RFC,WIP
RHCAD6510G,PC,RFC,WIP
RHCAD6510GA,PC,RFC,WIP
RHCAD6510GK,PC,RFC,WIP
RHCAE44108,PC,RFC,WIP
RHCAE44108A,PC,RFC,WIP
RHCAE44108K,PC,RFC,WIP
RHCAE4410G,PC,RFC,WIP
RHCAE4410GA,PC,RFC,WIP
RHCAE4410GK,PC,RFC,WIP
RHCAE4510G,PC,RFC,WIP
RHCAE4510GA,PC,RFC,WIP
RHCAE4510GK,PC,RFC,WIP
RHCAE55108,PC,RFC,WIP
RHCAE55108A,PC,RFC,WIP
RHCAE55108K,PC,RFC,WIP
RHCAED510G,PC,RFC,WIP
RHCAED510GA,PC,RFC,WIP
RHCAED510GK,PC,RFC,WIP
RHCAF15110,PC,RFC,WIP
RHCAF15110K,PC,RFC,WIP
RHCAG34108,PC,RFC,WIP
RHCAG34108A,PC,RFC,WIP
RHCAG34108K,PC,RFC,WIP
RHCAG94107,PC,RFC,WIP
RHCAG94107A,PC,RFC,WIP
RHCAG94107K,PC,RFC,WIP
RHCAG95107,PC,RFC,WIP
RHCAG95107A,PC,RFC,WIP
RHCAG95107K,PC,RFC,WIP
RHCAGF4108,PC,RFC,WIP
RHCAGF4108A,PC,RFC,WIP
RHCAGF4108K,PC,RFC,WIP
RHCAUB5108,PC,RFC,WIP
RHCAUB5108A,PC,RFC,WIP
RHCAUB5108K,PC,RFC,WIP
RHCBA14110,PC,RFC,WIP
RHCBA14110A,PC,RFC,WIP
RHCBA14110K,PC,RFC,WIP
RHCBA15110,PC,RFC,WIP
RHCBA15110K,PC,RFC,WIP
RHCBA24110,PC,RFC,WIP
RHCBA24110A,PC,RFC,WIP
RHCBA24110K,PC,RFC,WIP
RHCBA24110V,PC,RFC,WIP
RHCBA25110,PC,RFC,WIP
RHCBA25110K,PC,RFC,WIP
RHCBA34110,PC,RFC,WIP
RHCBA34110A,PC,RFC,WIP
RHCBA34110K,PC,RFC,WIP
RHCBA35110,PC,RFC,WIP
RHCBA35110K,PC,RFC,WIP
RHCBB14110,PC,RFC,WIP
RHCBB14110A,PC,RFC,WIP
RHCBB14110K,PC,RFC,WIP
RHCBB15110,PC,RFC,WIP
RHCBB15110K,PC,RFC,WIP
RHCBB24110,PC,RFC,WIP
RHCBB24110A,PC,RFC,WIP
RHCBB24110K,PC,RFC,WIP
RHCBB25110,PC,RFC,WIP
RHCBB25110K,PC,RFC,WIP
RHCBC14110,PC,RFC,WIP
RHCBC14110A,PC,RFC,WIP
RHCBC14110K,PC,RFC,WIP
RHCBE14110,PC,RFC,WIP
RHCBE14110A,PC,RFC,WIP
RHCBE14110K,PC,RFC,WIP
RHCBE15110,PC,RFC,WIP
RHCBE15110K,PC,RFC,WIP
RHCBE24110,PC,RFC,WIP
RHCBE24110A,PC,RFC,WIP
RHCBE24110K,PC,RFC,WIP
RHCBE25110,PC,RFC,WIP
RHCBE25110K,PC,RFC,WIP
RHCBG14110,PC,RFC,WIP
RHCBG14110A,PC,RFC,WIP
RHCBG14110K,PC,RFC,WIP
RHCBG15110,PC,RFC,WIP
RHCBG15110K,PC,RFC,WIP
RHCBH14110,PC,RFC,WIP
RHCBH14110A,PC,RFC,WIP
RHCBH14110K,PC,RFC,WIP
RHCBH15110,PC,RFC,WIP
RHCBH15110K,PC,RFC,WIP
RHCBR75100,PC,RFC,WIP
RHCBR75100K,PC,RFC,WIP
RHCBR95100,PC,RFC,WIP
RHCBR95100K,PC,RFC,WIP
RHE+4AL1000,PC,RFC,WIP
RHE+4AL2000,PC,RFC,WIP
RHE+4AL3000,PC,RFC,WIP
RHE+4AP4561,PC,RFC,WIP
RHE+4AP5561,PC,RFC,WIP
RHE+4APR241,PC,RFC,WIP
RHE+4AR1000,PC,RFC,WIP
RHE+4AR2000,PC,RFC,WIP
RHE+4ARJP00,PC,RFC,WIP
RHE+4BPIN00,PC,RFC,WIP
RHE+4BPJP00,PC,RFC,WIP
RHE+4CL3500,PC,RFC,WIP
RHE+4CL4000,PC,RFC,WIP
RHE+4CL5000,PC,RFC,WIP
RHE+4CR3500,PC,RFC,WIP
RHE+4CR4000,PC,RFC,WIP
RHE+4CR5000,PC,RFC,WIP
RHE+4JL3500,PC,RFC,WIP
RHE+4JL4000,PC,RFC,WIP
RHE+4JR3500,PC,RFC,WIP
RHE+4JR4000,PC,RFC,WIP
RHE+4MP2520,PC,RFC,WIP
RHE+4MP2528,PC,RFC,WIP
RHE+4MP3020,PC,RFC,WIP
RHE+4MP3028,PC,RFC,WIP
RHE+4MP3520,PC,RFC,WIP
RHE+4MP3521,PC,RFC,WIP
RHE+4MP4020,PC,RFC,WIP
RHE+4PR2008,PC,RFC,WIP
RHE+4PR2508,PC,RFC,WIP
RHE+4SP0061,PC,RFC,WIP
RHE+4SP0068,PC,RFC,WIP
RHE+4SP0069,PC,RFC,WIP
RHE+4SP006G,PC,RFC,WIP
RHE+4ST0109,PC,RFC,WIP
RHE+4ST0161,PC,RFC,WIP
RHE+4ST016G,PC,RFC,WIP
RHE+5AL1000,PC,RFC,WIP
RHE+5AL2000,PC,RFC,WIP
RHE+5AL3000,PC,RFC,WIP
RHE+5AR1000,PC,RFC,WIP
RHE+5AR2000,PC,RFC,WIP
RHE+5AR3000,PC,RFC,WIP
RHE+5ARJP00,PC,RFC,WIP
RHE+5BL3520,PC,RFC,WIP
RHE+5BL4020,PC,RFC,WIP
RHE+5BLK410,PC,RFC,WIP
RHE+5BLK411,PC,RFC,WIP
RHE+5BPIM00,PC,RFC,WIP
RHE+5BPIN00,PC,RFC,WIP
RHE+5BPIR00,PC,RFC,WIP
RHE+5BPJL00,PC,RFC,WIP
RHE+5BPJP00,PC,RFC,WIP
RHE+5BPJR00,PC,RFC,WIP
RHE+5BPRB01,PC,RFC,WIP
RHE+5BU3500,PC,RFC,WIP
RHE+5CAS100,PC,RFC,WIP
RHE+5CL3500,PC,RFC,WIP
RHE+5CL4000,PC,RFC,WIP
RHE+5CL4001,PC,RFC,WIP
RHE+5CL4500,PC,RFC,WIP
RHE+5CL5000,PC,RFC,WIP
RHE+5CL5001,PC,RFC,WIP
RHE+5CL6000,PC,RFC,WIP
RHE+5CL6001,PC,RFC,WIP
RHE+5CR3500,PC,RFC,WIP
RHE+5CR3521,PC,RFC,WIP
RHE+5CR3528,PC,RFC,WIP
RHE+5CR4000,PC,RFC,WIP
RHE+5CR4001,PC,RFC,WIP
RHE+5CR4500,PC,RFC,WIP
RHE+5CR5000,PC,RFC,WIP
RHE+5FJ1000,PC,RFC,WIP
RHE+5JL3500,PC,RFC,WIP
RHE+5JL4000,PC,RFC,WIP
RHE+5JL5000,PC,RFC,WIP
RHE+5JR3500,PC,RFC,WIP
RHE+5JR4000,PC,RFC,WIP
RHE+5JR5000,PC,RFC,WIP
RHE+5JR6000,PC,RFC,WIP
RHE+5MP2520,PC,RFC,WIP
RHE+5MP2528,PC,RFC,WIP
RHE+5MP3020,PC,RFC,WIP
RHE+5MP3500,PC,RFC,WIP
RHE+5MP3520,PC,RFC,WIP
RHE+5MP4001,PC,RFC,WIP
RHE+5MP4020,PC,RFC,WIP
RHE+5TIG110,PC,RFC,WIP
RHE+5TIG111,PC,RFC,WIP
RHE+5TR3510,PC,RFC,WIP
RHE+5TR4000,PC,RFC,WIP
RHE+5TR4001,PC,RFC,WIP
RHE+5TR4010,PC,RFC,WIP
RHE+5TR4500,PC,RFC,WIP
RHE+5TR5000,PC,RFC,WIP
RHE+5TR5001,PC,RFC,WIP
RHE+6AL1000,PC,RFC,WIP
RHE+6AL1000B,PC,RFC,WIP
RHE+6AL2000,PC,RFC,WIP
RHE+6AL2000B,PC,RFC,WIP
RHE+6AL3000,PC,RFC,WIP
RHE+6AL3000B,PC,RFC,WIP
RHE+6AR1000,PC,RFC,WIP
RHE+6AR1000B,PC,RFC,WIP
RHE+6AR2000,PC,RFC,WIP
RHE+6AR2000B,PC,RFC,WIP
RHE+6AR3000,PC,RFC,WIP
RHE+6AR3000B,PC,RFC,WIP
RHE+6BPIN00,PC,RFC,WIP
RHE+6BPIN00B,PC,RFC,WIP
RHE+6BPIR00,PC,RFC,WIP
RHE+6BPIR00B,PC,RFC,WIP
RHE+6BPJL00,PC,RFC,WIP
RHE+6BPJL00B,PC,RFC,WIP
RHE+6BPJR00,PC,RFC,WIP
RHE+6BPJR00B,PC,RFC,WIP
RHE+6CL3500,PC,RFC,WIP
RHE+6CL3500B,PC,RFC,WIP
RHE+6CL4000,PC,RFC,WIP
RHE+6CL4000B,PC,RFC,WIP
RHE+6CL5000,PC,RFC,WIP
RHE+6CL5000B,PC,RFC,WIP
RHE+6CL6000,PC,RFC,WIP
RHE+6CL6000B,PC,RFC,WIP
RHE+6CR3500,PC,RFC,WIP
RHE+6CR3500B,PC,RFC,WIP
RHE+6CR4000,PC,RFC,WIP
RHE+6CR4000B,PC,RFC,WIP
RHE+6CR5000,PC,RFC,WIP
RHE+6CR5000B,PC,RFC,WIP
RHE+6JL3500,PC,RFC,WIP
RHE+6JL3500B,PC,RFC,WIP
RHE+6JL4000,PC,RFC,WIP
RHE+6JL4000B,PC,RFC,WIP
RHE+6JL5000,PC,RFC,WIP
RHE+6JL5000B,PC,RFC,WIP
RHE+6JR3500,PC,RFC,WIP
RHE+6JR3500B,PC,RFC,WIP
RHE+6JR4000,PC,RFC,WIP
RHE+6JR4000B,PC,RFC,WIP
RHE+6JR5000,PC,RFC,WIP
RHE+6JR5000B,PC,RFC,WIP
RHE+6JR6000,PC,RFC,WIP
RHE+6JR6000B,PC,RFC,WIP
RHE+6MP2520,PC,RFC,WIP
RHE+6MP2520B,PC,RFC,WIP
RHE+6MP3020,PC,RFC,WIP
RHE+6MP3020B,PC,RFC,WIP
RHE+6MP3520,PC,RFC,WIP
RHE+6MP3520B,PC,RFC,WIP
RHE+6MP4020,PC,RFC,WIP
RHE+6MP4020B,PC,RFC,WIP
RHE+6TR4000,PC,RFC,WIP
RHE+6TR4000B,PC,RFC,WIP
RHE+AB44108,PC,RFC,WIP
RHE+AB4410G,PC,RFC,WIP
RHE+AB45108,PC,RFC,WIP
RHE+AB4510G,PC,RFC,WIP
RHE+AB54108,PC,RFC,WIP
RHE+AB5410G,PC,RFC,WIP
RHE+AB55108,PC,RFC,WIP
RHE+AB5510G,PC,RFC,WIP
RHE+AB64108,PC,RFC,WIP
RHE+AB65108,PC,RFC,WIP
RHE+AC3510G,PC,RFC,WIP
RHE+AC4410G,PC,RFC,WIP
RHE+AC4510G,PC,RFC,WIP
RHE+AD44108,PC,RFC,WIP
RHE+AD4410G,PC,RFC,WIP
RHE+AD5410G,PC,RFC,WIP
RHE+AD5510G,PC,RFC,WIP
RHE+AD6410G,PC,RFC,WIP
RHE+AD6510G,PC,RFC,WIP
RHE+AE44108,PC,RFC,WIP
RHE+AE4410G,PC,RFC,WIP
RHE+AE4510G,PC,RFC,WIP
RHE+AE55108,PC,RFC,WIP
RHE+AED510G,PC,RFC,WIP
RHE+AF15110,PC,RFC,WIP
RHE+AG34108,PC,RFC,WIP
RHE+AG94107,PC,RFC,WIP
RHE+AG95107,PC,RFC,WIP
RHE+AGF4108,PC,RFC,WIP
RHE+AUB5108,PC,RFC,WIP
RHE+BA14110,PC,RFC,WIP
RHE+BA24110,PC,RFC,WIP
RHE+BA34110,PC,RFC,WIP
RHE+BB14110,PC,RFC,WIP
RHE+BB24110,PC,RFC,WIP
RHE+BC14110,PC,RFC,WIP
RHE+BE14110,PC,RFC,WIP
RHE+BE24110,PC,RFC,WIP
RHE+BG14110,PC,RFC,WIP
RHE+BH14110,PC,RFC,WIP
RHE4AB44108,PC,RFC,WIP
RHE4AL1000,PC,RFC,WIP
RHE4AL1000A,PC,RFC,WIP
RHE4AL1000K,PC,RFC,WIP
RHE4AL2000,PC,RFC,WIP
RHE4AL2000A,PC,RFC,WIP
RHE4AL2000K,PC,RFC,WIP
RHE4AL3000,PC,RFC,WIP
RHE4AL3000A,PC,RFC,WIP
RHE4AL3000K,PC,RFC,WIP
RHE4AP4561,PC,RFC,WIP
RHE4AP4561A,PC,RFC,WIP
RHE4AP4561C,PC,RFC,WIP
RHE4AP4561K,PC,RFC,WIP
RHE4AP5561,PC,RFC,WIP
RHE4AP5561A,PC,RFC,WIP
RHE4AP5561C,PC,RFC,WIP
RHE4AP5561K,PC,RFC,WIP
RHE4AP5561V,PC,RFC,WIP
RHE4APR241,PC,RFC,WIP
RHE4APR241C,PC,RFC,WIP
RHE4APR241K,PC,RFC,WIP
RHE4AR1000,PC,RFC,WIP
RHE4AR1000A,PC,RFC,WIP
RHE4AR1000K,PC,RFC,WIP
RHE4AR2000,PC,RFC,WIP
RHE4AR2000A,PC,RFC,WIP
RHE4AR2000K,PC,RFC,WIP
RHE4ARJP00,PC,RFC,WIP
RHE4ARJP00A,PC,RFC,WIP
RHE4ARJP00K,PC,RFC,WIP
RHE4BPIN00,PC,RFC,WIP
RHE4BPIN00A,PC,RFC,WIP
RHE4BPIN00K,PC,RFC,WIP
RHE4BPJP00,PC,RFC,WIP
RHE4BPJP00A,PC,RFC,WIP
RHE4BPJP00K,PC,RFC,WIP
RHE4CL3500,PC,RFC,WIP
RHE4CL3500A,PC,RFC,WIP
RHE4CL3500K,PC,RFC,WIP
RHE4CL4000,PC,RFC,WIP
RHE4CL4000A,PC,RFC,WIP
RHE4CL4000K,PC,RFC,WIP
RHE4CL5000,PC,RFC,WIP
RHE4CL5000A,PC,RFC,WIP
RHE4CL5000K,PC,RFC,WIP
RHE4CR3500,PC,RFC,WIP
RHE4CR3500A,PC,RFC,WIP
RHE4CR3500K,PC,RFC,WIP
RHE4CR4000,PC,RFC,WIP
RHE4CR4000A,PC,RFC,WIP
RHE4CR4000K,PC,RFC,WIP
RHE4CR5000,PC,RFC,WIP
RHE4CR5000A,PC,RFC,WIP
RHE4CR5000K,PC,RFC,WIP
RHE4JL3500,PC,RFC,WIP
RHE4JL3500A,PC,RFC,WIP
RHE4JL3500K,PC,RFC,WIP
RHE4JL4000,PC,RFC,WIP
RHE4JL4000A,PC,RFC,WIP
RHE4JL4000K,PC,RFC,WIP
RHE4JR3500,PC,RFC,WIP
RHE4JR3500A,PC,RFC,WIP
RHE4JR3500K,PC,RFC,WIP
RHE4JR4000,PC,RFC,WIP
RHE4JR4000A,PC,RFC,WIP
RHE4JR4000K,PC,RFC,WIP
RHE4MP2520,PC,RFC,WIP
RHE4MP2520A,PC,RFC,WIP
RHE4MP2520K,PC,RFC,WIP
RHE4MP2528,PC,RFC,WIP
RHE4MP2528A,PC,RFC,WIP
RHE4MP2528K,PC,RFC,WIP
RHE4MP3020,PC,RFC,WIP
RHE4MP3020A,PC,RFC,WIP
RHE4MP3020K,PC,RFC,WIP
RHE4MP3028,PC,RFC,WIP
RHE4MP3028A,PC,RFC,WIP
RHE4MP3028K,PC,RFC,WIP
RHE4MP3520,PC,RFC,WIP
RHE4MP3520A,PC,RFC,WIP
RHE4MP3520K,PC,RFC,WIP
RHE4MP3521,PC,RFC,WIP
RHE4MP3521K,PC,RFC,WIP
RHE4MP4020,PC,RFC,WIP
RHE4MP4020A,PC,RFC,WIP
RHE4MP4020K,PC,RFC,WIP
RHE4PR2008,PC,RFC,WIP
RHE4PR2008A,PC,RFC,WIP
RHE4PR2008K,PC,RFC,WIP
RHE4PR2508,PC,RFC,WIP
RHE4PR2508A,PC,RFC,WIP
RHE4PR2508K,PC,RFC,WIP
RHE4SP0061,PC,RFC,WIP
RHE4SP0061A,PC,RFC,WIP
RHE4SP0061C,PC,RFC,WIP
RHE4SP0061K,PC,RFC,WIP
RHE4SP0068,PC,RFC,WIP
RHE4SP0068A,PC,RFC,WIP
RHE4SP0068C,PC,RFC,WIP
RHE4SP0068K,PC,RFC,WIP
RHE4SP0069,PC,RFC,WIP
RHE4SP0069K,PC,RFC,WIP
RHE4SP006G,PC,RFC,WIP
RHE4SP006GA,PC,RFC,WIP
RHE4SP006GK,PC,RFC,WIP
RHE4ST0109,PC,RFC,WIP
RHE4ST0109K,PC,RFC,WIP
RHE4ST0161,PC,RFC,WIP
RHE4ST0161A,PC,RFC,WIP
RHE4ST0161K,PC,RFC,WIP
RHE4ST016G,PC,RFC,WIP
RHE4ST016GA,PC,RFC,WIP
RHE4ST016GK,PC,RFC,WIP
RHE5AL1000,PC,RFC,WIP
RHE5AL1000A,PC,RFC,WIP
RHE5AL1000K,PC,RFC,WIP
RHE5AL2000,PC,RFC,WIP
RHE5AL2000A,PC,RFC,WIP
RHE5AL2000K,PC,RFC,WIP
RHE5AL3000,PC,RFC,WIP
RHE5AL3000A,PC,RFC,WIP
RHE5AL3000K,PC,RFC,WIP
RHE5AP4561,PC,RFC,WIP
RHE5AP4561C,PC,RFC,WIP
RHE5AP4561K,PC,RFC,WIP
RHE5AP5561,PC,RFC,WIP
RHE5AP5561C,PC,RFC,WIP
RHE5AP5561K,PC,RFC,WIP
RHE5APR241,PC,RFC,WIP
RHE5APR241C,PC,RFC,WIP
RHE5APR241K,PC,RFC,WIP
RHE5AR1000,PC,RFC,WIP
RHE5AR1000A,PC,RFC,WIP
RHE5AR1000K,PC,RFC,WIP
RHE5AR2000,PC,RFC,WIP
RHE5AR2000A,PC,RFC,WIP
RHE5AR2000K,PC,RFC,WIP
RHE5AR3000,PC,RFC,WIP
RHE5AR3000A,PC,RFC,WIP
RHE5AR3000K,PC,RFC,WIP
RHE5ARJP00,PC,RFC,WIP
RHE5ARJP00A,PC,RFC,WIP
RHE5ARJP00K,PC,RFC,WIP
RHE5BL3520,PC,RFC,WIP
RHE5BL3520A,PC,RFC,WIP
RHE5BL3520K,PC,RFC,WIP
RHE5BL4020,PC,RFC,WIP
RHE5BL4020A,PC,RFC,WIP
RHE5BL4020K,PC,RFC,WIP
RHE5BLK410,PC,RFC,WIP
RHE5BLK410A,PC,RFC,WIP
RHE5BLK410K,PC,RFC,WIP
RHE5BLK411,PC,RFC,WIP
RHE5BLK411K,PC,RFC,WIP
RHE5BPIM00,PC,RFC,WIP
RHE5BPIM00A,PC,RFC,WIP
RHE5BPIM00K,PC,RFC,WIP
RHE5BPIN00,PC,RFC,WIP
RHE5BPIN00A,PC,RFC,WIP
RHE5BPIN00K,PC,RFC,WIP
RHE5BPIR00,PC,RFC,WIP
RHE5BPIR00A,PC,RFC,WIP
RHE5BPIR00K,PC,RFC,WIP
RHE5BPJL00,PC,RFC,WIP
RHE5BPJL00A,PC,RFC,WIP
RHE5BPJL00K,PC,RFC,WIP
RHE5BPJP00,PC,RFC,WIP
RHE5BPJP00A,PC,RFC,WIP
RHE5BPJP00K,PC,RFC,WIP
RHE5BPJR00,PC,RFC,WIP
RHE5BPJR00A,PC,RFC,WIP
RHE5BPJR00K,PC,RFC,WIP
RHE5BPRB01,PC,RFC,WIP
RHE5BPRB01K,PC,RFC,WIP
RHE5BU3500,PC,RFC,WIP
RHE5BU3500A,PC,RFC,WIP
RHE5BU3500K,PC,RFC,WIP
RHE5CAS100,PC,RFC,WIP
RHE5CAS100A,PC,RFC,WIP
RHE5CAS100K,PC,RFC,WIP
RHE5CL3500,PC,RFC,WIP
RHE5CL3500A,PC,RFC,WIP
RHE5CL3500K,PC,RFC,WIP
RHE5CL4000,PC,RFC,WIP
RHE5CL4000A,PC,RFC,WIP
RHE5CL4000K,PC,RFC,WIP
RHE5CL4001,PC,RFC,WIP
RHE5CL4001K,PC,RFC,WIP
RHE5CL4500,PC,RFC,WIP
RHE5CL4500A,PC,RFC,WIP
RHE5CL4500K,PC,RFC,WIP
RHE5CL5000,PC,RFC,WIP
RHE5CL5000A,PC,RFC,WIP
RHE5CL5000K,PC,RFC,WIP
RHE5CL5001,PC,RFC,WIP
RHE5CL5001K,PC,RFC,WIP
RHE5CL6000,PC,RFC,WIP
RHE5CL6000A,PC,RFC,WIP
RHE5CL6000K,PC,RFC,WIP
RHE5CL6001,PC,RFC,WIP
RHE5CL6001K,PC,RFC,WIP
RHE5CR3500,PC,RFC,WIP
RHE5CR3500A,PC,RFC,WIP
RHE5CR3500K,PC,RFC,WIP
RHE5CR3521,PC,RFC,WIP
RHE5CR3521K,PC,RFC,WIP
RHE5CR3528,PC,RFC,WIP
RHE5CR3528A,PC,RFC,WIP
RHE5CR3528K,PC,RFC,WIP
RHE5CR4000,PC,RFC,WIP
RHE5CR4000A,PC,RFC,WIP
RHE5CR4000K,PC,RFC,WIP
RHE5CR4001,PC,RFC,WIP
RHE5CR4001K,PC,RFC,WIP
RHE5CR4500,PC,RFC,WIP
RHE5CR4500A,PC,RFC,WIP
RHE5CR4500K,PC,RFC,WIP
RHE5CR5000,PC,RFC,WIP
RHE5CR5000A,PC,RFC,WIP
RHE5CR5000K,PC,RFC,WIP
RHE5FJ1000,PC,RFC,WIP
RHE5FJ1000A,PC,RFC,WIP
RHE5FJ1000K,PC,RFC,WIP
RHE5JL3500,PC,RFC,WIP
RHE5JL3500A,PC,RFC,WIP
RHE5JL3500K,PC,RFC,WIP
RHE5JL4000,PC,RFC,WIP
RHE5JL4000A,PC,RFC,WIP
RHE5JL4000K,PC,RFC,WIP
RHE5JL5000,PC,RFC,WIP
RHE5JL5000A,PC,RFC,WIP
RHE5JL5000K,PC,RFC,WIP
RHE5JR3500,PC,RFC,WIP
RHE5JR3500A,PC,RFC,WIP
RHE5JR3500K,PC,RFC,WIP
RHE5JR4000,PC,RFC,WIP
RHE5JR4000A,PC,RFC,WIP
RHE5JR4000K,PC,RFC,WIP
RHE5JR5000,PC,RFC,WIP
RHE5JR5000A,PC,RFC,WIP
RHE5JR5000K,PC,RFC,WIP
RHE5JR6000,PC,RFC,WIP
RHE5JR6000A,PC,RFC,WIP
RHE5JR6000K,PC,RFC,WIP
RHE5MP2520,PC,RFC,WIP
RHE5MP2520A,PC,RFC,WIP
RHE5MP2520K,PC,RFC,WIP
RHE5MP2528,PC,RFC,WIP
RHE5MP2528A,PC,RFC,WIP
RHE5MP2528K,PC,RFC,WIP
RHE5MP3020,PC,RFC,WIP
RHE5MP3020A,PC,RFC,WIP
RHE5MP3020K,PC,RFC,WIP
RHE5MP3500,PC,RFC,WIP
RHE5MP3500A,PC,RFC,WIP
RHE5MP3500K,PC,RFC,WIP
RHE5MP3520,PC,RFC,WIP
RHE5MP3520A,PC,RFC,WIP
RHE5MP3520K,PC,RFC,WIP
RHE5MP4001,PC,RFC,WIP
RHE5MP4001K,PC,RFC,WIP
RHE5MP4020,PC,RFC,WIP
RHE5MP4020A,PC,RFC,WIP
RHE5MP4020K,PC,RFC,WIP
RHE5SP0061,PC,RFC,WIP
RHE5SP0061C,PC,RFC,WIP
RHE5SP0061K,PC,RFC,WIP
RHE5SP0068,PC,RFC,WIP
RHE5SP0068C,PC,RFC,WIP
RHE5SP0068K,PC,RFC,WIP
RHE5SP006G,PC,RFC,WIP
RHE5SP006GK,PC,RFC,WIP
RHE5TIG110,PC,RFC,WIP
RHE5TIG110A,PC,RFC,WIP
RHE5TIG110K,PC,RFC,WIP
RHE5TIG111,PC,RFC,WIP
RHE5TIG111K,PC,RFC,WIP
RHE5TR3510,PC,RFC,WIP
RHE5TR3510A,PC,RFC,WIP
RHE5TR3510K,PC,RFC,WIP
RHE5TR4000,PC,RFC,WIP
RHE5TR4000A,PC,RFC,WIP
RHE5TR4000K,PC,RFC,WIP
RHE5TR4001,PC,RFC,WIP
RHE5TR4001K,PC,RFC,WIP
RHE5TR4010,PC,RFC,WIP
RHE5TR4010A,PC,RFC,WIP
RHE5TR4010K,PC,RFC,WIP
RHE5TR4500,PC,RFC,WIP
RHE5TR4500A,PC,RFC,WIP
RHE5TR4500K,PC,RFC,WIP
RHE5TR5000,PC,RFC,WIP
RHE5TR5000A,PC,RFC,WIP
RHE5TR5000K,PC,RFC,WIP
RHE5TR5001,PC,RFC,WIP
RHE5TR5001K,PC,RFC,WIP
RHE6AL1000,PC,RFC,WIP
RHE6AL1000A,PC,RFC,WIP
RHE6AL1000B,PC,RFC,WIP
RHE6AL1000K,PC,RFC,WIP
RHE6AL2000,PC,RFC,WIP
RHE6AL2000A,PC,RFC,WIP
RHE6AL2000B,PC,RFC,WIP
RHE6AL2000K,PC,RFC,WIP
RHE6AL3000,PC,RFC,WIP
RHE6AL3000A,PC,RFC,WIP
RHE6AL3000B,PC,RFC,WIP
RHE6AL3000K,PC,RFC,WIP
RHE6AP4561,PC,RFC,WIP
RHE6AP4561C,PC,RFC,WIP
RHE6AP4561K,PC,RFC,WIP
RHE6AP5561,PC,RFC,WIP
RHE6AP5561C,PC,RFC,WIP
RHE6AP5561K,PC,RFC,WIP
RHE6AP5561K.,PC,RFC,WIP
RHE6APR241,PC,RFC,WIP
RHE6APR241C,PC,RFC,WIP
RHE6APR241K,PC,RFC,WIP
RHE6AR1000,PC,RFC,WIP
RHE6AR1000A,PC,RFC,WIP
RHE6AR1000B,PC,RFC,WIP
RHE6AR1000K,PC,RFC,WIP
RHE6AR2000,PC,RFC,WIP
RHE6AR2000A,PC,RFC,WIP
RHE6AR2000B,PC,RFC,WIP
RHE6AR2000K,PC,RFC,WIP
RHE6AR3000,PC,RFC,WIP
RHE6AR3000A,PC,RFC,WIP
RHE6AR3000B,PC,RFC,WIP
RHE6AR3000K,PC,RFC,WIP
RHE6ARJP00,PC,RFC,WIP
RHE6ARJP00A,PC,RFC,WIP
RHE6ARJP00K,PC,RFC,WIP
RHE6BLK410,PC,RFC,WIP
RHE6BLK410A,PC,RFC,WIP
RHE6BLK410K,PC,RFC,WIP
RHE6BPIN00,PC,RFC,WIP
RHE6BPIN00A,PC,RFC,WIP
RHE6BPIN00B,PC,RFC,WIP
RHE6BPIN00K,PC,RFC,WIP
RHE6BPIR00,PC,RFC,WIP
RHE6BPIR00A,PC,RFC,WIP
RHE6BPIR00B,PC,RFC,WIP
RHE6BPIR00K,PC,RFC,WIP
RHE6BPJL00,PC,RFC,WIP
RHE6BPJL00A,PC,RFC,WIP
RHE6BPJL00B,PC,RFC,WIP
RHE6BPJL00K,PC,RFC,WIP
RHE6BPJR00,PC,RFC,WIP
RHE6BPJR00A,PC,RFC,WIP
RHE6BPJR00B,PC,RFC,WIP
RHE6BPJR00K,PC,RFC,WIP
RHE6CL3500,PC,RFC,WIP
RHE6CL3500A,PC,RFC,WIP
RHE6CL3500B,PC,RFC,WIP
RHE6CL3500K,PC,RFC,WIP
RHE6CL4000,PC,RFC,WIP
RHE6CL4000A,PC,RFC,WIP
RHE6CL4000B,PC,RFC,WIP
RHE6CL4000K,PC,RFC,WIP
RHE6CL4020,PC,RFC,WIP
RHE6CL4020A,PC,RFC,WIP
RHE6CL4020K,PC,RFC,WIP
RHE6CL4500,PC,RFC,WIP
RHE6CL4500A,PC,RFC,WIP
RHE6CL4500K,PC,RFC,WIP
RHE6CL5000,PC,RFC,WIP
RHE6CL5000A,PC,RFC,WIP
RHE6CL5000B,PC,RFC,WIP
RHE6CL5000K,PC,RFC,WIP
RHE6CL6000,PC,RFC,WIP
RHE6CL6000A,PC,RFC,WIP
RHE6CL6000B,PC,RFC,WIP
RHE6CL6000K,PC,RFC,WIP
RHE6CR3500,PC,RFC,WIP
RHE6CR3500A,PC,RFC,WIP
RHE6CR3500B,PC,RFC,WIP
RHE6CR3500K,PC,RFC,WIP
RHE6CR4000,PC,RFC,WIP
RHE6CR4000A,PC,RFC,WIP
RHE6CR4000B,PC,RFC,WIP
RHE6CR4000K,PC,RFC,WIP
RHE6CR4020,PC,RFC,WIP
RHE6CR4020A,PC,RFC,WIP
RHE6CR4020K,PC,RFC,WIP
RHE6CR4500,PC,RFC,WIP
RHE6CR4500A,PC,RFC,WIP
RHE6CR4500K,PC,RFC,WIP
RHE6CR5000,PC,RFC,WIP
RHE6CR5000A,PC,RFC,WIP
RHE6CR5000B,PC,RFC,WIP
RHE6CR5000K,PC,RFC,WIP
RHE6CR6000,PC,RFC,WIP
RHE6CR6000A,PC,RFC,WIP
RHE6CR6000K,PC,RFC,WIP
RHE6EL4020K,PC,RFC,WIP
RHE6EL4500K,PC,RFC,WIP
RHE6EL5000K,PC,RFC,WIP
RHE6EL6000K,PC,RFC,WIP
RHE6ER4020K,PC,RFC,WIP
RHE6ER4500K,PC,RFC,WIP
RHE6ER5000K,PC,RFC,WIP
RHE6ER6000K,PC,RFC,WIP
RHE6JL3500,PC,RFC,WIP
RHE6JL3500A,PC,RFC,WIP
RHE6JL3500B,PC,RFC,WIP
RHE6JL3500K,PC,RFC,WIP
RHE6JL4000,PC,RFC,WIP
RHE6JL4000A,PC,RFC,WIP
RHE6JL4000B,PC,RFC,WIP
RHE6JL4000K,PC,RFC,WIP
RHE6JL5000,PC,RFC,WIP
RHE6JL5000A,PC,RFC,WIP
RHE6JL5000B,PC,RFC,WIP
RHE6JL5000K,PC,RFC,WIP
RHE6JR3500,PC,RFC,WIP
RHE6JR3500A,PC,RFC,WIP
RHE6JR3500B,PC,RFC,WIP
RHE6JR3500K,PC,RFC,WIP
RHE6JR4000,PC,RFC,WIP
RHE6JR4000A,PC,RFC,WIP
RHE6JR4000B,PC,RFC,WIP
RHE6JR4000K,PC,RFC,WIP
RHE6JR5000,PC,RFC,WIP
RHE6JR5000A,PC,RFC,WIP
RHE6JR5000B,PC,RFC,WIP
RHE6JR5000K,PC,RFC,WIP
RHE6JR6000,PC,RFC,WIP
RHE6JR6000A,PC,RFC,WIP
RHE6JR6000B,PC,RFC,WIP
RHE6JR6000K,PC,RFC,WIP
RHE6MP2520,PC,RFC,WIP
RHE6MP2520A,PC,RFC,WIP
RHE6MP2520B,PC,RFC,WIP
RHE6MP2520K,PC,RFC,WIP
RHE6MP3020,PC,RFC,WIP
RHE6MP3020A,PC,RFC,WIP
RHE6MP3020B,PC,RFC,WIP
RHE6MP3020K,PC,RFC,WIP
RHE6MP3500,PC,RFC,WIP
RHE6MP3500A,PC,RFC,WIP
RHE6MP3500K,PC,RFC,WIP
RHE6MP3520,PC,RFC,WIP
RHE6MP3520A,PC,RFC,WIP
RHE6MP3520B,PC,RFC,WIP
RHE6MP3520K,PC,RFC,WIP
RHE6MP4020,PC,RFC,WIP
RHE6MP4020A,PC,RFC,WIP
RHE6MP4020B,PC,RFC,WIP
RHE6MP4020K,PC,RFC,WIP
RHE6SP0061,PC,RFC,WIP
RHE6SP0061C,PC,RFC,WIP
RHE6SP0061K,PC,RFC,WIP
RHE6TIG110,PC,RFC,WIP
RHE6TIG110A,PC,RFC,WIP
RHE6TIG110K,PC,RFC,WIP
RHE6TR3500,PC,RFC,WIP
RHE6TR3500A,PC,RFC,WIP
RHE6TR3500K,PC,RFC,WIP
RHE6TR4000,PC,RFC,WIP
RHE6TR4000A,PC,RFC,WIP
RHE6TR4000B,PC,RFC,WIP
RHE6TR4000K,PC,RFC,WIP
RHE6TR5000,PC,RFC,WIP
RHE6TR5000A,PC,RFC,WIP
RHE6TR5000K,PC,RFC,WIP
RHEAB44108,PC,RFC,WIP
RHEAB44108A,PC,RFC,WIP
RHEAB44108K,PC,RFC,WIP
RHEAB4410G,PC,RFC,WIP
RHEAB4410GA,PC,RFC,WIP
RHEAB4410GK,PC,RFC,WIP
RHEAB45108,PC,RFC,WIP
RHEAB45108A,PC,RFC,WIP
RHEAB45108K,PC,RFC,WIP
RHEAB4510G,PC,RFC,WIP
RHEAB4510GA,PC,RFC,WIP
RHEAB4510GK,PC,RFC,WIP
RHEAB54108,PC,RFC,WIP
RHEAB54108A,PC,RFC,WIP
RHEAB54108K,PC,RFC,WIP
RHEAB5410G,PC,RFC,WIP
RHEAB5410GA,PC,RFC,WIP
RHEAB5410GK,PC,RFC,WIP
RHEAB55108,PC,RFC,WIP
RHEAB55108A,PC,RFC,WIP
RHEAB55108K,PC,RFC,WIP
RHEAB5510G,PC,RFC,WIP
RHEAB5510GA,PC,RFC,WIP
RHEAB5510GK,PC,RFC,WIP
RHEAB64108,PC,RFC,WIP
RHEAB64108A,PC,RFC,WIP
RHEAB64108K,PC,RFC,WIP
RHEAB65108,PC,RFC,WIP
RHEAB65108A,PC,RFC,WIP
RHEAB65108K,PC,RFC,WIP
RHEAC3510G,PC,RFC,WIP
RHEAC3510GA,PC,RFC,WIP
RHEAC3510GK,PC,RFC,WIP
RHEAC4410G,PC,RFC,WIP
RHEAC4410GA,PC,RFC,WIP
RHEAC4410GK,PC,RFC,WIP
RHEAC4510G,PC,RFC,WIP
RHEAC4510GA,PC,RFC,WIP
RHEAC4510GK,PC,RFC,WIP
RHEAD44108,PC,RFC,WIP
RHEAD44108A,PC,RFC,WIP
RHEAD44108K,PC,RFC,WIP
RHEAD4410G,PC,RFC,WIP
RHEAD4410GA,PC,RFC,WIP
RHEAD4410GK,PC,RFC,WIP
RHEAD5410G,PC,RFC,WIP
RHEAD5410GA,PC,RFC,WIP
RHEAD5410GK,PC,RFC,WIP
RHEAD5510G,PC,RFC,WIP
RHEAD5510GA,PC,RFC,WIP
RHEAD5510GK,PC,RFC,WIP
RHEAD6410G,PC,RFC,WIP
RHEAD6410GA,PC,RFC,WIP
RHEAD6410GK,PC,RFC,WIP
RHEAD6510G,PC,RFC,WIP
RHEAD6510GA,PC,RFC,WIP
RHEAD6510GK,PC,RFC,WIP
RHEAE44108,PC,RFC,WIP
RHEAE44108A,PC,RFC,WIP
RHEAE44108K,PC,RFC,WIP
RHEAE4410G,PC,RFC,WIP
RHEAE4410GA,PC,RFC,WIP
RHEAE4410GK,PC,RFC,WIP
RHEAE4510G,PC,RFC,WIP
RHEAE4510GA,PC,RFC,WIP
RHEAE4510GK,PC,RFC,WIP
RHEAE55108,PC,RFC,WIP
RHEAE55108A,PC,RFC,WIP
RHEAE55108K,PC,RFC,WIP
RHEAED5108A,PC,RFC,WIP
RHEAED510G,PC,RFC,WIP
RHEAED510GA,PC,RFC,WIP
RHEAED510GK,PC,RFC,WIP
RHEAF15110,PC,RFC,WIP
RHEAF15110K,PC,RFC,WIP
RHEAG34108,PC,RFC,WIP
RHEAG34108A,PC,RFC,WIP
RHEAG34108K,PC,RFC,WIP
RHEAG94107,PC,RFC,WIP
RHEAG94107A,PC,RFC,WIP
RHEAG94107K,PC,RFC,WIP
RHEAG95107,PC,RFC,WIP
RHEAG95107A,PC,RFC,WIP
RHEAG95107K,PC,RFC,WIP
RHEAGF4108,PC,RFC,WIP
RHEAGF4108A,PC,RFC,WIP
RHEAGF4108K,PC,RFC,WIP
RHEAUB5108,PC,RFC,WIP
RHEAUB5108A,PC,RFC,WIP
RHEAUB5108K,PC,RFC,WIP
RHEBA14110,PC,RFC,WIP
RHEBA14110A,PC,RFC,WIP
RHEBA14110K,PC,RFC,WIP
RHEBA15110,PC,RFC,WIP
RHEBA15110K,PC,RFC,WIP
RHEBA24110,PC,RFC,WIP
RHEBA24110A,PC,RFC,WIP
RHEBA24110K,PC,RFC,WIP
RHEBA24110V,PC,RFC,WIP
RHEBA25110,PC,RFC,WIP
RHEBA25110K,PC,RFC,WIP
RHEBA34110,PC,RFC,WIP
RHEBA34110A,PC,RFC,WIP
RHEBA34110K,PC,RFC,WIP
RHEBA35110,PC,RFC,WIP
RHEBA35110K,PC,RFC,WIP
RHEBB14110,PC,RFC,WIP
RHEBB14110A,PC,RFC,WIP
RHEBB14110K,PC,RFC,WIP
RHEBB15110,PC,RFC,WIP
RHEBB15110K,PC,RFC,WIP
RHEBB24110,PC,RFC,WIP
RHEBB24110A,PC,RFC,WIP
RHEBB24110K,PC,RFC,WIP
RHEBB25110,PC,RFC,WIP
RHEBB25110K,PC,RFC,WIP
RHEBC14110,PC,RFC,WIP
RHEBC14110A,PC,RFC,WIP
RHEBC14110K,PC,RFC,WIP
RHEBE14110,PC,RFC,WIP
RHEBE14110A,PC,RFC,WIP
RHEBE14110K,PC,RFC,WIP
RHEBE15110,PC,RFC,WIP
RHEBE15110K,PC,RFC,WIP
RHEBE24110,PC,RFC,WIP
RHEBE24110A,PC,RFC,WIP
RHEBE24110K,PC,RFC,WIP
RHEBE25110,PC,RFC,WIP
RHEBE25110K,PC,RFC,WIP
RHEBG14110,PC,RFC,WIP
RHEBG14110A,PC,RFC,WIP
RHEBG14110K,PC,RFC,WIP
RHEBG15110,PC,RFC,WIP
RHEBG15110K,PC,RFC,WIP
RHEBH14110,PC,RFC,WIP
RHEBH14110A,PC,RFC,WIP
RHEBH14110K,PC,RFC,WIP
RHEBH15110,PC,RFC,WIP
RHEBH15110K,PC,RFC,WIP
RHEBR75100,PC,RFC,WIP
RHEBR75100K,PC,RFC,WIP
RHEBR95100,PC,RFC,WIP
RHEBR95100K,PC,RFC,WIP
RHF+4AL1000,PC,RFC,WIP
RHF+4AL1000A,PC,RFC,WIP
RHF+4AL2000,PC,RFC,WIP
RHF+4AL2000A,PC,RFC,WIP
RHF+4AL3000,PC,RFC,WIP
RHF+4AL3000A,PC,RFC,WIP
RHF+4AP4561,PC,RFC,WIP
RHF+4AP4561A,PC,RFC,WIP
RHF+4AP4561C,PC,RFC,WIP
RHF+4AP5561,PC,RFC,WIP
RHF+4AP5561A,PC,RFC,WIP
RHF+4AP5561C,PC,RFC,WIP
RHF+4APR241,PC,RFC,WIP
RHF+4APR241C,PC,RFC,WIP
RHF+4AR1000,PC,RFC,WIP
RHF+4AR1000A,PC,RFC,WIP
RHF+4AR2000,PC,RFC,WIP
RHF+4AR2000A,PC,RFC,WIP
RHF+4ARJP00,PC,RFC,WIP
RHF+4ARJP00A,PC,RFC,WIP
RHF+4BPIN00,PC,RFC,WIP
RHF+4BPIN00A,PC,RFC,WIP
RHF+4BPJP00,PC,RFC,WIP
RHF+4BPJP00A,PC,RFC,WIP
RHF+4CL3500,PC,RFC,WIP
RHF+4CL3500A,PC,RFC,WIP
RHF+4CL4000,PC,RFC,WIP
RHF+4CL4000A,PC,RFC,WIP
RHF+4CL5000,PC,RFC,WIP
RHF+4CL5000A,PC,RFC,WIP
RHF+4CR3500,PC,RFC,WIP
RHF+4CR3500A,PC,RFC,WIP
RHF+4CR4000,PC,RFC,WIP
RHF+4CR4000A,PC,RFC,WIP
RHF+4CR5000,PC,RFC,WIP
RHF+4CR5000A,PC,RFC,WIP
RHF+4JL3500,PC,RFC,WIP
RHF+4JL3500A,PC,RFC,WIP
RHF+4JL4000,PC,RFC,WIP
RHF+4JL4000A,PC,RFC,WIP
RHF+4JR3500,PC,RFC,WIP
RHF+4JR3500A,PC,RFC,WIP
RHF+4JR4000,PC,RFC,WIP
RHF+4JR4000A,PC,RFC,WIP
RHF+4MP2520,PC,RFC,WIP
RHF+4MP2520A,PC,RFC,WIP
RHF+4MP2528,PC,RFC,WIP
RHF+4MP2528A,PC,RFC,WIP
RHF+4MP3020,PC,RFC,WIP
RHF+4MP3020A,PC,RFC,WIP
RHF+4MP3028,PC,RFC,WIP
RHF+4MP3028A,PC,RFC,WIP
RHF+4MP3520,PC,RFC,WIP
RHF+4MP3520A,PC,RFC,WIP
RHF+4MP3521,PC,RFC,WIP
RHF+4MP4020,PC,RFC,WIP
RHF+4MP4020A,PC,RFC,WIP
RHF+4PR2008,PC,RFC,WIP
RHF+4PR2008A,PC,RFC,WIP
RHF+4PR2508,PC,RFC,WIP
RHF+4PR2508A,PC,RFC,WIP
RHF+4SP0061,PC,RFC,WIP
RHF+4SP0061A,PC,RFC,WIP
RHF+4SP0061C,PC,RFC,WIP
RHF+4SP0068,PC,RFC,WIP
RHF+4SP0068A,PC,RFC,WIP
RHF+4SP0068C,PC,RFC,WIP
RHF+4SP0069,PC,RFC,WIP
RHF+4SP006G,PC,RFC,WIP
RHF+4SP006GA,PC,RFC,WIP
RHF+4ST0109,PC,RFC,WIP
RHF+4ST0161,PC,RFC,WIP
RHF+4ST0161A,PC,RFC,WIP
RHF+4ST016G,PC,RFC,WIP
RHF+4ST016GA,PC,RFC,WIP
RHF+5AL1000,PC,RFC,WIP
RHF+5AL1000A,PC,RFC,WIP
RHF+5AL2000,PC,RFC,WIP
RHF+5AL2000A,PC,RFC,WIP
RHF+5AL3000,PC,RFC,WIP
RHF+5AL3000A,PC,RFC,WIP
RHF+5AP4561,PC,RFC,WIP
RHF+5AP4561C,PC,RFC,WIP
RHF+5AP5561,PC,RFC,WIP
RHF+5AP5561C,PC,RFC,WIP
RHF+5APR241,PC,RFC,WIP
RHF+5APR241C,PC,RFC,WIP
RHF+5AR1000,PC,RFC,WIP
RHF+5AR1000A,PC,RFC,WIP
RHF+5AR2000,PC,RFC,WIP
RHF+5AR2000A,PC,RFC,WIP
RHF+5AR3000,PC,RFC,WIP
RHF+5AR3000A,PC,RFC,WIP
RHF+5ARJP00,PC,RFC,WIP
RHF+5ARJP00A,PC,RFC,WIP
RHF+5BL3520,PC,RFC,WIP
RHF+5BL3520A,PC,RFC,WIP
RHF+5BL4020,PC,RFC,WIP
RHF+5BL4020A,PC,RFC,WIP
RHF+5BLK410,PC,RFC,WIP
RHF+5BLK410A,PC,RFC,WIP
RHF+5BLK411,PC,RFC,WIP
RHF+5BPIM00,PC,RFC,WIP
RHF+5BPIM00A,PC,RFC,WIP
RHF+5BPIN00,PC,RFC,WIP
RHF+5BPIN00A,PC,RFC,WIP
RHF+5BPIR00,PC,RFC,WIP
RHF+5BPIR00A,PC,RFC,WIP
RHF+5BPJL00,PC,RFC,WIP
RHF+5BPJL00A,PC,RFC,WIP
RHF+5BPJP00,PC,RFC,WIP
RHF+5BPJP00A,PC,RFC,WIP
RHF+5BPJR00,PC,RFC,WIP
RHF+5BPJR00A,PC,RFC,WIP
RHF+5BPRB01,PC,RFC,WIP
RHF+5BU3500,PC,RFC,WIP
RHF+5BU3500A,PC,RFC,WIP
RHF+5CAS100,PC,RFC,WIP
RHF+5CAS100A,PC,RFC,WIP
RHF+5CL3500,PC,RFC,WIP
RHF+5CL3500A,PC,RFC,WIP
RHF+5CL4000,PC,RFC,WIP
RHF+5CL4000A,PC,RFC,WIP
RHF+5CL4001,PC,RFC,WIP
RHF+5CL4500,PC,RFC,WIP
RHF+5CL4500A,PC,RFC,WIP
RHF+5CL5000,PC,RFC,WIP
RHF+5CL5000A,PC,RFC,WIP
RHF+5CL5001,PC,RFC,WIP
RHF+5CL6000,PC,RFC,WIP
RHF+5CL6000A,PC,RFC,WIP
RHF+5CL6001,PC,RFC,WIP
RHF+5CR3500,PC,RFC,WIP
RHF+5CR3500A,PC,RFC,WIP
RHF+5CR3521,PC,RFC,WIP
RHF+5CR3528,PC,RFC,WIP
RHF+5CR3528A,PC,RFC,WIP
RHF+5CR4000,PC,RFC,WIP
RHF+5CR4000A,PC,RFC,WIP
RHF+5CR4001,PC,RFC,WIP
RHF+5CR4500,PC,RFC,WIP
RHF+5CR4500A,PC,RFC,WIP
RHF+5CR5000,PC,RFC,WIP
RHF+5CR5000A,PC,RFC,WIP
RHF+5FJ1000,PC,RFC,WIP
RHF+5FJ1000A,PC,RFC,WIP
RHF+5JL3500,PC,RFC,WIP
RHF+5JL3500A,PC,RFC,WIP
RHF+5JL4000,PC,RFC,WIP
RHF+5JL4000A,PC,RFC,WIP
RHF+5JL5000,PC,RFC,WIP
RHF+5JL5000A,PC,RFC,WIP
RHF+5JR3500,PC,RFC,WIP
RHF+5JR3500A,PC,RFC,WIP
RHF+5JR4000,PC,RFC,WIP
RHF+5JR4000A,PC,RFC,WIP
RHF+5JR5000,PC,RFC,WIP
RHF+5JR5000A,PC,RFC,WIP
RHF+5JR6000,PC,RFC,WIP
RHF+5JR6000A,PC,RFC,WIP
RHF+5MP2520,PC,RFC,WIP
RHF+5MP2520A,PC,RFC,WIP
RHF+5MP2528,PC,RFC,WIP
RHF+5MP2528A,PC,RFC,WIP
RHF+5MP3020,PC,RFC,WIP
RHF+5MP3020A,PC,RFC,WIP
RHF+5MP3500,PC,RFC,WIP
RHF+5MP3500A,PC,RFC,WIP
RHF+5MP3520,PC,RFC,WIP
RHF+5MP3520A,PC,RFC,WIP
RHF+5MP4001,PC,RFC,WIP
RHF+5MP4020,PC,RFC,WIP
RHF+5MP4020A,PC,RFC,WIP
RHF+5SP0061,PC,RFC,WIP
RHF+5SP0061C,PC,RFC,WIP
RHF+5SP0068,PC,RFC,WIP
RHF+5SP0068C,PC,RFC,WIP
RHF+5SP006G,PC,RFC,WIP
RHF+5TIG110,PC,RFC,WIP
RHF+5TIG110A,PC,RFC,WIP
RHF+5TIG111,PC,RFC,WIP
RHF+5TR3510,PC,RFC,WIP
RHF+5TR3510A,PC,RFC,WIP
RHF+5TR4000,PC,RFC,WIP
RHF+5TR4000A,PC,RFC,WIP
RHF+5TR4001,PC,RFC,WIP
RHF+5TR4010,PC,RFC,WIP
RHF+5TR4010A,PC,RFC,WIP
RHF+5TR4500,PC,RFC,WIP
RHF+5TR4500A,PC,RFC,WIP
RHF+5TR5000,PC,RFC,WIP
RHF+5TR5000A,PC,RFC,WIP
RHF+5TR5001,PC,RFC,WIP
RHF+6AL1000,PC,RFC,WIP
RHF+6AL1000B,PC,RFC,WIP
RHF+6AL2000,PC,RFC,WIP
RHF+6AL2000B,PC,RFC,WIP
RHF+6AL3000,PC,RFC,WIP
RHF+6AL3000B,PC,RFC,WIP
RHF+6AP4561,PC,RFC,WIP
RHF+6AP4561C,PC,RFC,WIP
RHF+6AP5561C,PC,RFC,WIP
RHF+6APR241C,PC,RFC,WIP
RHF+6AR1000,PC,RFC,WIP
RHF+6AR1000B,PC,RFC,WIP
RHF+6AR2000,PC,RFC,WIP
RHF+6AR2000B,PC,RFC,WIP
RHF+6AR3000,PC,RFC,WIP
RHF+6AR3000B,PC,RFC,WIP
RHF+6ARJP00,PC,RFC,WIP
RHF+6BLK410,PC,RFC,WIP
RHF+6BPIN00,PC,RFC,WIP
RHF+6BPIN00B,PC,RFC,WIP
RHF+6BPIR00,PC,RFC,WIP
RHF+6BPIR00B,PC,RFC,WIP
RHF+6BPJL00,PC,RFC,WIP
RHF+6BPJL00B,PC,RFC,WIP
RHF+6BPJR00,PC,RFC,WIP
RHF+6BPJR00B,PC,RFC,WIP
RHF+6CL3500,PC,RFC,WIP
RHF+6CL3500B,PC,RFC,WIP
RHF+6CL4000,PC,RFC,WIP
RHF+6CL4000B,PC,RFC,WIP
RHF+6CL4020,PC,RFC,WIP
RHF+6CL4500,PC,RFC,WIP
RHF+6CL5000,PC,RFC,WIP
RHF+6CL5000B,PC,RFC,WIP
RHF+6CL6000,PC,RFC,WIP
RHF+6CL6000B,PC,RFC,WIP
RHF+6CR3500,PC,RFC,WIP
RHF+6CR3500B,PC,RFC,WIP
RHF+6CR4000,PC,RFC,WIP
RHF+6CR4000B,PC,RFC,WIP
RHF+6CR4020,PC,RFC,WIP
RHF+6CR4500,PC,RFC,WIP
RHF+6CR5000,PC,RFC,WIP
RHF+6CR5000B,PC,RFC,WIP
RHF+6CR6000,PC,RFC,WIP
RHF+6JL3500,PC,RFC,WIP
RHF+6JL3500B,PC,RFC,WIP
RHF+6JL4000,PC,RFC,WIP
RHF+6JL4000B,PC,RFC,WIP
RHF+6JL5000,PC,RFC,WIP
RHF+6JL5000B,PC,RFC,WIP
RHF+6JR3500,PC,RFC,WIP
RHF+6JR3500B,PC,RFC,WIP
RHF+6JR4000,PC,RFC,WIP
RHF+6JR4000B,PC,RFC,WIP
RHF+6JR5000,PC,RFC,WIP
RHF+6JR5000B,PC,RFC,WIP
RHF+6JR6000,PC,RFC,WIP
RHF+6JR6000B,PC,RFC,WIP
RHF+6MP2520,PC,RFC,WIP
RHF+6MP2520B,PC,RFC,WIP
RHF+6MP3020,PC,RFC,WIP
RHF+6MP3020B,PC,RFC,WIP
RHF+6MP3500,PC,RFC,WIP
RHF+6MP3520,PC,RFC,WIP
RHF+6MP3520B,PC,RFC,WIP
RHF+6MP4020,PC,RFC,WIP
RHF+6MP4020B,PC,RFC,WIP
RHF+6SP0061,PC,RFC,WIP
RHF+6SP0061C,PC,RFC,WIP
RHF+6TIG110,PC,RFC,WIP
RHF+6TR3500,PC,RFC,WIP
RHF+6TR4000,PC,RFC,WIP
RHF+6TR4000B,PC,RFC,WIP
RHF+6TR5000,PC,RFC,WIP
RHF+AB44108,PC,RFC,WIP
RHF+AB44108A,PC,RFC,WIP
RHF+AB4410G,PC,RFC,WIP
RHF+AB4410GA,PC,RFC,WIP
RHF+AB45108,PC,RFC,WIP
RHF+AB45108A,PC,RFC,WIP
RHF+AB4510G,PC,RFC,WIP
RHF+AB4510GA,PC,RFC,WIP
RHF+AB54108,PC,RFC,WIP
RHF+AB54108A,PC,RFC,WIP
RHF+AB5410G,PC,RFC,WIP
RHF+AB5410GA,PC,RFC,WIP
RHF+AB55108,PC,RFC,WIP
RHF+AB55108A,PC,RFC,WIP
RHF+AB5510G,PC,RFC,WIP
RHF+AB5510GA,PC,RFC,WIP
RHF+AB64108,PC,RFC,WIP
RHF+AB64108A,PC,RFC,WIP
RHF+AB65108,PC,RFC,WIP
RHF+AB65108A,PC,RFC,WIP
RHF+AC3510G,PC,RFC,WIP
RHF+AC3510GA,PC,RFC,WIP
RHF+AC4410G,PC,RFC,WIP
RHF+AC4410GA,PC,RFC,WIP
RHF+AC4510G,PC,RFC,WIP
RHF+AC4510GA,PC,RFC,WIP
RHF+AD44108,PC,RFC,WIP
RHF+AD44108A,PC,RFC,WIP
RHF+AD4410G,PC,RFC,WIP
RHF+AD4410GA,PC,RFC,WIP
RHF+AD5410G,PC,RFC,WIP
RHF+AD5410GA,PC,RFC,WIP
RHF+AD5510G,PC,RFC,WIP
RHF+AD5510GA,PC,RFC,WIP
RHF+AD6410G,PC,RFC,WIP
RHF+AD6410GA,PC,RFC,WIP
RHF+AD6510G,PC,RFC,WIP
RHF+AD6510GA,PC,RFC,WIP
RHF+AE44108,PC,RFC,WIP
RHF+AE44108A,PC,RFC,WIP
RHF+AE4410G,PC,RFC,WIP
RHF+AE4410GA,PC,RFC,WIP
RHF+AE4510G,PC,RFC,WIP
RHF+AE4510GA,PC,RFC,WIP
RHF+AE55108,PC,RFC,WIP
RHF+AE55108A,PC,RFC,WIP
RHF+AED510G,PC,RFC,WIP
RHF+AED510GA,PC,RFC,WIP
RHF+AF15110,PC,RFC,WIP
RHF+AG34108,PC,RFC,WIP
RHF+AG34108A,PC,RFC,WIP
RHF+AG94107,PC,RFC,WIP
RHF+AG94107A,PC,RFC,WIP
RHF+AG95107,PC,RFC,WIP
RHF+AG95107A,PC,RFC,WIP
RHF+AGF4108,PC,RFC,WIP
RHF+AGF4108A,PC,RFC,WIP
RHF+AUB5108,PC,RFC,WIP
RHF+AUB5108A,PC,RFC,WIP
RHF+BA14110,PC,RFC,WIP
RHF+BA14110A,PC,RFC,WIP
RHF+BA15110,PC,RFC,WIP
RHF+BA24110,PC,RFC,WIP
RHF+BA24110A,PC,RFC,WIP
RHF+BA25110,PC,RFC,WIP
RHF+BA34110,PC,RFC,WIP
RHF+BA34110A,PC,RFC,WIP
RHF+BA35110,PC,RFC,WIP
RHF+BB14110,PC,RFC,WIP
RHF+BB14110A,PC,RFC,WIP
RHF+BB15110,PC,RFC,WIP
RHF+BB24110,PC,RFC,WIP
RHF+BB24110A,PC,RFC,WIP
RHF+BB25110,PC,RFC,WIP
RHF+BC14110,PC,RFC,WIP
RHF+BC14110A,PC,RFC,WIP
RHF+BE14110,PC,RFC,WIP
RHF+BE14110A,PC,RFC,WIP
RHF+BE15110,PC,RFC,WIP
RHF+BE24110,PC,RFC,WIP
RHF+BE24110A,PC,RFC,WIP
RHF+BG14110,PC,RFC,WIP
RHF+BG14110A,PC,RFC,WIP
RHF+BG15110,PC,RFC,WIP
RHF+BH14110,PC,RFC,WIP
RHF+BH14110A,PC,RFC,WIP
RHF+BH15110,PC,RFC,WIP
RHF4AL1000,PC,RFC,WIP
RHF4AL1000A,PC,RFC,WIP
RHF4AL1000K,PC,RFC,WIP
RHF4AL2000,PC,RFC,WIP
RHF4AL2000A,PC,RFC,WIP
RHF4AL2000K,PC,RFC,WIP
RHF4AL3000,PC,RFC,WIP
RHF4AL3000A,PC,RFC,WIP
RHF4AL3000K,PC,RFC,WIP
RHF4AP4561,PC,RFC,WIP
RHF4AP4561A,PC,RFC,WIP
RHF4AP4561K,PC,RFC,WIP
RHF4AP5561,PC,RFC,WIP
RHF4AP5561A,PC,RFC,WIP
RHF4AP5561K,PC,RFC,WIP
RHF4AP5561V,PC,RFC,WIP
RHF4APR241,PC,RFC,WIP
RHF4APR241K,PC,RFC,WIP
RHF4AR1000,PC,RFC,WIP
RHF4AR1000A,PC,RFC,WIP
RHF4AR1000K,PC,RFC,WIP
RHF4AR2000,PC,RFC,WIP
RHF4AR2000A,PC,RFC,WIP
RHF4AR2000K,PC,RFC,WIP
RHF4ARJP00,PC,RFC,WIP
RHF4ARJP00A,PC,RFC,WIP
RHF4ARJP00K,PC,RFC,WIP
RHF4BPIN00,PC,RFC,WIP
RHF4BPIN00A,PC,RFC,WIP
RHF4BPIN00K,PC,RFC,WIP
RHF4BPJP00,PC,RFC,WIP
RHF4BPJP00A,PC,RFC,WIP
RHF4BPJP00K,PC,RFC,WIP
RHF4CL3500,PC,RFC,WIP
RHF4CL3500A,PC,RFC,WIP
RHF4CL3500K,PC,RFC,WIP
RHF4CL4000,PC,RFC,WIP
RHF4CL4000A,PC,RFC,WIP
RHF4CL4000K,PC,RFC,WIP
RHF4CL5000,PC,RFC,WIP
RHF4CL5000A,PC,RFC,WIP
RHF4CL5000K,PC,RFC,WIP
RHF4CR3500,PC,RFC,WIP
RHF4CR3500A,PC,RFC,WIP
RHF4CR3500K,PC,RFC,WIP
RHF4CR4000,PC,RFC,WIP
RHF4CR4000A,PC,RFC,WIP
RHF4CR4000K,PC,RFC,WIP
RHF4CR5000,PC,RFC,WIP
RHF4CR5000A,PC,RFC,WIP
RHF4CR5000K,PC,RFC,WIP
RHF4JL3500,PC,RFC,WIP
RHF4JL3500A,PC,RFC,WIP
RHF4JL3500K,PC,RFC,WIP
RHF4JL4000,PC,RFC,WIP
RHF4JL4000A,PC,RFC,WIP
RHF4JL4000K,PC,RFC,WIP
RHF4JR3500,PC,RFC,WIP
RHF4JR3500A,PC,RFC,WIP
RHF4JR3500K,PC,RFC,WIP
RHF4JR4000,PC,RFC,WIP
RHF4JR4000A,PC,RFC,WIP
RHF4JR4000K,PC,RFC,WIP
RHF4MP2520,PC,RFC,WIP
RHF4MP2520A,PC,RFC,WIP
RHF4MP2520K,PC,RFC,WIP
RHF4MP2528,PC,RFC,WIP
RHF4MP2528A,PC,RFC,WIP
RHF4MP2528K,PC,RFC,WIP
RHF4MP3020,PC,RFC,WIP
RHF4MP3020A,PC,RFC,WIP
RHF4MP3020K,PC,RFC,WIP
RHF4MP3028,PC,RFC,WIP
RHF4MP3028A,PC,RFC,WIP
RHF4MP3028K,PC,RFC,WIP
RHF4MP3520,PC,RFC,WIP
RHF4MP3520A,PC,RFC,WIP
RHF4MP3520K,PC,RFC,WIP
RHF4MP3521,PC,RFC,WIP
RHF4MP3521K,PC,RFC,WIP
RHF4MP4020,PC,RFC,WIP
RHF4MP4020A,PC,RFC,WIP
RHF4MP4020K,PC,RFC,WIP
RHF4PR2008,PC,RFC,WIP
RHF4PR2008A,PC,RFC,WIP
RHF4PR2008K,PC,RFC,WIP
RHF4PR2508,PC,RFC,WIP
RHF4PR2508A,PC,RFC,WIP
RHF4PR2508K,PC,RFC,WIP
RHF4SP0061,PC,RFC,WIP
RHF4SP0061A,PC,RFC,WIP
RHF4SP0061K,PC,RFC,WIP
RHF4SP0068,PC,RFC,WIP
RHF4SP0068A,PC,RFC,WIP
RHF4SP0068K,PC,RFC,WIP
RHF4SP0069,PC,RFC,WIP
RHF4SP0069K,PC,RFC,WIP
RHF4SP006G,PC,RFC,WIP
RHF4SP006GA,PC,RFC,WIP
RHF4SP006GK,PC,RFC,WIP
RHF4ST0109,PC,RFC,WIP
RHF4ST0109K,PC,RFC,WIP
RHF4ST0161,PC,RFC,WIP
RHF4ST0161A,PC,RFC,WIP
RHF4ST0161K,PC,RFC,WIP
RHF4ST016G,PC,RFC,WIP
RHF4ST016GA,PC,RFC,WIP
RHF4ST016GK,PC,RFC,WIP
RHF5AL1000,PC,RFC,WIP
RHF5AL1000A,PC,RFC,WIP
RHF5AL1000K,PC,RFC,WIP
RHF5AL2000,PC,RFC,WIP
RHF5AL2000A,PC,RFC,WIP
RHF5AL2000K,PC,RFC,WIP
RHF5AL3000,PC,RFC,WIP
RHF5AL3000A,PC,RFC,WIP
RHF5AL3000K,PC,RFC,WIP
RHF5AP4561,PC,RFC,WIP
RHF5AP4561K,PC,RFC,WIP
RHF5AP5561,PC,RFC,WIP
RHF5AP5561K,PC,RFC,WIP
RHF5APR241,PC,RFC,WIP
RHF5APR241K,PC,RFC,WIP
RHF5AR1000,PC,RFC,WIP
RHF5AR1000A,PC,RFC,WIP
RHF5AR1000K,PC,RFC,WIP
RHF5AR2000,PC,RFC,WIP
RHF5AR2000A,PC,RFC,WIP
RHF5AR2000K,PC,RFC,WIP
RHF5AR3000,PC,RFC,WIP
RHF5AR3000A,PC,RFC,WIP
RHF5AR3000K,PC,RFC,WIP
RHF5ARJP00,PC,RFC,WIP
RHF5ARJP00A,PC,RFC,WIP
RHF5ARJP00K,PC,RFC,WIP
RHF5BL3520,PC,RFC,WIP
RHF5BL3520A,PC,RFC,WIP
RHF5BL3520K,PC,RFC,WIP
RHF5BL4020,PC,RFC,WIP
RHF5BL4020A,PC,RFC,WIP
RHF5BL4020K,PC,RFC,WIP
RHF5BLK410,PC,RFC,WIP
RHF5BLK410A,PC,RFC,WIP
RHF5BLK410K,PC,RFC,WIP
RHF5BLK411,PC,RFC,WIP
RHF5BLK411K,PC,RFC,WIP
RHF5BPIM00,PC,RFC,WIP
RHF5BPIM00A,PC,RFC,WIP
RHF5BPIM00K,PC,RFC,WIP
RHF5BPIN00,PC,RFC,WIP
RHF5BPIN00A,PC,RFC,WIP
RHF5BPIN00K,PC,RFC,WIP
RHF5BPIR00,PC,RFC,WIP
RHF5BPIR00A,PC,RFC,WIP
RHF5BPIR00K,PC,RFC,WIP
RHF5BPJL00,PC,RFC,WIP
RHF5BPJL00A,PC,RFC,WIP
RHF5BPJL00K,PC,RFC,WIP
RHF5BPJP00,PC,RFC,WIP
RHF5BPJP00A,PC,RFC,WIP
RHF5BPJP00K,PC,RFC,WIP
RHF5BPJR00,PC,RFC,WIP
RHF5BPJR00A,PC,RFC,WIP
RHF5BPJR00K,PC,RFC,WIP
RHF5BPRB01,PC,RFC,WIP
RHF5BPRB01K,PC,RFC,WIP
RHF5BU3500,PC,RFC,WIP
RHF5BU3500A,PC,RFC,WIP
RHF5BU3500K,PC,RFC,WIP
RHF5CAS100,PC,RFC,WIP
RHF5CAS100A,PC,RFC,WIP
RHF5CAS100K,PC,RFC,WIP
RHF5CL3500,PC,RFC,WIP
RHF5CL3500A,PC,RFC,WIP
RHF5CL3500K,PC,RFC,WIP
RHF5CL4000,PC,RFC,WIP
RHF5CL4000A,PC,RFC,WIP
RHF5CL4000K,PC,RFC,WIP
RHF5CL4001,PC,RFC,WIP
RHF5CL4001K,PC,RFC,WIP
RHF5CL4500,PC,RFC,WIP
RHF5CL4500A,PC,RFC,WIP
RHF5CL4500K,PC,RFC,WIP
RHF5CL5000,PC,RFC,WIP
RHF5CL5000A,PC,RFC,WIP
RHF5CL5000K,PC,RFC,WIP
RHF5CL5001,PC,RFC,WIP
RHF5CL5001K,PC,RFC,WIP
RHF5CL6000,PC,RFC,WIP
RHF5CL6000A,PC,RFC,WIP
RHF5CL6000K,PC,RFC,WIP
RHF5CL6001,PC,RFC,WIP
RHF5CL6001K,PC,RFC,WIP
RHF5CR3500,PC,RFC,WIP
RHF5CR3500A,PC,RFC,WIP
RHF5CR3500K,PC,RFC,WIP
RHF5CR3521,PC,RFC,WIP
RHF5CR3521K,PC,RFC,WIP
RHF5CR3528,PC,RFC,WIP
RHF5CR3528A,PC,RFC,WIP
RHF5CR3528K,PC,RFC,WIP
RHF5CR4000,PC,RFC,WIP
RHF5CR4000A,PC,RFC,WIP
RHF5CR4000K,PC,RFC,WIP
RHF5CR4001,PC,RFC,WIP
RHF5CR4001K,PC,RFC,WIP
RHF5CR4500,PC,RFC,WIP
RHF5CR4500A,PC,RFC,WIP
RHF5CR4500K,PC,RFC,WIP
RHF5CR5000,PC,RFC,WIP
RHF5CR5000A,PC,RFC,WIP
RHF5CR5000K,PC,RFC,WIP
RHF5FJ1000,PC,RFC,WIP
RHF5FJ1000A,PC,RFC,WIP
RHF5FJ1000K,PC,RFC,WIP
RHF5JL3500,PC,RFC,WIP
RHF5JL3500A,PC,RFC,WIP
RHF5JL3500K,PC,RFC,WIP
RHF5JL4000,PC,RFC,WIP
RHF5JL4000A,PC,RFC,WIP
RHF5JL4000K,PC,RFC,WIP
RHF5JL5000,PC,RFC,WIP
RHF5JL5000A,PC,RFC,WIP
RHF5JL5000K,PC,RFC,WIP
RHF5JR3500,PC,RFC,WIP
RHF5JR3500A,PC,RFC,WIP
RHF5JR3500K,PC,RFC,WIP
RHF5JR4000,PC,RFC,WIP
RHF5JR4000A,PC,RFC,WIP
RHF5JR4000K,PC,RFC,WIP
RHF5JR5000,PC,RFC,WIP
RHF5JR5000A,PC,RFC,WIP
RHF5JR5000K,PC,RFC,WIP
RHF5JR6000,PC,RFC,WIP
RHF5JR6000A,PC,RFC,WIP
RHF5JR6000K,PC,RFC,WIP
RHF5MP2520,PC,RFC,WIP
RHF5MP2520A,PC,RFC,WIP
RHF5MP2520K,PC,RFC,WIP
RHF5MP2528,PC,RFC,WIP
RHF5MP2528A,PC,RFC,WIP
RHF5MP2528K,PC,RFC,WIP
RHF5MP3020,PC,RFC,WIP
RHF5MP3020A,PC,RFC,WIP
RHF5MP3020K,PC,RFC,WIP
RHF5MP3500,PC,RFC,WIP
RHF5MP3500A,PC,RFC,WIP
RHF5MP3500K,PC,RFC,WIP
RHF5MP3520,PC,RFC,WIP
RHF5MP3520A,PC,RFC,WIP
RHF5MP3520K,PC,RFC,WIP
RHF5MP4001,PC,RFC,WIP
RHF5MP4001K,PC,RFC,WIP
RHF5MP4020,PC,RFC,WIP
RHF5MP4020A,PC,RFC,WIP
RHF5MP4020K,PC,RFC,WIP
RHF5SP0061,PC,RFC,WIP
RHF5SP0061K,PC,RFC,WIP
RHF5SP0068,PC,RFC,WIP
RHF5SP0068K,PC,RFC,WIP
RHF5SP006G,PC,RFC,WIP
RHF5SP006GK,PC,RFC,WIP
RHF5TIG110,PC,RFC,WIP
RHF5TIG110A,PC,RFC,WIP
RHF5TIG110K,PC,RFC,WIP
RHF5TIG111,PC,RFC,WIP
RHF5TIG111K,PC,RFC,WIP
RHF5TR3510,PC,RFC,WIP
RHF5TR3510A,PC,RFC,WIP
RHF5TR3510K,PC,RFC,WIP
RHF5TR4000,PC,RFC,WIP
RHF5TR4000A,PC,RFC,WIP
RHF5TR4000K,PC,RFC,WIP
RHF5TR4001,PC,RFC,WIP
RHF5TR4001K,PC,RFC,WIP
RHF5TR4010,PC,RFC,WIP
RHF5TR4010A,PC,RFC,WIP
RHF5TR4010K,PC,RFC,WIP
RHF5TR4500,PC,RFC,WIP
RHF5TR4500A,PC,RFC,WIP
RHF5TR4500K,PC,RFC,WIP
RHF5TR5000,PC,RFC,WIP
RHF5TR5000A,PC,RFC,WIP
RHF5TR5000K,PC,RFC,WIP
RHF5TR5001,PC,RFC,WIP
RHF5TR5001K,PC,RFC,WIP
RHF6AL1000,PC,RFC,WIP
RHF6AL1000A,PC,RFC,WIP
RHF6AL1000K,PC,RFC,WIP
RHF6AL2000,PC,RFC,WIP
RHF6AL2000A,PC,RFC,WIP
RHF6AL2000K,PC,RFC,WIP
RHF6AL3000,PC,RFC,WIP
RHF6AL3000A,PC,RFC,WIP
RHF6AL3000K,PC,RFC,WIP
RHF6AP4561,PC,RFC,WIP
RHF6AP4561K,PC,RFC,WIP
RHF6AP5561,PC,RFC,WIP
RHF6AP5561K,PC,RFC,WIP
RHF6APR241,PC,RFC,WIP
RHF6APR241K,PC,RFC,WIP
RHF6AR1000,PC,RFC,WIP
RHF6AR1000A,PC,RFC,WIP
RHF6AR1000K,PC,RFC,WIP
RHF6AR2000,PC,RFC,WIP
RHF6AR2000A,PC,RFC,WIP
RHF6AR2000K,PC,RFC,WIP
RHF6AR3000,PC,RFC,WIP
RHF6AR3000A,PC,RFC,WIP
RHF6AR3000K,PC,RFC,WIP
RHF6ARJP00,PC,RFC,WIP
RHF6ARJP00A,PC,RFC,WIP
RHF6ARJP00K,PC,RFC,WIP
RHF6BLK410,PC,RFC,WIP
RHF6BLK410A,PC,RFC,WIP
RHF6BLK410K,PC,RFC,WIP
RHF6BPIN00,PC,RFC,WIP
RHF6BPIN00A,PC,RFC,WIP
RHF6BPIN00K,PC,RFC,WIP
RHF6BPIR00,PC,RFC,WIP
RHF6BPIR00A,PC,RFC,WIP
RHF6BPIR00K,PC,RFC,WIP
RHF6BPJL00,PC,RFC,WIP
RHF6BPJL00A,PC,RFC,WIP
RHF6BPJL00K,PC,RFC,WIP
RHF6BPJR00,PC,RFC,WIP
RHF6BPJR00A,PC,RFC,WIP
RHF6BPJR00K,PC,RFC,WIP
RHF6CL3500,PC,RFC,WIP
RHF6CL3500A,PC,RFC,WIP
RHF6CL3500K,PC,RFC,WIP
RHF6CL4000,PC,RFC,WIP
RHF6CL4000A,PC,RFC,WIP
RHF6CL4000K,PC,RFC,WIP
RHF6CL4020,PC,RFC,WIP
RHF6CL4020A,PC,RFC,WIP
RHF6CL4020K,PC,RFC,WIP
RHF6CL4500,PC,RFC,WIP
RHF6CL4500A,PC,RFC,WIP
RHF6CL4500K,PC,RFC,WIP
RHF6CL5000,PC,RFC,WIP
RHF6CL5000A,PC,RFC,WIP
RHF6CL5000K,PC,RFC,WIP
RHF6CL6000,PC,RFC,WIP
RHF6CL6000A,PC,RFC,WIP
RHF6CL6000K,PC,RFC,WIP
RHF6CR3500,PC,RFC,WIP
RHF6CR3500A,PC,RFC,WIP
RHF6CR3500K,PC,RFC,WIP
RHF6CR4000,PC,RFC,WIP
RHF6CR4000A,PC,RFC,WIP
RHF6CR4000K,PC,RFC,WIP
RHF6CR4020,PC,RFC,WIP
RHF6CR4020A,PC,RFC,WIP
RHF6CR4020K,PC,RFC,WIP
RHF6CR4500,PC,RFC,WIP
RHF6CR4500A,PC,RFC,WIP
RHF6CR4500K,PC,RFC,WIP
RHF6CR5000,PC,RFC,WIP
RHF6CR5000A,PC,RFC,WIP
RHF6CR5000K,PC,RFC,WIP
RHF6CR6000,PC,RFC,WIP
RHF6CR6000A,PC,RFC,WIP
RHF6CR6000K,PC,RFC,WIP
RHF6FL4020K,PC,RFC,WIP
RHF6FL4500K,PC,RFC,WIP
RHF6FL5000K,PC,RFC,WIP
RHF6FL6000K,PC,RFC,WIP
RHF6FR4020K,PC,RFC,WIP
RHF6FR4500K,PC,RFC,WIP
RHF6FR5000K,PC,RFC,WIP
RHF6FR6000K,PC,RFC,WIP
RHF6JL3500,PC,RFC,WIP
RHF6JL3500A,PC,RFC,WIP
RHF6JL3500K,PC,RFC,WIP
RHF6JL4000,PC,RFC,WIP
RHF6JL4000A,PC,RFC,WIP
RHF6JL4000K,PC,RFC,WIP
RHF6JL5000,PC,RFC,WIP
RHF6JL5000A,PC,RFC,WIP
RHF6JL5000K,PC,RFC,WIP
RHF6JR3500,PC,RFC,WIP
RHF6JR3500A,PC,RFC,WIP
RHF6JR3500K,PC,RFC,WIP
RHF6JR4000,PC,RFC,WIP
RHF6JR4000A,PC,RFC,WIP
RHF6JR4000K,PC,RFC,WIP
RHF6JR5000,PC,RFC,WIP
RHF6JR5000A,PC,RFC,WIP
RHF6JR5000K,PC,RFC,WIP
RHF6JR6000,PC,RFC,WIP
RHF6JR6000A,PC,RFC,WIP
RHF6JR6000K,PC,RFC,WIP
RHF6MP2520,PC,RFC,WIP
RHF6MP2520A,PC,RFC,WIP
RHF6MP2520K,PC,RFC,WIP
RHF6MP3020,PC,RFC,WIP
RHF6MP3020A,PC,RFC,WIP
RHF6MP3020K,PC,RFC,WIP
RHF6MP3500,PC,RFC,WIP
RHF6MP3500A,PC,RFC,WIP
RHF6MP3500K,PC,RFC,WIP
RHF6MP3520,PC,RFC,WIP
RHF6MP3520A,PC,RFC,WIP
RHF6MP3520K,PC,RFC,WIP
RHF6MP4020,PC,RFC,WIP
RHF6MP4020A,PC,RFC,WIP
RHF6MP4020K,PC,RFC,WIP
RHF6SP0061,PC,RFC,WIP
RHF6SP0061K,PC,RFC,WIP
RHF6TIG110,PC,RFC,WIP
RHF6TIG110A,PC,RFC,WIP
RHF6TIG110K,PC,RFC,WIP
RHF6TR3500,PC,RFC,WIP
RHF6TR3500A,PC,RFC,WIP
RHF6TR3500K,PC,RFC,WIP
RHF6TR4000,PC,RFC,WIP
RHF6TR4000A,PC,RFC,WIP
RHF6TR4000K,PC,RFC,WIP
RHF6TR5000,PC,RFC,WIP
RHF6TR5000A,PC,RFC,WIP
RHF6TR5000K,PC,RFC,WIP
RHFAB44108,PC,RFC,WIP
RHFAB44108A,PC,RFC,WIP
RHFAB44108K,PC,RFC,WIP
RHFAB4410G,PC,RFC,WIP
RHFAB4410GA,PC,RFC,WIP
RHFAB4410GK,PC,RFC,WIP
RHFAB45108,PC,RFC,WIP
RHFAB45108A,PC,RFC,WIP
RHFAB45108K,PC,RFC,WIP
RHFAB4510G,PC,RFC,WIP
RHFAB4510GA,PC,RFC,WIP
RHFAB4510GK,PC,RFC,WIP
RHFAB54108,PC,RFC,WIP
RHFAB54108A,PC,RFC,WIP
RHFAB54108K,PC,RFC,WIP
RHFAB5410G,PC,RFC,WIP
RHFAB5410GA,PC,RFC,WIP
RHFAB5410GK,PC,RFC,WIP
RHFAB55108,PC,RFC,WIP
RHFAB55108A,PC,RFC,WIP
RHFAB55108K,PC,RFC,WIP
RHFAB5510G,PC,RFC,WIP
RHFAB5510GA,PC,RFC,WIP
RHFAB5510GK,PC,RFC,WIP
RHFAB64108,PC,RFC,WIP
RHFAB64108A,PC,RFC,WIP
RHFAB64108K,PC,RFC,WIP
RHFAB65108,PC,RFC,WIP
RHFAB65108A,PC,RFC,WIP
RHFAB65108K,PC,RFC,WIP
RHFAC3510G,PC,RFC,WIP
RHFAC3510GA,PC,RFC,WIP
RHFAC3510GK,PC,RFC,WIP
RHFAC4410G,PC,RFC,WIP
RHFAC4410GA,PC,RFC,WIP
RHFAC4410GK,PC,RFC,WIP
RHFAC4510G,PC,RFC,WIP
RHFAC4510GA,PC,RFC,WIP
RHFAC4510GK,PC,RFC,WIP
RHFAD44108,PC,RFC,WIP
RHFAD44108A,PC,RFC,WIP
RHFAD44108K,PC,RFC,WIP
RHFAD4410G,PC,RFC,WIP
RHFAD4410GA,PC,RFC,WIP
RHFAD4410GK,PC,RFC,WIP
RHFAD5410G,PC,RFC,WIP
RHFAD5410GA,PC,RFC,WIP
RHFAD5410GK,PC,RFC,WIP
RHFAD5510G,PC,RFC,WIP
RHFAD5510GA,PC,RFC,WIP
RHFAD5510GK,PC,RFC,WIP
RHFAD6410G,PC,RFC,WIP
RHFAD6410GA,PC,RFC,WIP
RHFAD6410GK,PC,RFC,WIP
RHFAD6510G,PC,RFC,WIP
RHFAD6510GA,PC,RFC,WIP
RHFAD6510GK,PC,RFC,WIP
RHFAE44108,PC,RFC,WIP
RHFAE44108A,PC,RFC,WIP
RHFAE44108K,PC,RFC,WIP
RHFAE4410G,PC,RFC,WIP
RHFAE4410GA,PC,RFC,WIP
RHFAE4410GK,PC,RFC,WIP
RHFAE4510G,PC,RFC,WIP
RHFAE4510GA,PC,RFC,WIP
RHFAE4510GK,PC,RFC,WIP
RHFAE55108,PC,RFC,WIP
RHFAE55108K,PC,RFC,WIP
RHFAED5108A,PC,RFC,WIP
RHFAED510G,PC,RFC,WIP
RHFAED510GA,PC,RFC,WIP
RHFAED510GK,PC,RFC,WIP
RHFAF15110,PC,RFC,WIP
RHFAF15110K,PC,RFC,WIP
RHFAG34108,PC,RFC,WIP
RHFAG34108A,PC,RFC,WIP
RHFAG34108K,PC,RFC,WIP
RHFAG94107,PC,RFC,WIP
RHFAG94107A,PC,RFC,WIP
RHFAG94107K,PC,RFC,WIP
RHFAG95107,PC,RFC,WIP
RHFAG95107A,PC,RFC,WIP
RHFAG95107K,PC,RFC,WIP
RHFAGF4108,PC,RFC,WIP
RHFAGF4108A,PC,RFC,WIP
RHFAGF4108K,PC,RFC,WIP
RHFAUB5108,PC,RFC,WIP
RHFAUB5108A,PC,RFC,WIP
RHFAUB5108K,PC,RFC,WIP
RHFBA14110,PC,RFC,WIP
RHFBA14110A,PC,RFC,WIP
RHFBA14110K,PC,RFC,WIP
RHFBA15110,PC,RFC,WIP
RHFBA15110K,PC,RFC,WIP
RHFBA24110,PC,RFC,WIP
RHFBA24110A,PC,RFC,WIP
RHFBA24110K,PC,RFC,WIP
RHFBA24110V,PC,RFC,WIP
RHFBA25110,PC,RFC,WIP
RHFBA25110K,PC,RFC,WIP
RHFBA34110,PC,RFC,WIP
RHFBA34110A,PC,RFC,WIP
RHFBA34110K,PC,RFC,WIP
RHFBA35110,PC,RFC,WIP
RHFBA35110K,PC,RFC,WIP
RHFBB14110,PC,RFC,WIP
RHFBB14110A,PC,RFC,WIP
RHFBB14110K,PC,RFC,WIP
RHFBB15110,PC,RFC,WIP
RHFBB15110K,PC,RFC,WIP
RHFBB24110,PC,RFC,WIP
RHFBB24110A,PC,RFC,WIP
RHFBB24110K,PC,RFC,WIP
RHFBB25110,PC,RFC,WIP
RHFBB25110K,PC,RFC,WIP
RHFBC14110,PC,RFC,WIP
RHFBC14110A,PC,RFC,WIP
RHFBC14110K,PC,RFC,WIP
RHFBE14110,PC,RFC,WIP
RHFBE14110A,PC,RFC,WIP
RHFBE14110K,PC,RFC,WIP
RHFBE15110,PC,RFC,WIP
RHFBE15110K,PC,RFC,WIP
RHFBE24110,PC,RFC,WIP
RHFBE24110A,PC,RFC,WIP
RHFBE24110K,PC,RFC,WIP
RHFBE25110,PC,RFC,WIP
RHFBE25110K,PC,RFC,WIP
RHFBG14110,PC,RFC,WIP
RHFBG14110A,PC,RFC,WIP
RHFBG14110K,PC,RFC,WIP
RHFBG15110,PC,RFC,WIP
RHFBG15110K,PC,RFC,WIP
RHFBH14110,PC,RFC,WIP
RHFBH14110A,PC,RFC,WIP
RHFBH14110K,PC,RFC,WIP
RHFBH15110,PC,RFC,WIP
RHFBH15110K,PC,RFC,WIP
RHFBR75100,PC,RFC,WIP
RHFBR75100K,PC,RFC,WIP
RHFBR95100,PC,RFC,WIP
RHFBR95100K,PC,RFC,WIP
RM*AF5G10HQW,EA,IK,FG
RM*AF5J10SQW,EA,IK,FG
RM*AF5J16SQW,EA,IK,FG
RM*AF5J25SQW,EA,IK,FG
RM*AF6G10HQW,EA,IK,FG
RM*AF6J10SQW,EA,IK,FG
RM*AF6J16SQW,EA,IK,FG
RM*AF6J25SQW,EA,IK,FG
RM*BF5F10MQ,EA,IK,FG
RM*BF5F10PQ,EA,IK,FG
RM*BF5F25PQ,EA,IK,FG
RM*BF5J25PQ,EA,IK,FG
RM*BF5M25AQ,EA,IK,FG
RM*BF6F10MQ,EA,IK,FG
RM*BF6F10PQ,EA,IK,FG
RM*BF6F16MQ,EA,IK,FG
RM*BF6F25PQ,EA,IK,FG
RM*BF6J10PQ,EA,IK,FG
RM*BF6J25PQ,EA,IK,FG
RM*BF6M25AQ,EA,IK,FG
RM*CF6J10NQ,EA,IK,FG
RM*ES5F10SQR,EA,IK,FG
RM*ES5F16SQR,EA,IK,FG
RM*ES5J10PQ,EA,IK,FG
RM*ES5J10SQ,EA,IK,FG
RM*ES5J16HQS,EA,IK,FG
RM*ES5J16PQ,EA,IK,FG
RM*ES5J16SQ,EA,IK,FG
RM*ES6F10HQ,EA,IK,FG
RM*ES6F10HQR,EA,IK,FG
RM*ES6F10SQ,EA,IK,FG
RM*ES6F10SQR,EA,IK,FG
RM*ES6F16HQ,EA,IK,FG
RM*ES6F16HQR,EA,IK,FG
RM*ES6F16SQ,EA,IK,FG
RM*ES6F16SQR,EA,IK,FG
RM*ES6J10HQS,EA,IK,FG
RM*ES6J10PQ,EA,IK,FG
RM*ES6J10SQ,EA,IK,FG
RM*ES6J16HQS,EA,IK,FG
RM*ES6J16PQ,EA,IK,FG
RM*ES6J16SQ,EA,IK,FG
RM*ES7F10SQR,EA,IK,FG
RM*ES7F16SQR,EA,IK,FG
RM*ES7J10HQS,EA,IK,FG
RM*ES7J10PQ,EA,IK,FG
RM*ES7J10SQ,EA,IK,FG
RM*ES7J16HQS,EA,IK,FG
RM*ES7J16PQ,EA,IK,FG
RM*ES7J16SQ,EA,IK,FG
RM*RF5F10PQ,EA,IK,FG
RM*RF5F16PQ,EA,IK,FG
RM*RF5F25PQ,EA,IK,FG
RM*RF5J10PQ,EA,IK,FG
RM*RF5J16PQ,EA,IK,FG
RM*RF5J25PQ,EA,IK,FG
RM*RF6F10PQ,EA,IK,FG
RM*RF6F16PQ,EA,IK,FG
RM*RF6F25PQ,EA,IK,FG
RM*RF6J10PQ,EA,IK,FG
RM*RF6J16PQ,EA,IK,FG
RM*RF6J25PQ,EA,IK,FG
RM*RS5C10PQ,EA,IK,FG
RM*RS5F10PQ,EA,IK,FG
RM*RS5F16PQ,EA,IK,FG
RM*RS5J10PQ,EA,IK,FG
RM*RS5J16PQ,EA,IK,FG
RM*RS6C10PQ,EA,IK,FG
RM*RS6F10PQ,EA,IK,FG
RM*RS6F16PQ,EA,IK,FG
RM*RS6J10PQ,EA,IK,FG
RM*RS6J16PQ,EA,IK,FG
RM*RS7F10PQ,EA,IK,FG
RM*RS7F16PQ,EA,IK,FG
RM*RS7J10PQ,EA,IK,FG
RM*RS7J16PQ,EA,IK,FG
RQ+4JL3500CL,PC,RFC,WIP
RQ+4JL3500PL,PC,RFC,WIP
RQ+4JL3500SL,PC,RFC,WIP
RQ+4JL3500UL,PC,RFC,WIP
RQ+4JL4000CL,PC,RFC,WIP
RQ+4JL4000PL,PC,RFC,WIP
RQ+4JL4000SL,PC,RFC,WIP
RQ+4JL4000UL,PC,RFC,WIP
RQ+4JR4000CL,PC,RFC,WIP
RQ+4JR4000PL,PC,RFC,WIP
RQ+4JR4000SL,PC,RFC,WIP
RQ+4JR4000UL,PC,RFC,WIP
RQ+5JL3500CL,PC,RFC,WIP
RQ+5JL3500PL,PC,RFC,WIP
RQ+5JL3500SL,PC,RFC,WIP
RQ+5JL3500UL,PC,RFC,WIP
RQ+5JL4000CL,PC,RFC,WIP
RQ+5JL4000PL,PC,RFC,WIP
RQ+5JL4000SL,PC,RFC,WIP
RQ+5JL4000UL,PC,RFC,WIP
RQ+5JR4000CL,PC,RFC,WIP
RQ+5JR4000PL,PC,RFC,WIP
RQ+5JR4000SL,PC,RFC,WIP
RQ+5JR4000UL,PC,RFC,WIP
RQ+5SP0081CL,PC,RFC,WIP
RQ+5SP0081PL,PC,RFC,WIP
RQ+5SP0081SL,PC,RFC,WIP
RQ+5SP0081UL,PC,RFC,WIP
RQ+5TIG110CL,PC,RFC,WIP
RQ+5TIG110PL,PC,RFC,WIP
RQ+5TIG110SL,PC,RFC,WIP
RQ+5TIG110UL,PC,RFC,WIP
RQ+5TR4010CL,PC,RFC,WIP
RQ+5TR4010PL,PC,RFC,WIP
RQ+5TR4010SL,PC,RFC,WIP
RQ+5TR4010UL,PC,RFC,WIP
RQC4JL3500,PC,RFC,WIP
RQC4JL4000,PC,RFC,WIP
RQC4JR4000,PC,RFC,WIP
RQC5JL3500,PC,RFC,WIP
RQC5JL4000,PC,RFC,WIP
RQC5JR4000,PC,RFC,WIP
RQC5SP0081,PC,RFC,WIP
RQC5TIG110,PC,RFC,WIP
RQC5TR4010,PC,RFC,WIP
RQE4JL3500,PC,RFC,WIP
RQE4JL4000,PC,RFC,WIP
RQE4JR4000,PC,RFC,WIP
RQE5JL3500,PC,RFC,WIP
RQE5JL4000,PC,RFC,WIP
RQE5JR4000,PC,RFC,WIP
RQE5SP0081,PC,RFC,WIP
RQE5TIG110,PC,RFC,WIP
RQE5TR4010,PC,RFC,WIP
RQF4JL3500,PC,RFC,WIP
RQF4JL4000,PC,RFC,WIP
RQF4JR4000,PC,RFC,WIP
RQF5JL3500,PC,RFC,WIP
RQF5JL4000,PC,RFC,WIP
RQF5JR4000,PC,RFC,WIP
RQF5SP0081,PC,RFC,WIP
RQF5TIG110,PC,RFC,WIP
RQF5TR4010,PC,RFC,WIP
RS*A40G07SQ,EA,IK,FG
RS*A40G10SQ,EA,IK,FG
RS*A40G16AQZ,EA,IK,FG
RS*A40G16SQZ,EA,IK,FG
RS*A40K10AQ,EA,IK,FG
RS*A40K10SQ,EA,IK,FG
RS*A40K25MQ,EA,IK,FG
RS*A40K25MQ1,EA,IK,FG
RS*A50G07SQ,EA,IK,FG
RS*A50G16AQZ,EA,IK,FG
RS*A50G16SQZ,EA,IK,FG
RS*A50K10AQ,EA,IK,FG
RS*A50K10SQ,EA,IK,FG
RS*A50K25AQ,EA,IK,FG
RS*A50N25AQ,EA,IK,FG
RS*A60G07AQ,EA,IK,FG
RS*A60G07SQ,EA,IK,FG
RS*A60G16AQZ,EA,IK,FG
RS*A60G16SQZ,EA,IK,FG
RS*A60G25SQ,EA,IK,FG
RS*A60K10AQ,EA,IK,FG
RS*A60K10SQ,EA,IK,FG
RS*A60K25AQ,EA,IK,FG
RS*A60N10SQ,EA,IK,FG
RS*A60N25AQ,EA,IK,FG
RS*A70K10AQ,EA,IK,FG
RS*A70K10MQ,EA,IK,FG
RS*A70K10SQ,EA,IK,FG
RS*A70K25AQ,EA,IK,FG
RS*A70N10MQ,EA,IK,FG
RS*A70N25AQ,EA,IK,FG
RS*A70N25MQ1,EA,IK,FG
RS*A80K10SQ,EA,IK,FG
RS*A80N25AQ,EA,IK,FG
RS*B40G07SQ,EA,IK,FG
RS*B40G10SQ,EA,IK,FG
RS*B40K10AQ,EA,IK,FG
RS*B40K10MQ,EA,IK,FG
RS*B40K10MR,EA,IK,FG
RS*B40K10SQ,EA,IK,FG
RS*B40K25AQ,EA,IK,FG
RS*B50G07SQ,EA,IK,FG
RS*B50G10MR,EA,IK,FG
RS*B50K10MQ,EA,IK,FG
RS*B50K10MR,EA,IK,FG
RS*B50K10SQ,EA,IK,FG
RS*B50K25AQ,EA,IK,FG
RS*B50N10AQ,EA,IK,FG
RS*B50N10MQ,EA,IK,FG
RS*B50N10MR,EA,IK,FG
RS*B50N10MR5,EA,IK,FG
RS*B50N10SQ,EA,IK,FG
RS*B50N25AQ,EA,IK,FG
RS*B50N25AQ5,EA,IK,FG
RS*B60G07SQ,EA,IK,FG
RS*B60G10MR,EA,IK,FG
RS*B60G10SQ,EA,IK,FG
RS*B60K07MQ,EA,IK,FG
RS*B60K10MQ,EA,IK,FG
RS*B60K10MR,EA,IK,FG
RS*B60K10SQ,EA,IK,FG
RS*B60K25AQ,EA,IK,FG
RS*B60N10MQ,EA,IK,FG
RS*B60N10MR,EA,IK,FG
RS*B60N10MR5,EA,IK,FG
RS*B60N10SQ,EA,IK,FG
RS*B60N25AQ,EA,IK,FG
RS*B60N25AQ5,EA,IK,FG
RS*B60N25MQ,EA,IK,FG
RS*B70K10MQ,EA,IK,FG
RS*B70K10MR,EA,IK,FG
RS*B70K10SQ,EA,IK,FG
RS*B70K25AQ,EA,IK,FG
RS*B70N10MQ,EA,IK,FG
RS*B70N10MR,EA,IK,FG
RS*B70N10MR5,EA,IK,FG
RS*B70N10SQ,EA,IK,FG
RS*B70N25AQ,EA,IK,FG
RS*B70N25AQ5,EA,IK,FG
RS*B70N25MQ,EA,IK,FG
RS*B80K10MQ,EA,IK,FG
RS*B80K10MR,EA,IK,FG
RS*B80K10SQ,EA,IK,FG
RS*B80K25AQ,EA,IK,FG
RS*B80N10MQ,EA,IK,FG
RS*B80N10MR,EA,IK,FG
RS*B80N10MR5,EA,IK,FG
RS*B80N10SQ,EA,IK,FG
RS*B80N25AQ,EA,IK,FG
RS*B80N25AQ5,EA,IK,FG
RS*B80N25MQ,EA,IK,FG
RS*C40G10NR,EA,IK,FG
RS*C40K10NR,EA,IK,FG
RS*C40K25NR,EA,IK,FG
RS*C50N10NR,EA,IK,FG
RS*C60N10NR,EA,IK,FG
RS*C60N25NR,EA,IK,FG
RS*C70N10NR,EA,IK,FG
RS*C70N25NR,EA,IK,FG
RS*C80N10NR,EA,IK,FG
RS*C80N25NR,EA,IK,FG
RS*R40A07PQ,EA,IK,FG
RS*R40A10PQ,EA,IK,FG
RS*R40D07PQ,EA,IK,FG
RS*R40D10PQ,EA,IK,FG
RS*R40G07PQ,EA,IK,FG
RS*R40G10PQ,EA,IK,FG
RS*R40K07MQ,EA,IK,FG
RS*R40K10MQ,EA,IK,FG
RS*R50A07PQ,EA,IK,FG
RS*R50A10PQ,EA,IK,FG
RS*R50D10PQ,EA,IK,FG
RS*R50G07PQ,EA,IK,FG
RS*R50G10PQ,EA,IK,FG
RS*R50K07MQ,EA,IK,FG
RS*R50K10MQ,EA,IK,FG
RS*R50N10MQ,EA,IK,FG
RS*R60A07PQ,EA,IK,FG
RS*R60A07PQA,EA,IK,FG
RS*R60A10PQ,EA,IK,FG
RS*R60D10PQ,EA,IK,FG
RS*R60G07PQ,EA,IK,FG
RS*R60G10PQ,EA,IK,FG
RS*R60K10MQ,EA,IK,FG
RS*R60N10MQ,EA,IK,FG
RS*R60N25MQ,EA,IK,FG
RS*R70D10PQ,EA,IK,FG
RS*R70K10MQ,EA,IK,FG
RS*R70N10MQ,EA,IK,FG
RS*R70N25MQ,EA,IK,FG
RS*R80K10MQ,EA,IK,FG
RS*R80N10MQ,EA,IK,FG
RS*R80N25MQ,EA,IK,FG
RS+A40G07SQ,EA,IK,FG
RS+A40G10SQ,EA,IK,FG
RS+A40G16AQZ,EA,IK,FG
RS+A40G16SQZ,EA,IK,FG
RS+A40K10AQ,EA,IK,FG
RS+A40K10SQ,EA,IK,FG
RS+A40K25MQ,EA,IK,FG
RS+A40K25MQ1,EA,IK,FG
RS+A50G07SQ,EA,IK,FG
RS+A50G16AQZ,EA,IK,FG
RS+A50G16SQZ,EA,IK,FG
RS+A50K10AQ,EA,IK,FG
RS+A50K10SQ,EA,IK,FG
RS+A50K25AQ,EA,IK,FG
RS+A50N25AQ,EA,IK,FG
RS+A60G07AQ,EA,IK,FG
RS+A60G07SQ,EA,IK,FG
RS+A60G16AQZ,EA,IK,FG
RS+A60G16SQZ,EA,IK,FG
RS+A60G25SQ,EA,IK,FG
RS+A60K10AQ,EA,IK,FG
RS+A60K10SQ,EA,IK,FG
RS+A60K25AQ,EA,IK,FG
RS+A60N10SQ,EA,IK,FG
RS+A60N25AQ,EA,IK,FG
RS+A70K10AQ,EA,IK,FG
RS+A70K10MQ,EA,IK,FG
RS+A70K10SQ,EA,IK,FG
RS+A70K25AQ,EA,IK,FG
RS+A70N10MQ,EA,IK,FG
RS+A70N25AQ,EA,IK,FG
RS+A70N25MQ1,EA,IK,FG
RS+A80K10SQ,EA,IK,FG
RS+A80N25AQ,EA,IK,FG
RS+B40G07SQ,EA,IK,FG
RS+B40G10SQ,EA,IK,FG
RS+B40K10AQ,EA,IK,FG
RS+B40K10MQ,EA,IK,FG
RS+B40K10MR,EA,IK,FG
RS+B40K10SQ,EA,IK,FG
RS+B40K25AQ,EA,IK,FG
RS+B50G07SQ,EA,IK,FG
RS+B50G10MR,EA,IK,FG
RS+B50K10MQ,EA,IK,FG
RS+B50K10MR,EA,IK,FG
RS+B50K10SQ,EA,IK,FG
RS+B50K25AQ,EA,IK,FG
RS+B50N10AQ,EA,IK,FG
RS+B50N10MQ,EA,IK,FG
RS+B50N10MR,EA,IK,FG
RS+B50N10MR5,EA,IK,FG
RS+B50N10SQ,EA,IK,FG
RS+B50N25AQ,EA,IK,FG
RS+B50N25AQ5,EA,IK,FG
RS+B60G07SQ,EA,IK,FG
RS+B60G10MR,EA,IK,FG
RS+B60G10SQ,EA,IK,FG
RS+B60K07MQ,EA,IK,FG
RS+B60K10MQ,EA,IK,FG
RS+B60K10MR,EA,IK,FG
RS+B60K10SQ,EA,IK,FG
RS+B60K10SQY,PC,IK,WIP
RS+B60K25AQ,EA,IK,FG
RS+B60N10MQ,EA,IK,FG
RS+B60N10MR,EA,IK,FG
RS+B60N10MR5,EA,IK,FG
RS+B60N10SQ,EA,IK,FG
RS+B60N25AQ,EA,IK,FG
RS+B60N25AQ5,EA,IK,FG
RS+B60N25MQ,EA,IK,FG
RS+B70K10MQ,EA,IK,FG
RS+B70K10MR,EA,IK,FG
RS+B70K10SQ,EA,IK,FG
RS+B70K25AQ,EA,IK,FG
RS+B70N10MQ,EA,IK,FG
RS+B70N10MR,EA,IK,FG
RS+B70N10MR5,EA,IK,FG
RS+B70N10SQ,EA,IK,FG
RS+B70N25AQ,EA,IK,FG
RS+B70N25AQ5,EA,IK,FG
RS+B70N25MQ,EA,IK,FG
RS+B80K10MQ,EA,IK,FG
RS+B80K10MR,EA,IK,FG
RS+B80K10SQ,EA,IK,FG
RS+B80K25AQ,EA,IK,FG
RS+B80N10MQ,EA,IK,FG
RS+B80N10MR,EA,IK,FG
RS+B80N10MR5,EA,IK,FG
RS+B80N10SQ,EA,IK,FG
RS+B80N25AQ,EA,IK,FG
RS+B80N25AQ5,EA,IK,FG
RS+B80N25MQ,EA,IK,FG
RS+C40G10NR,EA,IK,FG
RS+C40K10NR,EA,IK,FG
RS+C40K25NR,EA,IK,FG
RS+C50N10NR,EA,IK,FG
RS+C60N10NR,EA,IK,FG
RS+C60N25NR,EA,IK,FG
RS+C70N10NR,EA,IK,FG
RS+C70N25NR,EA,IK,FG
RS+C80N10NR,EA,IK,FG
RS+C80N25NR,EA,IK,FG
RS+R40K07MQ,EA,IK,FG
RS+R40K10MQ,EA,IK,FG
RS+R50K07MQ,EA,IK,FG
RS+R50K10MQ,EA,IK,FG
RS+R50N10MQ,EA,IK,FG
RS+R60K10MQ,EA,IK,FG
RS+R60N10MQ,EA,IK,FG
RS+R60N25MQ,EA,IK,FG
RS+R70K10MQ,EA,IK,FG
RS+R70N10MQ,EA,IK,FG
RS+R70N25MQ,EA,IK,FG
RS+R80K10MQ,EA,IK,FG
RS+R80N10MQ,EA,IK,FG
RS+R80N25MQ,EA,IK,FG
RS00E251EV,PC,IK,RM
RS00E271EV,PC,IK,RM
RS00E291E,PC,IK,RM
RS00E440EV,PC,IK,RM
RS00E450EV,PC,IK,RM
RS00E460EV,PC,IK,RM
RS00E460EV1,PC,IK,RM
RS00E470EV,PC,IK,RM
RS00E480EV,PC,IK,RM
RS00E490E,PC,IK,RM
RS00E500E,PC,IK,RM
RS00E510E,PC,IK,RM
RS00X001V,PC,IK,RM
RS00X201K,PC,IK,RM
RS00X222KV,PC,IK,RM
RS00X241EV,PC,IK,RM
RS00X261EV,PC,IK,RM
RS00X261EV1,PC,IK,RM
RS00X281EV,PC,IK,RM
RS00X301E,PC,IK,RM
RS00X311E,PC,IK,RM
RS00X610E,PC,IK,RM
RS00X611E,PC,IK,RM
RS00X640EV,PC,IK,RM
RS00X640EV1,PC,IK,WIP
RS00X640EV2,PC,IK,RM
RS00X650EV,PC,IK,RM
RS00X650EV1,PC,IK,RM
RS00X660EV,PC,IK,RM
RS00X660EV1,PC,IK,RM
RS00X670EV,PC,IK,RM
RS00X670EV1,PC,IK,WIP
RS00X670EV2,PC,IK,RM
RS00X680EV,PC,IK,RM
RS00X680EV1,PC,IK,WIP
RS00X680EV2,PC,IK,RM
RS00X690E,PC,IK,RM
RS04X241V,PC,IK,RM
RS04X251V,PC,IK,RM
RS04X252V,PC,IK,RM
RS04X261V,PC,IK,RM
RS04X261VS,PC,IK,RM
RS04X262V,PC,IK,RM
RS04X271V,PC,IK,RM
RS04X272V,PC,IK,RM
RS04X281V,PC,IK,RM
RS04X291,PC,IK,RM
RS04X401,PC,IK,RM
RS04X411,PC,IK,RM
RS05X501AIV,PC,IK,RM
RS05X502AIV,PC,IK,RM
RS05X503AIV,PC,IK,RM
RS05X504AIV,PC,IK,RM
RS05X511AIV,PC,IK,RM
RS05X513AIV,PC,IK,RM
RS05X515AIV,PC,IK,RM
RS05X536AIV,PC,IK,RM
RS05X537AIV,PC,IK,RM
RS05X541AIV,PC,IK,RM
RS05X542AIV,PC,IK,RM
RS05X551AIV,PC,IK,RM
RS06X003V,PC,IK,RM
RS08X2035PV,PC,IK,RM
RS08X2035PVA,PC,IK,RM
RS08X2035V,PC,IK,RM
RS08X2135PV,PC,IK,RM
RS08X2135PVA,PC,IK,RM
RS08X2135V,PC,IK,RM
RS08X2235PV,PC,IK,RM
RS08X2235PVA,PC,IK,RM
RS08X2235V,PC,IK,RM
RS23X000V,PC,IK,RM
RS23X100,PC,IK,RM
RS23X412,PC,IK,WIP
RS23X422,PC,IK,WIP
RS23X782,PC,IK,WIP
RS25C40A07W,PC,IK,WIP
RS25C40A10W,PC,IK,WIP
RS25C40D07W,PC,IK,WIP
RS25C40D10W,PC,IK,WIP
RS25C40G07W,PC,IK,WIP
RS25C40G10W,PC,IK,WIP
RS25C40G16W,PC,IK,WIP
RS25C40K07W,PC,IK,WIP
RS25C40K10W,PC,IK,WIP
RS25C40K25W,PC,IK,WIP
RS25C60A07W,PC,IK,WIP
RS25C60A10W,PC,IK,WIP
RS25C60D07W,PC,IK,WIP
RS25C60D10W,PC,IK,WIP
RS25C60D16W,PC,IK,WIP
RS25C60D25W,PC,IK,WIP
RS25C60G07W,PC,IK,WIP
RS25C60G10W,PC,IK,WIP
RS25C60G16W,PC,IK,WIP
RS25C60G25W,PC,IK,WIP
RS25C60K07W,PC,IK,WIP
RS25C60K10W,PC,IK,WIP
RS25C60K25W,PC,IK,WIP
RS25C60N10W,PC,IK,WIP
RS25C60N25W,PC,IK,WIP
RS25C80K10S,PC,IK,WIP
RS25C80K10W,PC,IK,WIP
RS25C80K25S,PC,IK,WIP
RS25C80K25W,PC,IK,WIP
RS25C80N10S,PC,IK,WIP
RS25C80N10W,PC,IK,WIP
RS25C80N25S,PC,IK,WIP
RS25C80N25W,PC,IK,WIP
RS25E50A07W,PC,IK,WIP
RS25E50A10W,PC,IK,WIP
RS25E50D07W,PC,IK,WIP
RS25E50D10W,PC,IK,WIP
RS25E50D16W,PC,IK,WIP
RS25E50D25W,PC,IK,WIP
RS25E50G07W,PC,IK,WIP
RS25E50G10W,PC,IK,WIP
RS25E50G16W,PC,IK,WIP
RS25E50G25W,PC,IK,WIP
RS25E50K07W,PC,IK,WIP
RS25E50K10W,PC,IK,WIP
RS25E50K25W,PC,IK,WIP
RS25E50N10W,PC,IK,WIP
RS25E50N25W,PC,IK,WIP
RS25E70D10S,PC,IK,WIP
RS25E70D10W,PC,IK,WIP
RS25E70D16S,PC,IK,WIP
RS25E70D16W,PC,IK,WIP
RS25E70G10S,PC,IK,WIP
RS25E70G10W,PC,IK,WIP
RS25E70G16S,PC,IK,WIP
RS25E70G16W,PC,IK,WIP
RS25E70K10S,PC,IK,WIP
RS25E70K10W,PC,IK,WIP
RS25E70K25S,PC,IK,WIP
RS25E70K25W,PC,IK,WIP
RS25E70N10S,PC,IK,WIP
RS25E70N10W,PC,IK,WIP
RS25E70N25S,PC,IK,WIP
RS25E70N25W,PC,IK,WIP
RS26Q4007,PC,IK,WIP
RS26Q4010,PC,IK,WIP
RS26Q4016,PC,IK,WIP
RS26Q4025,PC,IK,WIP
RS26Q5007,PC,IK,WIP
RS26Q5010,PC,IK,WIP
RS26Q5010M,PC,IK,WIP
RS26Q5010S,PC,IK,WIP
RS26Q5016,PC,IK,WIP
RS26Q5016M,PC,IK,WIP
RS26Q5016S,PC,IK,WIP
RS26Q5025,PC,IK,WIP
RS26Q5025M,PC,IK,WIP
RS26Q6007,PC,IK,WIP
RS26Q6010,PC,IK,WIP
RS26Q6010M,PC,IK,WIP
RS26Q6010S,PC,IK,WIP
RS26Q6016,PC,IK,WIP
RS26Q6016M,PC,IK,WIP
RS26Q6016S,PC,IK,WIP
RS26Q6025,PC,IK,WIP
RS26Q6025M,PC,IK,WIP
RS26Q7010,PC,IK,WIP
RS26Q7010S,PC,IK,WIP
RS26Q7016S,PC,IK,WIP
RS26Q7025,PC,IK,WIP
RS26Q8010,PC,IK,WIP
RS26Q8025,PC,IK,WIP
RS27X005V,PC,IK,RM
RS27X006V,PC,IK,RM
RS27X007V,PC,IK,RM
RS27X008V,PC,IK,RM
RS27X009,PC,IK,RM
RS27X010,PC,IK,RM
RS27X011,PC,IK,RM
RS27X100V,PC,IK,RM
RS27X102V,PC,IK,RM
RS30GTL01BNV,PC,IK,RM
RS30GTS01BNV,PC,IK,RM
RS30PL01-01V,PC,IK,RM
RS30PS01-01V,PC,IK,RM
RS30XGTL1V-1,PC,IK,RM
RS30XGTS1V-1,PC,IK,RM
RS30XPL01V-1,PC,IK,RM
RS30XPS01V-1,PC,IK,RM
RS32M001V,PC,IK,RM
RS32X002V,PC,IK,RM
RS32X003V,PC,IK,RM
RS32X110V,PC,IK,RM
RS32X111V,PC,IK,RM
RS33G011V-1,PC,IK,RM
RS33M012V-01,PC,IK,RM
RS33M012V-02,PC,IK,RM
RS33M013V-01,PC,IK,RM
RS33M013V-03,PC,IK,RM
RS33M021NV-1,PC,IK,RM
RS33M021V-01,PC,IK,RM
RS33M021V-02,PC,IK,RM
RS34G20V-03,PC,IK,RM
RS34G5001V-3,PC,IK,RM
RS34G5005V-3,PC,IK,RM
RS34G6001V-3,PC,IK,RM
RS34G6005V-3,PC,IK,RM
RS34G7001V-3,PC,IK,RM
RS34G7005V-3,PC,IK,RM
RS34M20-N2,PC,IK,RM
RS34M20V-01,PC,IK,RM
RS34M20V-02,PC,IK,RM
RS34M4001-N2,PC,IK,RM
RS34M4001V-1,PC,IK,RM
RS34M4005-N2,PC,IK,RM
RS34M4005V-1,PC,IK,RM
RS34M5001-N2,PC,IK,RM
RS34M5001V-1,PC,IK,RM
RS34M5001V-2,PC,IK,RM
RS34M5005-N2,PC,IK,RM
RS34M5005V-1,PC,IK,RM
RS34M5005V-2,PC,IK,RM
RS34M6001-N2,PC,IK,RM
RS34M6001V-1,PC,IK,RM
RS34M6001V-2,PC,IK,RM
RS34M6005-N2,PC,IK,RM
RS34M6005V-1,PC,IK,RM
RS34M6005V-2,PC,IK,RM
RS34M7001-N2,PC,IK,RM
RS34M7001V-1,PC,IK,RM
RS34M7005-N2,PC,IK,RM
RS34M7005V-1,PC,IK,RM
RS34M8001-N2,PC,IK,RM
RS34M8001V-1,PC,IK,RM
RS34M8005-N2,PC,IK,RM
RS34M8005V-1,PC,IK,RM
RS34MOT01V,PC,CM,RM
RS36M805LV-1,PC,IK,RM
RS36M805LV-2,PC,IK,RM
RS36M805SV-1,PC,IK,RM
RS36M805SV-2,PC,IK,RM
RS36M810LV-1,PC,IK,RM
RS36M810SV-1,PC,IK,RM
RS36X500V,PC,IK,RM
RS36X999LV,PC,IK,RM
RS36X999SV,PC,IK,RM
RS37E002V,PC,IK,RM
RS37E002V-2,PC,IK,RM
RS37E003V,PC,IK,RM
RS37E003V-2,PC,IK,RM
RS37E008V,PC,IK,RM
RS37E009V,PC,IK,RM
RS38X412V,PC,IK,RM
RS38X503V,PC,IK,RM
RS50E04007,PC,IK,WIP
RS50E04010,PC,IK,WIP
RS50E05007,PC,IK,WIP
RS50E05010,PC,IK,WIP
RS50E06007,PC,IK,WIP
RS50E06010,PC,IK,WIP
RS50E07010,PC,IK,WIP
RS60E04007,PC,IK,WIP
RS60E04010,PC,IK,WIP
RS60E04016,PC,IK,WIP
RS60E04025,PC,IK,WIP
RS60E05007,PC,IK,WIP
RS60E05010,PC,IK,WIP
RS60E05010M,PC,IK,WIP
RS60E05010S,PC,IK,WIP
RS60E05016,PC,IK,WIP
RS60E05016M,PC,IK,WIP
RS60E05016S,PC,IK,WIP
RS60E05025,PC,IK,WIP
RS60E05025M,PC,IK,WIP
RS60E06007,PC,IK,WIP
RS60E06010,PC,IK,WIP
RS60E06010M,PC,IK,WIP
RS60E06010S,PC,IK,WIP
RS60E06016,PC,IK,WIP
RS60E06016M,PC,IK,WIP
RS60E06016S,PC,IK,WIP
RS60E06025,PC,IK,WIP
RS60E06025M,PC,IK,WIP
RS60E07010,PC,IK,WIP
RS60E07010S,PC,IK,WIP
RS60E07016S,PC,IK,WIP
RS60E07025,PC,IK,WIP
RS60E08010,PC,IK,WIP
RS60E08025,PC,IK,WIP
RS70E04007T,EA,IK,HFG
RS70E04010T,EA,IK,HFG
RS70E04016T,EA,IK,HFG
RS70E04025T,EA,IK,HFG
RS70E06007T,EA,IK,HFG
RS70E06010T,EA,IK,HFG
RS70E06016T,EA,IK,HFG
RS70E06025T,EA,IK,HFG
RS90X000V,PC,IK,WIP
RS92C070A,PC,IK,RM
RS92C070V,PC,IK,RM
RS92C080A,PC,IK,RM
RS92C080V,PC,IK,RM
RS92C090,PC,IK,RM
RS92C100,PC,IK,RM
RS92C110,PC,IK,RM
RS92S040A,PC,IK,RM
RS92S040LA,PC,IK,RM
RS92S040LV,PC,IK,RM
RS92S040V,PC,IK,RM
RS92S050A,PC,IK,RM
RS92S050V,PC,IK,RM
RS92S060A,PC,IK,RM
RS92S060V,PC,IK,RM
RS92S070A,PC,IK,RM
RS92S070V,PC,IK,RM
RS92S080A,PC,IK,RM
RS99X503V,PC,IK,RM
SA63X1100LYN,PC,EVS,RM
SA63X700LYN,PC,EVS,RM
SC55S1664BV,PC,IK,RM
SC55S1664V,PC,IK,RM
SC55S1864BV,PC,IK,RM
SC55S1864V,PC,IK,RM
SC55S2032BAV,PC,IK,RM
SC55S2032BV,PC,IK,RM
SC55S2032V,PC,IK,RM
SC55S2051BV,PC,IK,RM
SC55S2051V,PC,IK,RM
SC55S2225BV,PC,IK,RM
SC55S2232BV,PC,IK,RM
SF-ET0525,EA,SPSF,None
SF-ET0525L,EA,SPSF,None
SF-ET0525L22,EA,SPSF,None
SF-ET0530L,EA,SPSF,None
SF-ET0535L,EA,SPSF,None
SF-ET1020,EA,SPSF,None
SF-ET1020L22,EA,SPSF,None
SF-ET1030L,EA,SPSF,None
SF-ET152EL22,EA,SPSF,None
SF-ET153EL22,EA,SPSF,None
SF-ET1735L,EA,SPSF,None
SF-ET2022,EA,SPSF,None
SF-ET2022L,EA,SPSF,None
SF-ET3530L,EA,SPSF,None
SF-ET3825,EA,SPSF,None
SF-ET3825L,EA,SPSF,None
SF-ET3825L22,EA,SPSF,None
SF-ET5527,EA,SPSF,None
SF-ET5527L,EA,SPSF,None
SF-ET5527L22,EA,SPSF,None
SF01X001L,PC,SPSF,WIP
SF01X001S,PC,SPSF,WIP
SF01X009V,PC,SPSF,WIP
SF01X013NY,PC,SPSF,RM
SF01X014V,PC,SPSF,RM
SF01X0530L,PC,SPSF,WIP
SF01X0535L,PC,SPSF,WIP
SF01X1030L,PC,SPSF,WIP
SF01X153EL,PC,SPSF,WIP
SF01X540L,PC,SPSF,WIP
SF03X804CY,PC,SPSF,RM
SF03X806CY,PC,SPSF,RM
SF03X811IY,PC,SPSF,RM
SF03X813IY,PC,SPSF,RM
SF03X822C1Y,PC,SPSF,RM
SF03X827NY,PC,SPSF,RM
SF05X045,PC,SPSF,WIP
SF05X340,PC,SPSF,WIP
SF1000S,PC,SPSF,WIP
SF11X001V,PC,SPSF,RM
SF11X002V,PC,SPSF,RM
SF11X003V,PC,SPSF,RM
SF11X005V,PC,SPSF,RM
SF11X006V,PC,SPSF,RM
SF11X007V,PC,SPSF,RM
SF11X010V,PC,SPSF,RM
SF12X004V,PC,SPSF,RM
SF12X005V,PC,SPSF,RM
SF12X007V,PC,SPSF,RM
SF1500S,PC,SPSF,WIP
SF250L,PC,SPSF,WIP
SF27J021C1,PC,SPSF,RM
SF27J022C1,PC,SPSF,RM
SF27J024C1,PC,SPSF,RM
SF27J026C1,PC,SPSF,RM
SF27J027C1,PC,SPSF,RM
SF27J029C1,PC,SPSF,RM
SF27X103C,PC,SPSF,RM
SF27X103C1,PC,SPSF,RM
SF27X104C1,PC,SPSF,RM
SF28J210G*,M,SPSF,RM
SF30J301*,M,SPSF,RM
SF30J302V*,M,SPSF,RM
SF30J304*,M,SPSF,RM
SF30J306*,M,SPSF,RM
SF30J307V*,M,SPSF,RM
SF30J351*,M,SPSF,RM
SF30J352V*,M,SPSF,RM
SF30J354*,M,SPSF,RM
SF30J356*,M,SPSF,RM
SF30J359*,M,SPSF,RM
SF30J360V*,M,SPSF,RM
SF30J362V*,M,SPSF,RM
SF30J368*,M,SPSF,RM
SF30J369V*,M,SPSF,RM
SF31J001C5,PC,SPSF,RM
SF32J179C2,PC,SPSF,RM
SF32J180C2,PC,SPSF,RM
SF32J181C2,PC,SPSF,RM
SF33J520C3,PC,SPSF,RM
SF33J528C3,PC,SPSF,RM
SF33J529C3,PC,SPSF,RM
SF500L,PC,SPSF,WIP
SF500S,PC,SPSF,WIP
SF56V001,PC,SPSF,WIP
SF56V002,PC,SPSF,WIP
SF56V003,PC,SPSF,WIP
SF56V004,PC,SPSF,WIP
SF56V005,PC,SPSF,WIP
SF56V006,PC,SPSF,WIP
SF56V007,PC,SPSF,WIP
SF56V008,PC,SPSF,WIP
SF56V009,PC,SPSF,WIP
SF56V010,PC,SPSF,WIP
SF56V011,PC,SPSF,WIP
SF56V012,PC,SPSF,WIP
SF56V013,PC,SPSF,WIP
SF56V014,PC,SPSF,WIP
SF60V000LJ,M,SPSF,RM
SF61J1735LV,M,SPSF,RM
SF61V0530L,M,SPSF,RM
SF61V0535L,M,SPSF,RM
SF61V1030L,M,SPSF,RM
SF63X001,PC,SPSF,WIP
SF63X002,PC,SPSF,WIP
SF63X003,PC,SPSF,WIP
SF63X004,PC,SPSF,WIP
SF63X005,PC,SPSF,WIP
SF63X006,PC,SPSF,WIP
SF63X007,PC,SPSF,WIP
SF63X008,PC,SPSF,WIP
SF63X009,PC,SPSF,WIP
SF63X010,PC,SPSF,WIP
SF63X011,PC,SPSF,WIP
SF63X012,PC,SPSF,WIP
SF63X013,PC,SPSF,WIP
SF63X014,PC,SPSF,WIP
SF63X0530L,PC,SPSF,WIP
SF63X0535L,PC,SPSF,WIP
SF63X1030L,PC,SPSF,WIP
SF63X153EL,PC,SPSF,WIP
SF63X1735L,PC,SPSF,WIP
SF63X3530L,PC,SPSF,WIP
SF65JM049C1,PC,SPSF,RM
SF66JM049C2,PC,SPSF,RM
SF69J002N,PC,SPSF,RM
SF750L,PC,SPSF,WIP
SLMP0001,PC,IK,RM
SLMP0002,PC,IK,RM
SLMP0003,PC,IK,RM
SP-1S,EA,SPSF,None
SP-ET100L0SA,EA,SPSF,None
SP-ET100L0SB,EA,SPSF,None
SP-ET100L0SC,EA,SPSF,None
SP-ET103L0SA,EA,SPSF,None
SP-ET103U0S,EA,SPSF,None
SP-ET105L1SA,EA,SPSF,None
SP-ET105U1SA,EA,SPSF,None
SP-ET113L0SA,EA,SPSF,None
SP-ET113M0SA,EA,SPSF,None
SP-ET113U0S,EA,SPSF,None
SP-ET129L1SA,EA,SPSF,None
SP-ET129U1SA,EA,SPSF,None
SP-ET150L0SA,EA,SPSF,None
SP-ET150L0SD,EA,SPSF,None
SP-ET150L1A,EA,SPSF,None
SP-ET150L1SA,EA,SPSF,None
SP-ET150M0SA,EA,SPSF,None
SP-ET150M1SA,EA,SPSF,None
SP-ET150U0SA,EA,SPSF,None
SP-ET150U0SB,EA,SPSF,None
SP-ET150U1A,EA,SPSF,None
SP-ET150U1SA,EA,SPSF,None
SP-ET150U1SB,EA,SPSF,None
SP-ET1E0L0SA,EA,SPSF,None
SP-ET1E0L0SB,EA,SPSF,None
SP-ET220L2A,EA,SPSF,None
SP-ET230L3A,EA,SPSF,None
SP-ET260L2SA,EA,SPSF,None
SP-ET260U2SA,EA,SPSF,None
SP00X001V,PC,SPSF,RM
SP01X001V,PC,SPSF,WIP
SP01X002V,PC,SPSF,WIP
SP01X003M,PC,SPSF,WIP
SP01X003V,PC,SPSF,WIP
SP01X009V,PC,SPSF,WIP
SP01X050,PC,SPSF,WIP
SP01X050L,PC,SPSF,WIP
SP01X1000L,PC,SPSF,WIP
SP01X130,PC,SPSF,WIP
SP01X130L,PC,SPSF,WIP
SP01X130M,PC,SPSF,WIP
SP01X150,PC,SPSF,WIP
SP01X1500L,PC,SPSF,WIP
SP01X150L,PC,SPSF,WIP
SP01X306AV,PC,SPSF,RM
SP01X307AV,PC,SPSF,RM
SP01X308AV,PC,SPSF,RM
SP01X340B,PC,SPSF,WIP
SP01X370,PC,SPSF,WIP
SP01X370L,PC,SPSF,WIP
SP01X370M,PC,SPSF,WIP
SP01X480,PC,SPSF,WIP
SP01X480L,PC,SPSF,WIP
SP01X480M,PC,SPSF,WIP
SP01X500B,PC,SPSF,WIP
SP01X500L,PC,SPSF,WIP
SP01X970L,PC,SPSF,WIP
SP02V100L0SA,PC,SPSF,WIP
SP02V100L0SB,PC,SPSF,WIP
SP02V100L0SC,PC,SPSF,WIP
SP02V103L,PC,SPSF,WIP
SP02V103U,PC,SPSF,WIP
SP02V105L,PC,SPSF,WIP
SP02V105U,PC,SPSF,WIP
SP02V113L,PC,SPSF,WIP
SP02V113M0SA,PC,SPSF,WIP
SP02V113U,PC,SPSF,WIP
SP02V129L,PC,SPSF,WIP
SP02V129U,PC,SPSF,WIP
SP02V150L0SA,PC,SPSF,WIP
SP02V150L0SD,PC,SPSF,WIP
SP02V150L1A,PC,SPSF,WIP
SP02V150L1SA,PC,SPSF,WIP
SP02V150M0SA,PC,SPSF,WIP
SP02V150M1SA,PC,SPSF,WIP
SP02V150U,PC,SPSF,WIP
SP02V150U0SA,PC,SPSF,WIP
SP02V150U0SB,PC,SPSF,WIP
SP02V150U1SA,PC,SPSF,WIP
SP02V150U1SB,PC,SPSF,WIP
SP02V1E0L0SA,PC,SPSF,WIP
SP02V1E0L0SB,PC,SPSF,WIP
SP02V220L,PC,SPSF,WIP
SP02V230L,PC,SPSF,WIP
SP02V260L,PC,SPSF,WIP
SP02V260U,PC,SPSF,WIP
SP05X050,PC,SPSF,WIP
SP05X070,PC,SPSF,WIP
SP05X130,PC,SPSF,WIP
SP05X150,PC,SPSF,WIP
SP05X370,PC,SPSF,WIP
SP05X480,PC,SPSF,WIP
SP1000,PC,SPSF,WIP
SP370,PC,SPSF,WIP
SP480,PC,SPSF,WIP
SP540,PC,SPSF,WIP
SP55X002V,PC,SPSF,RM
SP55X003V,PC,SPSF,RM
SP60J001VL,M,SPSF,RM
SP60VM001AJ,M,SPSF,RM
SP60VM001BJ,M,SPSF,RM
SP60VM002AJ,M,SPSF,RM
SP60VM002BJ,M,SPSF,RM
SP60VM003AJ,M,SPSF,RM
SP61J001VK,M,SPSF,RM
SP63X050,PC,SPSF,WIP
SP63X100,PC,SPSF,WIP
SP63X200,PC,SPSF,WIP
SP63X300,PC,SPSF,WIP
SP63X400,PC,SPSF,WIP
SP63X500,PC,SPSF,WIP
SP65JM000C3,PC,SPSF,RM
SP65JM001AJ,PC,SPSF,RM
SP65JM001BJ,PC,SPSF,RM
SP65JM002AJ,PC,SPSF,RM
SP65JM002BJ,PC,SPSF,RM
SP65JM003AJ,PC,SPSF,RM
SP66J001ETJ1,PC,SPSF,RM
SP66J002ETJ1,PC,SPSF,RM
SP66JM000C3,PC,SPSF,RM
SP69J201N,PC,SPSF,RM
SP69JS100C3,PC,SPSF,RM
SR00X20V,KG,IK,RM
SS50X050ZV,PC,IK,RM
SUS304X106V,G,RFS,RM
SUS304X113V,G,RFS,RM
SUS304X115V,G,RFS,RM
SUS304X123V,G,RFS,RM
SUS304X133V,G,RFS,RM
SV01X100IY,PC,SPSF,RM
TE70K5JA0M,PC,RFC,WIP
TE70K5JA0ME,PC,RFC,WIP
TE70K5JA0R,PC,RFC,WIP
TE70K5JA0RE,PC,RFC,WIP
TE70K5JR0R,PC,RFC,WIP
TE70K5JR0RE,PC,RFC,WIP
TE70K5PB1R,PC,RFC,WIP
TE70K5PB1RE,PC,RFC,WIP
TE70K5PP2R,PC,RFC,WIP
TE70K5PP2RE,PC,RFC,WIP
TE70K5PP3R,PC,RFC,WIP
TE70K5PP3RE,PC,RFC,WIP
TE70K5PP4R,PC,RFC,WIP
TE70K5PP4RE,PC,RFC,WIP
TE70K6JA0ME,PC,RFC,WIP
TE70K6PB1RE,PC,RFC,WIP
TE80K5JA0M,PC,RFC,WIP
TE80K5JA0M*,EA,RFC,HFG
TE80K5JA0M*L,PC,RFC,WIP
TE80K5JA0R,PC,RFC,WIP
TE80K5JA0R*,EA,RFC,HFG
TE80K5JA0R*L,PC,RFC,WIP
TE80K5JR0R,PC,RFC,WIP
TE80K5JR0R*,EA,RFC,HFG
TE80K5JR0R*L,PC,RFC,WIP
TE80K5PB1R,PC,RFC,WIP
TE80K5PB1R*,EA,RFC,HFG
TE80K5PB1R*L,PC,RFC,WIP
TE80K5PP2R,PC,RFC,WIP
TE80K5PP2R*,EA,RFC,HFG
TE80K5PP2R*L,PC,RFC,WIP
TE80K5PP3R,PC,RFC,WIP
TE80K5PP3R*,EA,RFC,HFG
TE80K5PP3R*L,PC,RFC,WIP
TE80K5PP4R,PC,RFC,WIP
TE80K5PP4R*,EA,RFC,HFG
TE80K5PP4R*L,PC,RFC,WIP
TE80K6JA0M,PC,RFC,WIP
TE80K6JA0M*,EA,RFC,HFG
TE80K6JA0M*L,PC,RFC,WIP
TE80K6PB1R,PC,RFC,WIP
TE80K6PB1R*,EA,RFC,HFG
TE80K6PB1R*L,PC,RFC,WIP
TECK5PB1R,PC,RFC,WIP
TECK5PP2R,PC,RFC,WIP
TECK5PP3R,PC,RFC,WIP
TECK5PP4R,PC,RFC,WIP
TEDK5PB1R,PC,RFC,WIP
TEDK5PP2R,PC,RFC,WIP
TEDK5PP3R,PC,RFC,WIP
TEDK5PP4R,PC,RFC,WIP
TEIK5PB1R*,PC,RFC,WIP
TEIK5PP2R*,PC,RFC,WIP
TEIK5PP3R*,PC,RFC,WIP
TEIK5PP4R*,PC,RFC,WIP
TENK5PB1R,PC,RFC,WIP
TENK5PP2R,PC,RFC,WIP
TENK5PP3R,PC,RFC,WIP
TENK5PP4R,PC,RFC,WIP
TER-B03,PC,EVS,RM
TER-B03-01,PC,EVS,RM
TER-CAP01,PC,EVS,RM
TER-CAP01-01,PC,EVS,RM
TER-PAR02,PC,EVS,RM
TER-PAR02-01,PC,EVS,RM
TF25X500V,PC,IK,RM
TH+4OJ00A,EA,RFC,HFG
TH+4OJ00R,EA,RFC,HFG
TH+4OJ10A,EA,RFC,HFG
TH+4OJ10R,EA,RFC,HFG
TH+4OJ20A,EA,RFC,HFG
TH+4OJ20R,EA,RFC,HFG
TH+4OJ60R,EA,RFC,HFG
TH+4OJ70R,EA,RFC,HFG
TH+4OJ80A,EA,RFC,HFG
TH+4OJ80R,EA,RFC,HFG
TH+4ON14R,EA,RFC,HFG
TH+4ON16R,EA,RFC,HFG
TH+4ON66R,EA,RFC,HFG
TH+4ON86R,EA,RFC,HFG
TH+5A00,EA,RFC,HFG
TH+5A16,EA,RFC,HFG
TH+5A60,EA,RFC,HFG
TH+5A62,EA,RFC,HFG
TH+5A66,EA,RFC,HFG
TH+5A70,EA,RFC,HFG
TH+5A80,EA,RFC,HFG
TH+5A82,EA,RFC,HFG
TH+5A86,EA,RFC,HFG
TH+5OJ00A,EA,RFC,HFG
TH+5OJ00R,EA,RFC,HFG
TH+5OJ10A,EA,RFC,HFG
TH+5OJ20A,EA,RFC,HFG
TH+5OJ20R,EA,RFC,HFG
TH+5OJ60R,EA,RFC,HFG
TH+5OJ70R,EA,RFC,HFG
TH+5OJ80A,EA,RFC,HFG
TH+5OJ80R,EA,RFC,HFG
TH+5OP00P,EA,RFC,HFG
TH+5OP14B,EA,RFC,HFG
TH+5OP16B,EA,RFC,HFG
TH+5OP20P,EA,RFC,HFG
TH+5OP66B,EA,RFC,HFG
TH+5OP86B,EA,RFC,HFG
TH+6OJ00A,EA,RFC,HFG
TH+6OJ10A,EA,RFC,HFG
TH+6OJ20A,EA,RFC,HFG
TH+6OJ20R,EA,RFC,HFG
TH+6OP14B,EA,RFC,HFG
TH+6OP16B,EA,RFC,HFG
TH4OJ00AL,PC,RFC,WIP
TH4OJ00RL,PC,RFC,WIP
TH4OJ10AL,PC,RFC,WIP
TH4OJ10RL,PC,RFC,WIP
TH4OJ20AL,PC,RFC,WIP
TH4OJ20RL,PC,RFC,WIP
TH4OJ60RL,PC,RFC,WIP
TH4OJ70RL,PC,RFC,WIP
TH4OJ80AL,PC,RFC,WIP
TH4OJ80RL,PC,RFC,WIP
TH4ON14RL,PC,RFC,WIP
TH4ON16RL,PC,RFC,WIP
TH4ON66RL,PC,RFC,WIP
TH4ON86RL,PC,RFC,WIP
TH5A00L,PC,RFC,WIP
TH5A16L,PC,RFC,WIP
TH5A60L,PC,RFC,WIP
TH5A62L,PC,RFC,WIP
TH5A66L,PC,RFC,WIP
TH5A70L,PC,RFC,WIP
TH5A80L,PC,RFC,WIP
TH5A82L,PC,RFC,WIP
TH5A86L,PC,RFC,WIP
TH5OJ00AL,PC,RFC,WIP
TH5OJ00RL,PC,RFC,WIP
TH5OJ10AL,PC,RFC,WIP
TH5OJ20AL,PC,RFC,WIP
TH5OJ20RL,PC,RFC,WIP
TH5OJ60RL,PC,RFC,WIP
TH5OJ70RL,PC,RFC,WIP
TH5OJ80AL,PC,RFC,WIP
TH5OJ80RL,PC,RFC,WIP
TH5OP00PL,PC,RFC,WIP
TH5OP14BL,PC,RFC,WIP
TH5OP16BL,PC,RFC,WIP
TH5OP20PL,PC,RFC,WIP
TH5OP66BL,PC,RFC,WIP
TH5OP86BL,PC,RFC,WIP
TH6OJ00AL,PC,RFC,WIP
TH6OJ10AL,PC,RFC,WIP
TH6OJ20AL,PC,RFC,WIP
TH6OJ20RL,PC,RFC,WIP
TH6OP14BL,PC,RFC,WIP
TH6OP16BL,PC,RFC,WIP
TH70H40R0L41,PC,RFC,WIP
TH70H40R0L61,PC,RFC,WIP
TH70H40R0L68,PC,RFC,WIP
TH70H40R0L6G,PC,RFC,WIP
TH70H4JA0D02,PC,RFC,WIP
TH70H4JA0L01,PC,RFC,WIP
TH70H4JA0M00,PC,RFC,WIP
TH70H4JA0M08,PC,RFC,WIP
TH70H4JR0L00,PC,RFC,WIP
TH70H4JR0L01,PC,RFC,WIP
TH70H4JR0L02,PC,RFC,WIP
TH70H4JR0L07,PC,RFC,WIP
TH70H4JR0L08,PC,RFC,WIP
TH70H4JR0L0G,PC,RFC,WIP
TH70H5JA0D02,PC,RFC,WIP
TH70H5JA0L01,PC,RFC,WIP
TH70H5JA0M00,PC,RFC,WIP
TH70H5JA0M08,PC,RFC,WIP
TH70H5JA0M10,PC,RFC,WIP
TH70H5JR0L00,PC,RFC,WIP
TH70H5JR0L02,PC,RFC,WIP
TH70H5JR0L07,PC,RFC,WIP
TH70H5JR0L08,PC,RFC,WIP
TH70H5JR0L0G,PC,RFC,WIP
TH70H5PB141,PC,RFC,WIP
TH70H5PB161,PC,RFC,WIP
TH70H5PB168,PC,RFC,WIP
TH70H5PB16G,PC,RFC,WIP
TH70H5PP200,PC,RFC,WIP
TH70H5PP202,PC,RFC,WIP
TH70H6JA0D02,PC,RFC,WIP
TH70H6JA0L01,PC,RFC,WIP
TH70H6JA0M00,PC,RFC,WIP
TH70H6JA0M10,PC,RFC,WIP
TH70H6JR0L02,PC,RFC,WIP
TH70H6PB141,PC,RFC,WIP
TH70H6PB161,PC,RFC,WIP
TH70T5LS06K1,PC,RFC,WIP
TH70T5MS00K0,PC,RFC,WIP
TH70T5SS00K7,PC,RFC,WIP
TH70T5SS00K8,PC,RFC,WIP
TH70T5SS00KG,PC,RFC,WIP
TH70T5SS02P8,PC,RFC,WIP
TH70T5SS02PG,PC,RFC,WIP
TH70T5SS06K8,PC,RFC,WIP
TH70T5SS06KG,PC,RFC,WIP
TH80H40R0L,PC,RFC,WIP
TH80H4JA0D,PC,RFC,WIP
TH80H4JA0L,PC,RFC,WIP
TH80H4JA0M,PC,RFC,WIP
TH80H4JR0L,PC,RFC,WIP
TH80H5JA0D,PC,RFC,WIP
TH80H5JA0L,PC,RFC,WIP
TH80H5JA0M,PC,RFC,WIP
TH80H5JR0L,PC,RFC,WIP
TH80H5PB1R,PC,RFC,WIP
TH80H5PP2D,PC,RFC,WIP
TH80H5PP2R,PC,RFC,WIP
TH80H6JA0D,PC,RFC,WIP
TH80H6JA0L,PC,RFC,WIP
TH80H6JA0M,PC,RFC,WIP
TH80H6JR0L,PC,RFC,WIP
TH80H6PB1R,PC,RFC,WIP
THD5OP00P,PC,RFC,WIP
THD5OP14B,PC,RFC,WIP
THD5OP16B,PC,RFC,WIP
THD5OP20P,PC,RFC,WIP
THD5OP66B,PC,RFC,WIP
THD5OP86B,PC,RFC,WIP
THD6OP14B,PC,RFC,WIP
THF4OJ00A,PC,RFC,WIP
THF4OJ00R,PC,RFC,WIP
THF4OJ10A,PC,RFC,WIP
THF4OJ10R,PC,RFC,WIP
THF4OJ20A,PC,RFC,WIP
THF4OJ20R,PC,RFC,WIP
THF4OJ60R,PC,RFC,WIP
THF4OJ70R,PC,RFC,WIP
THF4OJ80A,PC,RFC,WIP
THF4OJ80R,PC,RFC,WIP
THF4ON14R,PC,RFC,WIP
THF4ON16R,PC,RFC,WIP
THF4ON66R,PC,RFC,WIP
THF4ON86R,PC,RFC,WIP
THF5OJ00A,PC,RFC,WIP
THF5OJ00R,PC,RFC,WIP
THF5OJ10A,PC,RFC,WIP
THF5OJ20A,PC,RFC,WIP
THF5OJ20R,PC,RFC,WIP
THF5OJ60R,PC,RFC,WIP
THF5OJ70R,PC,RFC,WIP
THF5OJ80A,PC,RFC,WIP
THF5OJ80R,PC,RFC,WIP
THF5OP00P,PC,RFC,WIP
THF5OP14B,PC,RFC,WIP
THF5OP16B,PC,RFC,WIP
THF5OP20P,PC,RFC,WIP
THF5OP66B,PC,RFC,WIP
THF5OP86B,PC,RFC,WIP
THF6OJ00A,PC,RFC,WIP
THF6OJ10A,PC,RFC,WIP
THF6OJ20A,PC,RFC,WIP
THF6OJ20R,PC,RFC,WIP
THF6OP14B,PC,RFC,WIP
THF6OP16B,PC,RFC,WIP
THI5OP00P,PC,RFC,WIP
THI5OP14B,PC,RFC,WIP
THI5OP16B,PC,RFC,WIP
THI5OP20P,PC,RFC,WIP
THI5OP66B,PC,RFC,WIP
THI5OP86B,PC,RFC,WIP
THI6OP14B,PC,RFC,WIP
THY5A00,PC,RFC,WIP
THY5A16,PC,RFC,WIP
THY5A60,PC,RFC,WIP
THY5A62,PC,RFC,WIP
THY5A66,PC,RFC,WIP
THY5A70,PC,RFC,WIP
THY5A80,PC,RFC,WIP
THY5A82,PC,RFC,WIP
THY5A86,PC,RFC,WIP
TL1210X080DEVICE,EA,EVS,HFG
TL1210X110DEVICE,EA,EVS,HFG
TL1210X130DEVICE,EA,EVS,HFG
TL1210X150DEVICE,EA,EVS,HFG
TL1210X170DEVICE,EA,EVS,HFG
TL1312X080DEVICE,EA,EVS,HFG
TL1312X110DEVICE,EA,EVS,HFG
TL1312X130DEVICE,EA,EVS,HFG
TL1512X080DEVICE,EA,EVS,HFG
TL1512X110DEVICE,EA,EVS,HFG
TL1512X130DEVICE,EA,EVS,HFG
TL1712X080DEVICE,EA,EVS,HFG
TL1712X110DEVICE,EA,EVS,HFG
TL1712X110DEVTRN,EA,EVS,HFG
TL1712X130DEVICE,EA,EVS,HFG
TL1910X100DEVICE,EA,EVS,HFG
TL1912X085DEVICE,EA,EVS,HFG
TL1912X110DEVICE,EA,EVS,HFG
TL1912X130DEVICE,EA,EVS,HFG
TL1917X082DEVICE,EA,EVS,HFG
TL1917X110DEVICE,EA,EVS,HFG
TL1917X130DEVICE,EA,EVS,HFG
TL2112X085DEVICE,EA,EVS,HFG
TL2112X110DEVICE,EA,EVS,HFG
TL2112X130DEVICE,EA,EVS,HFG
TL2117X085DEVICE,EA,EVS,HFG
TL2117X110DEVICE,EA,EVS,HFG
TL2117X130DEVICE,EA,EVS,HFG
TL2312X090DEVICE,EA,EVS,HFG
TL2312X110DEVICE,EA,EVS,HFG
TL2312X130DEVICE,EA,EVS,HFG
TL2317X088DEVICE,EA,EVS,HFG
TL2317X110DEVICE,EA,EVS,HFG
TL2317X130DEVICE,EA,EVS,HFG
TS00X801V,PC,SPSF,RM
TS01C012CY,PC,SPSF,RM
TS01C012CY(S),PC,SPSF,WIP
TS01X087V,PC,SPSF,RM
TS01X813V,PC,SPSF,RM
TS40X511RSV,PC,IK,RM
TS40X511RSVA,PC,IK,RM
TS61X000V,M,SPSF,RM
TS61X004V,RL,SPSF,RM
TS61X005V,RL,SPSF,RM
TS63X004V,PC,EVS,RM
TS63X100V,PC,SPSF,RM
TVC70H5JA000,EA,RFC,HFG
TVC70H5JA001,EA,RFC,HFG
TVC70H5JA010,EA,RFC,HFG
TVC70H5JA011,EA,RFC,HFG
TVC70H5PB116,EA,RFC,HFG
TVC70H6JA000,EA,RFC,HFG
TVC70H6JA001,EA,RFC,HFG
TVC70H6JA010,EA,RFC,HFG
TVC70H6JA011,EA,RFC,HFG
TVC70H6PB116,EA,RFC,HFG
TVC80G4L,EA,RFC,HFG
TVC80G4LL,PC,RFC,WIP
TVC80G4M,EA,RFC,HFG
TVC80G4ML,PC,RFC,WIP
TVC80G4S,EA,RFC,HFG
TVC80G4SL,PC,RFC,WIP
TVC80G5L,EA,RFC,HFG
TVC80G5LL,PC,RFC,WIP
TVC80G5M,EA,RFC,HFG
TVC80G5ML,PC,RFC,WIP
TVC80G5S,EA,RFC,HFG
TVC80G5SL,PC,RFC,WIP
VP2000,KG,SPSF,RM
WS01X002N1Y,PC,SPSF,RM
WS01X004V,PC,SPSF,RM
XX11X911E,G,CM,RM
YY00XB110A110,RL,CM,RM
YY00XB110A130,RL,IK,RM
YY00XB110A30,RL,CM,RM
YY00XB110A70,RL,GW,RM
YY25X550APV,PC,RFC,RM
YY25XB10SLV,PC,RFC,RM
YY25XBF86GV,PC,GW,RM
YY25XX9458V,PC,RFC,RM
YYMF11354V,RL,GW,RM
